id,tma_mdpl
2025-09-19 06:00:00 - Arjowinangun - Pacitan,0.8
2025-09-19 12:00:00 - Arjowinangun - Pacitan,0.9
2025-09-19 18:00:00 - Arjowinangun - Pacitan,0.7397049779924214
2025-09-20 06:00:00 - Arjowinangun - Pacitan,0.8
2025-09-20 12:00:00 - Arjowinangun - Pacitan,0.9
2025-09-20 18:00:00 - Arjowinangun - Pacitan,0.7397049779924214
2025-09-21 06:00:00 - Arjowinangun - Pacitan,0.8
2025-09-21 12:00:00 - Arjowinangun - Pacitan,0.9
2025-09-21 18:00:00 - Arjowinangun - Pacitan,0.7397049779924214
2025-09-22 06:00:00 - Arjowinangun - Pacitan,0.8
2025-09-22 12:00:00 - Arjowinangun - Pacitan,0.9
2025-09-22 18:00:00 - Arjowinangun - Pacitan,0.7397049779924214
2025-09-23 06:00:00 - Arjowinangun - Pacitan,0.8
2025-09-23 12:00:00 - Arjowinangun - Pacitan,0.9
2025-09-23 18:00:00 - Arjowinangun - Pacitan,0.7397049779924214
2025-09-24 06:00:00 - Arjowinangun - Pacitan,0.8
2025-09-24 12:00:00 - Arjowinangun - Pacitan,0.9
2025-09-24 18:00:00 - Arjowinangun - Pacitan,0.7397049779924214
2025-09-25 06:00:00 - Arjowinangun - Pacitan,0.8
2025-09-25 12:00:00 - Arjowinangun - Pacitan,0.9
2025-09-25 18:00:00 - Arjowinangun - Pacitan,0.7397049779924214
2025-09-26 06:00:00 - Arjowinangun - Pacitan,0.8
2025-09-26 12:00:00 - Arjowinangun - Pacitan,0.9
2025-09-26 18:00:00 - Arjowinangun - Pacitan,0.7397049779924214
2025-09-27 06:00:00 - Arjowinangun - Pacitan,0.8
2025-09-27 12:00:00 - Arjowinangun - Pacitan,0.9
2025-09-27 18:00:00 - Arjowinangun - Pacitan,0.7397049779924214
2025-09-28 06:00:00 - Arjowinangun - Pacitan,0.8
2025-09-28 12:00:00 - Arjowinangun - Pacitan,0.9
2025-09-28 18:00:00 - Arjowinangun - Pacitan,0.7397049779924214
2025-09-29 06:00:00 - Arjowinangun - Pacitan,0.8
2025-09-29 12:00:00 - Arjowinangun - Pacitan,0.9
2025-09-29 18:00:00 - Arjowinangun - Pacitan,0.7397049779924214
2025-09-30 06:00:00 - Arjowinangun - Pacitan,0.8
2025-09-30 12:00:00 - Arjowinangun - Pacitan,0.9
2025-09-30 18:00:00 - Arjowinangun - Pacitan,0.7397049779924214
2025-10-01 06:00:00 - Arjowinangun - Pacitan,0.8
2025-10-01 12:00:00 - Arjowinangun - Pacitan,0.9
2025-10-01 18:00:00 - Arjowinangun - Pacitan,0.7012083791847596
2025-10-02 06:00:00 - Arjowinangun - Pacitan,0.8
2025-10-02 12:00:00 - Arjowinangun - Pacitan,0.9
2025-10-02 18:00:00 - Arjowinangun - Pacitan,0.7012083791847596
2025-10-03 06:00:00 - Arjowinangun - Pacitan,0.8
2025-10-03 12:00:00 - Arjowinangun - Pacitan,0.9
2025-10-03 18:00:00 - Arjowinangun - Pacitan,0.7012083791847596
2025-10-04 06:00:00 - Arjowinangun - Pacitan,0.8
2025-10-04 12:00:00 - Arjowinangun - Pacitan,0.9
2025-10-04 18:00:00 - Arjowinangun - Pacitan,0.7012083791847596
2025-10-05 06:00:00 - Arjowinangun - Pacitan,0.8
2025-10-05 12:00:00 - Arjowinangun - Pacitan,0.9
2025-10-05 18:00:00 - Arjowinangun - Pacitan,0.7012083791847596
2025-10-06 06:00:00 - Arjowinangun - Pacitan,0.8
2025-10-06 12:00:00 - Arjowinangun - Pacitan,0.9
2025-10-06 18:00:00 - Arjowinangun - Pacitan,0.7012083791847596
2025-10-07 06:00:00 - Arjowinangun - Pacitan,0.8
2025-10-07 12:00:00 - Arjowinangun - Pacitan,0.9
2025-10-07 18:00:00 - Arjowinangun - Pacitan,0.7012083791847596
2025-10-08 06:00:00 - Arjowinangun - Pacitan,0.8
2025-10-08 12:00:00 - Arjowinangun - Pacitan,0.9
2025-10-08 18:00:00 - Arjowinangun - Pacitan,0.7012083791847596
2025-10-09 06:00:00 - Arjowinangun - Pacitan,0.8
2025-10-09 12:00:00 - Arjowinangun - Pacitan,0.9
2025-10-09 18:00:00 - Arjowinangun - Pacitan,0.7012083791847596
2025-10-10 06:00:00 - Arjowinangun - Pacitan,0.8
2025-10-10 12:00:00 - Arjowinangun - Pacitan,0.9
2025-10-10 18:00:00 - Arjowinangun - Pacitan,0.7012083791847596
2025-10-11 06:00:00 - Arjowinangun - Pacitan,0.8
2025-10-11 12:00:00 - Arjowinangun - Pacitan,0.9
2025-10-11 18:00:00 - Arjowinangun - Pacitan,0.7012083791847596
2025-10-12 06:00:00 - Arjowinangun - Pacitan,0.8
2025-10-12 12:00:00 - Arjowinangun - Pacitan,0.9
2025-10-12 18:00:00 - Arjowinangun - Pacitan,0.7012083791847596
2025-10-13 06:00:00 - Arjowinangun - Pacitan,0.8
2025-10-13 12:00:00 - Arjowinangun - Pacitan,0.9
2025-10-13 18:00:00 - Arjowinangun - Pacitan,0.7012083791847596
2025-10-14 06:00:00 - Arjowinangun - Pacitan,0.8
2025-10-14 12:00:00 - Arjowinangun - Pacitan,0.9
2025-10-14 18:00:00 - Arjowinangun - Pacitan,0.7012083791847596
2025-10-15 06:00:00 - Arjowinangun - Pacitan,0.8
2025-10-15 12:00:00 - Arjowinangun - Pacitan,0.9
2025-10-15 18:00:00 - Arjowinangun - Pacitan,0.7012083791847596
2025-10-16 06:00:00 - Arjowinangun - Pacitan,0.8
2025-10-16 12:00:00 - Arjowinangun - Pacitan,0.9
2025-10-16 18:00:00 - Arjowinangun - Pacitan,0.7012083791847596
2025-10-17 06:00:00 - Arjowinangun - Pacitan,0.8
2025-10-17 12:00:00 - Arjowinangun - Pacitan,0.9
2025-10-17 18:00:00 - Arjowinangun - Pacitan,0.7012083791847596
2025-10-18 06:00:00 - Arjowinangun - Pacitan,0.8
2025-10-18 12:00:00 - Arjowinangun - Pacitan,0.9
2025-10-18 18:00:00 - Arjowinangun - Pacitan,0.7012083791847596
2025-10-19 06:00:00 - Arjowinangun - Pacitan,0.8
2025-10-19 12:00:00 - Arjowinangun - Pacitan,0.9
2025-10-19 18:00:00 - Arjowinangun - Pacitan,0.7012083791847596
2025-10-20 06:00:00 - Arjowinangun - Pacitan,0.8
2025-10-20 12:00:00 - Arjowinangun - Pacitan,0.9
2025-10-20 18:00:00 - Arjowinangun - Pacitan,0.7012083791847596
2025-10-21 06:00:00 - Arjowinangun - Pacitan,0.8
2025-10-21 12:00:00 - Arjowinangun - Pacitan,0.9
2025-10-21 18:00:00 - Arjowinangun - Pacitan,0.7012083791847596
2025-10-22 06:00:00 - Arjowinangun - Pacitan,0.8
2025-10-22 12:00:00 - Arjowinangun - Pacitan,0.9
2025-10-22 18:00:00 - Arjowinangun - Pacitan,0.7012083791847596
2025-10-23 06:00:00 - Arjowinangun - Pacitan,0.8
2025-10-23 12:00:00 - Arjowinangun - Pacitan,0.9
2025-10-23 18:00:00 - Arjowinangun - Pacitan,0.7012083791847596
2025-10-24 06:00:00 - Arjowinangun - Pacitan,0.8
2025-10-24 12:00:00 - Arjowinangun - Pacitan,0.9
2025-10-24 18:00:00 - Arjowinangun - Pacitan,0.7012083791847596
2025-10-25 06:00:00 - Arjowinangun - Pacitan,0.8
2025-10-25 12:00:00 - Arjowinangun - Pacitan,0.9
2025-10-25 18:00:00 - Arjowinangun - Pacitan,0.7012083791847596
2025-10-26 06:00:00 - Arjowinangun - Pacitan,0.8
2025-10-26 12:00:00 - Arjowinangun - Pacitan,0.9
2025-10-26 18:00:00 - Arjowinangun - Pacitan,0.7012083791847596
2025-10-27 06:00:00 - Arjowinangun - Pacitan,0.8
2025-10-27 12:00:00 - Arjowinangun - Pacitan,0.9
2025-10-27 18:00:00 - Arjowinangun - Pacitan,0.7012083791847596
2025-10-28 06:00:00 - Arjowinangun - Pacitan,0.8
2025-10-28 12:00:00 - Arjowinangun - Pacitan,0.9
2025-10-28 18:00:00 - Arjowinangun - Pacitan,0.7012083791847596
2025-10-29 06:00:00 - Arjowinangun - Pacitan,0.8
2025-10-29 12:00:00 - Arjowinangun - Pacitan,0.9
2025-10-29 18:00:00 - Arjowinangun - Pacitan,0.7012083791847596
2025-10-30 06:00:00 - Arjowinangun - Pacitan,0.8
2025-10-30 12:00:00 - Arjowinangun - Pacitan,0.9
2025-10-30 18:00:00 - Arjowinangun - Pacitan,0.7012083791847596
2025-10-31 06:00:00 - Arjowinangun - Pacitan,0.8
2025-10-31 12:00:00 - Arjowinangun - Pacitan,0.9
2025-10-31 18:00:00 - Arjowinangun - Pacitan,0.7012083791847596
2025-11-01 06:00:00 - Arjowinangun - Pacitan,0.825
2025-11-01 12:00:00 - Arjowinangun - Pacitan,0.9605643430634898
2025-11-01 18:00:00 - Arjowinangun - Pacitan,1.0
2025-11-02 06:00:00 - Arjowinangun - Pacitan,0.825
2025-11-02 12:00:00 - Arjowinangun - Pacitan,0.9605643430634898
2025-11-02 18:00:00 - Arjowinangun - Pacitan,1.0
2025-11-03 06:00:00 - Arjowinangun - Pacitan,0.825
2025-11-03 12:00:00 - Arjowinangun - Pacitan,0.9605643430634898
2025-11-03 18:00:00 - Arjowinangun - Pacitan,1.0
2025-11-04 06:00:00 - Arjowinangun - Pacitan,0.825
2025-11-04 12:00:00 - Arjowinangun - Pacitan,0.9605643430634898
2025-11-04 18:00:00 - Arjowinangun - Pacitan,1.0
2025-11-05 06:00:00 - Arjowinangun - Pacitan,0.825
2025-11-05 12:00:00 - Arjowinangun - Pacitan,0.9605643430634898
2025-11-05 18:00:00 - Arjowinangun - Pacitan,1.0
2025-11-06 06:00:00 - Arjowinangun - Pacitan,0.825
2025-11-06 12:00:00 - Arjowinangun - Pacitan,0.9605643430634898
2025-11-06 18:00:00 - Arjowinangun - Pacitan,1.0
2025-11-07 06:00:00 - Arjowinangun - Pacitan,0.825
2025-11-07 12:00:00 - Arjowinangun - Pacitan,0.9605643430634898
2025-11-07 18:00:00 - Arjowinangun - Pacitan,1.0
2025-11-08 06:00:00 - Arjowinangun - Pacitan,0.825
2025-11-08 12:00:00 - Arjowinangun - Pacitan,0.9605643430634898
2025-11-08 18:00:00 - Arjowinangun - Pacitan,1.0
2025-11-09 06:00:00 - Arjowinangun - Pacitan,0.825
2025-11-09 12:00:00 - Arjowinangun - Pacitan,0.9605643430634898
2025-11-09 18:00:00 - Arjowinangun - Pacitan,1.0
2025-11-10 06:00:00 - Arjowinangun - Pacitan,0.825
2025-11-10 12:00:00 - Arjowinangun - Pacitan,0.9605643430634898
2025-11-10 18:00:00 - Arjowinangun - Pacitan,1.0
2025-11-11 06:00:00 - Arjowinangun - Pacitan,0.825
2025-11-11 12:00:00 - Arjowinangun - Pacitan,0.9605643430634898
2025-11-11 18:00:00 - Arjowinangun - Pacitan,1.0
2025-11-12 06:00:00 - Arjowinangun - Pacitan,0.825
2025-11-12 12:00:00 - Arjowinangun - Pacitan,0.9605643430634898
2025-11-12 18:00:00 - Arjowinangun - Pacitan,1.0
2025-11-13 06:00:00 - Arjowinangun - Pacitan,0.825
2025-11-13 12:00:00 - Arjowinangun - Pacitan,0.9605643430634898
2025-11-13 18:00:00 - Arjowinangun - Pacitan,1.0
2025-11-14 06:00:00 - Arjowinangun - Pacitan,0.825
2025-11-14 12:00:00 - Arjowinangun - Pacitan,0.9605643430634898
2025-11-14 18:00:00 - Arjowinangun - Pacitan,1.0
2025-11-15 06:00:00 - Arjowinangun - Pacitan,0.825
2025-11-15 12:00:00 - Arjowinangun - Pacitan,0.9605643430634898
2025-11-15 18:00:00 - Arjowinangun - Pacitan,1.0
2025-11-16 06:00:00 - Arjowinangun - Pacitan,0.825
2025-11-16 12:00:00 - Arjowinangun - Pacitan,0.9605643430634898
2025-11-16 18:00:00 - Arjowinangun - Pacitan,1.0
2025-11-17 06:00:00 - Arjowinangun - Pacitan,0.825
2025-11-17 12:00:00 - Arjowinangun - Pacitan,0.9605643430634898
2025-11-17 18:00:00 - Arjowinangun - Pacitan,1.0
2025-11-18 06:00:00 - Arjowinangun - Pacitan,0.825
2025-11-18 12:00:00 - Arjowinangun - Pacitan,0.9605643430634898
2025-11-18 18:00:00 - Arjowinangun - Pacitan,1.0
2025-11-19 06:00:00 - Arjowinangun - Pacitan,0.825
2025-11-19 12:00:00 - Arjowinangun - Pacitan,0.9605643430634898
2025-11-19 18:00:00 - Arjowinangun - Pacitan,1.0
2025-11-20 06:00:00 - Arjowinangun - Pacitan,0.825
2025-11-20 12:00:00 - Arjowinangun - Pacitan,0.9605643430634898
2025-11-20 18:00:00 - Arjowinangun - Pacitan,1.0
2025-11-21 06:00:00 - Arjowinangun - Pacitan,0.825
2025-11-21 12:00:00 - Arjowinangun - Pacitan,0.9605643430634898
2025-11-21 18:00:00 - Arjowinangun - Pacitan,1.0
2025-11-22 06:00:00 - Arjowinangun - Pacitan,0.825
2025-11-22 12:00:00 - Arjowinangun - Pacitan,0.9605643430634898
2025-11-22 18:00:00 - Arjowinangun - Pacitan,1.0
2025-11-23 06:00:00 - Arjowinangun - Pacitan,0.825
2025-11-23 12:00:00 - Arjowinangun - Pacitan,0.9605643430634898
2025-11-23 18:00:00 - Arjowinangun - Pacitan,1.0
2025-11-24 06:00:00 - Arjowinangun - Pacitan,0.825
2025-11-24 12:00:00 - Arjowinangun - Pacitan,0.9605643430634898
2025-11-24 18:00:00 - Arjowinangun - Pacitan,1.0
2025-11-25 06:00:00 - Arjowinangun - Pacitan,0.825
2025-11-25 12:00:00 - Arjowinangun - Pacitan,0.9605643430634898
2025-11-25 18:00:00 - Arjowinangun - Pacitan,1.0
2025-11-26 06:00:00 - Arjowinangun - Pacitan,0.825
2025-11-26 12:00:00 - Arjowinangun - Pacitan,0.9605643430634898
2025-11-26 18:00:00 - Arjowinangun - Pacitan,1.0
2025-11-27 06:00:00 - Arjowinangun - Pacitan,0.825
2025-11-27 12:00:00 - Arjowinangun - Pacitan,0.9605643430634898
2025-11-27 18:00:00 - Arjowinangun - Pacitan,1.0
2025-11-28 06:00:00 - Arjowinangun - Pacitan,0.825
2025-11-28 12:00:00 - Arjowinangun - Pacitan,0.9605643430634898
2025-11-28 18:00:00 - Arjowinangun - Pacitan,1.0
2025-11-29 06:00:00 - Arjowinangun - Pacitan,0.825
2025-11-29 12:00:00 - Arjowinangun - Pacitan,0.9605643430634898
2025-11-29 18:00:00 - Arjowinangun - Pacitan,1.0
2025-11-30 06:00:00 - Arjowinangun - Pacitan,0.825
2025-11-30 12:00:00 - Arjowinangun - Pacitan,0.9605643430634898
2025-11-30 18:00:00 - Arjowinangun - Pacitan,1.0
2025-12-01 06:00:00 - Arjowinangun - Pacitan,0.925
2025-12-01 12:00:00 - Arjowinangun - Pacitan,1.0750000000000002
2025-12-01 18:00:00 - Arjowinangun - Pacitan,1.1661178888869965
2025-12-02 06:00:00 - Arjowinangun - Pacitan,0.925
2025-12-02 12:00:00 - Arjowinangun - Pacitan,1.0750000000000002
2025-12-02 18:00:00 - Arjowinangun - Pacitan,1.1661178888869965
2025-12-03 06:00:00 - Arjowinangun - Pacitan,0.925
2025-12-03 12:00:00 - Arjowinangun - Pacitan,1.0750000000000002
2025-12-03 18:00:00 - Arjowinangun - Pacitan,1.1661178888869965
2025-12-04 06:00:00 - Arjowinangun - Pacitan,0.925
2025-12-04 12:00:00 - Arjowinangun - Pacitan,1.0750000000000002
2025-12-04 18:00:00 - Arjowinangun - Pacitan,1.1661178888869965
2025-12-05 06:00:00 - Arjowinangun - Pacitan,0.925
2025-12-05 12:00:00 - Arjowinangun - Pacitan,1.0750000000000002
2025-12-05 18:00:00 - Arjowinangun - Pacitan,1.1661178888869965
2025-12-06 06:00:00 - Arjowinangun - Pacitan,0.925
2025-12-06 12:00:00 - Arjowinangun - Pacitan,1.0750000000000002
2025-12-06 18:00:00 - Arjowinangun - Pacitan,1.1661178888869965
2025-12-07 06:00:00 - Arjowinangun - Pacitan,0.925
2025-12-07 12:00:00 - Arjowinangun - Pacitan,1.0750000000000002
2025-12-07 18:00:00 - Arjowinangun - Pacitan,1.1661178888869965
2025-12-08 06:00:00 - Arjowinangun - Pacitan,0.925
2025-12-08 12:00:00 - Arjowinangun - Pacitan,1.0750000000000002
2025-12-08 18:00:00 - Arjowinangun - Pacitan,1.1661178888869965
2025-12-09 06:00:00 - Arjowinangun - Pacitan,0.925
2025-12-09 12:00:00 - Arjowinangun - Pacitan,1.0750000000000002
2025-12-09 18:00:00 - Arjowinangun - Pacitan,1.1661178888869965
2025-12-10 06:00:00 - Arjowinangun - Pacitan,0.925
2025-12-10 12:00:00 - Arjowinangun - Pacitan,1.0750000000000002
2025-12-10 18:00:00 - Arjowinangun - Pacitan,1.1661178888869965
2025-12-11 06:00:00 - Arjowinangun - Pacitan,0.925
2025-12-11 12:00:00 - Arjowinangun - Pacitan,1.0750000000000002
2025-12-11 18:00:00 - Arjowinangun - Pacitan,1.1661178888869965
2025-12-12 06:00:00 - Arjowinangun - Pacitan,0.925
2025-12-12 12:00:00 - Arjowinangun - Pacitan,1.0750000000000002
2025-12-12 18:00:00 - Arjowinangun - Pacitan,1.1661178888869965
2025-12-13 06:00:00 - Arjowinangun - Pacitan,0.925
2025-12-13 12:00:00 - Arjowinangun - Pacitan,1.0750000000000002
2025-12-13 18:00:00 - Arjowinangun - Pacitan,1.1661178888869965
2025-12-14 06:00:00 - Arjowinangun - Pacitan,0.925
2025-12-14 12:00:00 - Arjowinangun - Pacitan,1.0750000000000002
2025-12-14 18:00:00 - Arjowinangun - Pacitan,1.1661178888869965
2025-12-15 06:00:00 - Arjowinangun - Pacitan,0.925
2025-12-15 12:00:00 - Arjowinangun - Pacitan,1.0750000000000002
2025-12-15 18:00:00 - Arjowinangun - Pacitan,1.1661178888869965
2025-12-16 06:00:00 - Arjowinangun - Pacitan,0.925
2025-12-16 12:00:00 - Arjowinangun - Pacitan,1.0750000000000002
2025-12-16 18:00:00 - Arjowinangun - Pacitan,1.1661178888869965
2025-12-17 06:00:00 - Arjowinangun - Pacitan,0.925
2025-12-17 12:00:00 - Arjowinangun - Pacitan,1.0750000000000002
2025-12-17 18:00:00 - Arjowinangun - Pacitan,1.1661178888869965
2025-12-18 06:00:00 - Arjowinangun - Pacitan,0.925
2025-12-18 12:00:00 - Arjowinangun - Pacitan,1.0750000000000002
2025-12-18 18:00:00 - Arjowinangun - Pacitan,1.1661178888869965
2025-12-19 06:00:00 - Arjowinangun - Pacitan,0.925
2025-12-19 12:00:00 - Arjowinangun - Pacitan,1.0750000000000002
2025-12-19 18:00:00 - Arjowinangun - Pacitan,1.1661178888869965
2025-12-20 06:00:00 - Arjowinangun - Pacitan,0.925
2025-12-20 12:00:00 - Arjowinangun - Pacitan,1.0750000000000002
2025-12-20 18:00:00 - Arjowinangun - Pacitan,1.1661178888869965
2025-12-21 06:00:00 - Arjowinangun - Pacitan,0.925
2025-12-21 12:00:00 - Arjowinangun - Pacitan,1.0750000000000002
2025-12-21 18:00:00 - Arjowinangun - Pacitan,1.1661178888869965
2025-12-22 06:00:00 - Arjowinangun - Pacitan,0.925
2025-12-22 12:00:00 - Arjowinangun - Pacitan,1.0750000000000002
2025-12-22 18:00:00 - Arjowinangun - Pacitan,1.1661178888869965
2025-12-23 06:00:00 - Arjowinangun - Pacitan,0.925
2025-12-23 12:00:00 - Arjowinangun - Pacitan,1.0750000000000002
2025-12-23 18:00:00 - Arjowinangun - Pacitan,1.1661178888869965
2025-12-24 06:00:00 - Arjowinangun - Pacitan,0.925
2025-12-24 12:00:00 - Arjowinangun - Pacitan,1.0750000000000002
2025-12-24 18:00:00 - Arjowinangun - Pacitan,1.1661178888869965
2025-12-25 06:00:00 - Arjowinangun - Pacitan,0.925
2025-12-25 12:00:00 - Arjowinangun - Pacitan,1.0750000000000002
2025-12-25 18:00:00 - Arjowinangun - Pacitan,1.1661178888869965
2025-12-26 06:00:00 - Arjowinangun - Pacitan,0.925
2025-12-26 12:00:00 - Arjowinangun - Pacitan,1.0750000000000002
2025-12-26 18:00:00 - Arjowinangun - Pacitan,1.1661178888869965
2025-12-27 06:00:00 - Arjowinangun - Pacitan,0.925
2025-12-27 12:00:00 - Arjowinangun - Pacitan,1.0750000000000002
2025-12-27 18:00:00 - Arjowinangun - Pacitan,1.1661178888869965
2025-12-28 06:00:00 - Arjowinangun - Pacitan,0.925
2025-12-28 12:00:00 - Arjowinangun - Pacitan,1.0750000000000002
2025-12-28 18:00:00 - Arjowinangun - Pacitan,1.1661178888869965
2025-12-29 06:00:00 - Arjowinangun - Pacitan,0.925
2025-12-29 12:00:00 - Arjowinangun - Pacitan,1.0750000000000002
2025-12-29 18:00:00 - Arjowinangun - Pacitan,1.1661178888869965
2025-12-30 06:00:00 - Arjowinangun - Pacitan,0.925
2025-12-30 12:00:00 - Arjowinangun - Pacitan,1.0750000000000002
2025-12-30 18:00:00 - Arjowinangun - Pacitan,1.1661178888869965
2025-12-31 06:00:00 - Arjowinangun - Pacitan,0.925
2025-12-31 12:00:00 - Arjowinangun - Pacitan,1.0750000000000002
2025-12-31 18:00:00 - Arjowinangun - Pacitan,1.1661178888869965
2026-01-01 06:00:00 - Arjowinangun - Pacitan,1.089049001200746
2026-01-01 12:00:00 - Arjowinangun - Pacitan,1.25
2026-01-01 18:00:00 - Arjowinangun - Pacitan,1.25
2026-01-02 06:00:00 - Arjowinangun - Pacitan,1.089049001200746
2026-01-02 12:00:00 - Arjowinangun - Pacitan,1.25
2026-01-02 18:00:00 - Arjowinangun - Pacitan,1.25
2026-01-03 06:00:00 - Arjowinangun - Pacitan,1.089049001200746
2026-01-03 12:00:00 - Arjowinangun - Pacitan,1.25
2026-01-03 18:00:00 - Arjowinangun - Pacitan,1.25
2026-01-04 06:00:00 - Arjowinangun - Pacitan,1.089049001200746
2026-01-04 12:00:00 - Arjowinangun - Pacitan,1.25
2026-01-04 18:00:00 - Arjowinangun - Pacitan,1.25
2026-01-05 06:00:00 - Arjowinangun - Pacitan,1.089049001200746
2026-01-05 12:00:00 - Arjowinangun - Pacitan,1.25
2026-01-05 18:00:00 - Arjowinangun - Pacitan,1.25
2026-01-06 06:00:00 - Arjowinangun - Pacitan,1.089049001200746
2026-01-06 12:00:00 - Arjowinangun - Pacitan,1.25
2026-01-06 18:00:00 - Arjowinangun - Pacitan,1.25
2026-01-07 06:00:00 - Arjowinangun - Pacitan,1.089049001200746
2026-01-07 12:00:00 - Arjowinangun - Pacitan,1.25
2026-01-07 18:00:00 - Arjowinangun - Pacitan,1.25
2026-01-08 06:00:00 - Arjowinangun - Pacitan,1.089049001200746
2026-01-08 12:00:00 - Arjowinangun - Pacitan,1.25
2026-01-08 18:00:00 - Arjowinangun - Pacitan,1.25
2026-01-09 06:00:00 - Arjowinangun - Pacitan,1.089049001200746
2026-01-09 12:00:00 - Arjowinangun - Pacitan,1.25
2026-01-09 18:00:00 - Arjowinangun - Pacitan,1.25
2026-01-10 06:00:00 - Arjowinangun - Pacitan,1.089049001200746
2026-01-10 12:00:00 - Arjowinangun - Pacitan,1.25
2026-01-10 18:00:00 - Arjowinangun - Pacitan,1.25
2026-01-11 06:00:00 - Arjowinangun - Pacitan,1.089049001200746
2026-01-11 12:00:00 - Arjowinangun - Pacitan,1.25
2026-01-11 18:00:00 - Arjowinangun - Pacitan,1.25
2026-01-12 06:00:00 - Arjowinangun - Pacitan,1.089049001200746
2026-01-12 12:00:00 - Arjowinangun - Pacitan,1.25
2026-01-12 18:00:00 - Arjowinangun - Pacitan,1.25
2026-01-13 06:00:00 - Arjowinangun - Pacitan,1.089049001200746
2026-01-13 12:00:00 - Arjowinangun - Pacitan,1.25
2026-01-13 18:00:00 - Arjowinangun - Pacitan,1.25
2026-01-14 06:00:00 - Arjowinangun - Pacitan,1.089049001200746
2026-01-14 12:00:00 - Arjowinangun - Pacitan,1.25
2026-01-14 18:00:00 - Arjowinangun - Pacitan,1.25
2026-01-15 06:00:00 - Arjowinangun - Pacitan,1.089049001200746
2026-01-15 12:00:00 - Arjowinangun - Pacitan,1.25
2026-01-15 18:00:00 - Arjowinangun - Pacitan,1.25
2026-01-16 06:00:00 - Arjowinangun - Pacitan,1.089049001200746
2026-01-16 12:00:00 - Arjowinangun - Pacitan,1.25
2026-01-16 18:00:00 - Arjowinangun - Pacitan,1.25
2026-01-17 06:00:00 - Arjowinangun - Pacitan,1.089049001200746
2026-01-17 12:00:00 - Arjowinangun - Pacitan,1.25
2026-01-17 18:00:00 - Arjowinangun - Pacitan,1.25
2026-01-18 06:00:00 - Arjowinangun - Pacitan,1.089049001200746
2026-01-18 12:00:00 - Arjowinangun - Pacitan,1.25
2026-01-18 18:00:00 - Arjowinangun - Pacitan,1.25
2026-01-19 06:00:00 - Arjowinangun - Pacitan,1.089049001200746
2026-01-19 12:00:00 - Arjowinangun - Pacitan,1.25
2026-01-19 18:00:00 - Arjowinangun - Pacitan,1.25
2026-01-20 06:00:00 - Arjowinangun - Pacitan,1.089049001200746
2026-01-20 12:00:00 - Arjowinangun - Pacitan,1.25
2026-01-20 18:00:00 - Arjowinangun - Pacitan,1.25
2026-01-21 06:00:00 - Arjowinangun - Pacitan,1.089049001200746
2026-01-21 12:00:00 - Arjowinangun - Pacitan,1.25
2026-01-21 18:00:00 - Arjowinangun - Pacitan,1.25
2026-01-22 06:00:00 - Arjowinangun - Pacitan,1.089049001200746
2026-01-22 12:00:00 - Arjowinangun - Pacitan,1.25
2026-01-22 18:00:00 - Arjowinangun - Pacitan,1.25
2026-01-23 06:00:00 - Arjowinangun - Pacitan,1.089049001200746
2026-01-23 12:00:00 - Arjowinangun - Pacitan,1.25
2026-01-23 18:00:00 - Arjowinangun - Pacitan,1.25
2026-01-24 06:00:00 - Arjowinangun - Pacitan,1.089049001200746
2026-01-24 12:00:00 - Arjowinangun - Pacitan,1.25
2026-01-24 18:00:00 - Arjowinangun - Pacitan,1.25
2026-01-25 06:00:00 - Arjowinangun - Pacitan,1.089049001200746
2026-01-25 12:00:00 - Arjowinangun - Pacitan,1.25
2026-01-25 18:00:00 - Arjowinangun - Pacitan,1.25
2026-01-26 06:00:00 - Arjowinangun - Pacitan,1.089049001200746
2026-01-26 12:00:00 - Arjowinangun - Pacitan,1.25
2026-01-26 18:00:00 - Arjowinangun - Pacitan,1.25
2026-01-27 06:00:00 - Arjowinangun - Pacitan,1.089049001200746
2026-01-27 12:00:00 - Arjowinangun - Pacitan,1.25
2026-01-27 18:00:00 - Arjowinangun - Pacitan,1.25
2026-01-28 06:00:00 - Arjowinangun - Pacitan,1.089049001200746
2026-01-28 12:00:00 - Arjowinangun - Pacitan,1.25
2026-01-28 18:00:00 - Arjowinangun - Pacitan,1.25
2026-01-29 06:00:00 - Arjowinangun - Pacitan,1.089049001200746
2026-01-29 12:00:00 - Arjowinangun - Pacitan,1.25
2026-01-29 18:00:00 - Arjowinangun - Pacitan,1.25
2026-01-30 06:00:00 - Arjowinangun - Pacitan,1.089049001200746
2026-01-30 12:00:00 - Arjowinangun - Pacitan,1.25
2026-01-30 18:00:00 - Arjowinangun - Pacitan,1.25
2026-01-31 06:00:00 - Arjowinangun - Pacitan,1.089049001200746
2026-01-31 12:00:00 - Arjowinangun - Pacitan,1.25
2026-01-31 18:00:00 - Arjowinangun - Pacitan,1.25
2026-02-01 06:00:00 - Arjowinangun - Pacitan,1.35
2026-02-01 12:00:00 - Arjowinangun - Pacitan,1.620012779720427
2026-02-01 18:00:00 - Arjowinangun - Pacitan,1.375
2026-02-02 06:00:00 - Arjowinangun - Pacitan,1.35
2026-02-02 12:00:00 - Arjowinangun - Pacitan,1.620012779720427
2026-02-02 18:00:00 - Arjowinangun - Pacitan,1.375
2026-02-03 06:00:00 - Arjowinangun - Pacitan,1.35
2026-02-03 12:00:00 - Arjowinangun - Pacitan,1.620012779720427
2026-02-03 18:00:00 - Arjowinangun - Pacitan,1.375
2026-02-04 06:00:00 - Arjowinangun - Pacitan,1.35
2026-02-04 12:00:00 - Arjowinangun - Pacitan,1.620012779720427
2026-02-04 18:00:00 - Arjowinangun - Pacitan,1.375
2026-02-05 06:00:00 - Arjowinangun - Pacitan,1.35
2026-02-05 12:00:00 - Arjowinangun - Pacitan,1.620012779720427
2026-02-05 18:00:00 - Arjowinangun - Pacitan,1.375
2026-02-06 06:00:00 - Arjowinangun - Pacitan,1.35
2026-02-06 12:00:00 - Arjowinangun - Pacitan,1.620012779720427
2026-02-06 18:00:00 - Arjowinangun - Pacitan,1.375
2026-02-07 06:00:00 - Arjowinangun - Pacitan,1.35
2026-02-07 12:00:00 - Arjowinangun - Pacitan,1.620012779720427
2026-02-07 18:00:00 - Arjowinangun - Pacitan,1.375
2026-02-08 06:00:00 - Arjowinangun - Pacitan,1.35
2026-02-08 12:00:00 - Arjowinangun - Pacitan,1.620012779720427
2026-02-08 18:00:00 - Arjowinangun - Pacitan,1.375
2026-02-09 06:00:00 - Arjowinangun - Pacitan,1.35
2026-02-09 12:00:00 - Arjowinangun - Pacitan,1.620012779720427
2026-02-09 18:00:00 - Arjowinangun - Pacitan,1.375
2026-02-10 06:00:00 - Arjowinangun - Pacitan,1.35
2026-02-10 12:00:00 - Arjowinangun - Pacitan,1.620012779720427
2026-02-10 18:00:00 - Arjowinangun - Pacitan,1.375
2026-02-11 06:00:00 - Arjowinangun - Pacitan,1.35
2026-02-11 12:00:00 - Arjowinangun - Pacitan,1.620012779720427
2026-02-11 18:00:00 - Arjowinangun - Pacitan,1.375
2026-02-12 06:00:00 - Arjowinangun - Pacitan,1.35
2026-02-12 12:00:00 - Arjowinangun - Pacitan,1.620012779720427
2026-02-12 18:00:00 - Arjowinangun - Pacitan,1.375
2026-02-13 06:00:00 - Arjowinangun - Pacitan,1.35
2026-02-13 12:00:00 - Arjowinangun - Pacitan,1.620012779720427
2026-02-13 18:00:00 - Arjowinangun - Pacitan,1.375
2026-02-14 06:00:00 - Arjowinangun - Pacitan,1.35
2026-02-14 12:00:00 - Arjowinangun - Pacitan,1.620012779720427
2026-02-14 18:00:00 - Arjowinangun - Pacitan,1.375
2026-02-15 06:00:00 - Arjowinangun - Pacitan,1.35
2026-02-15 12:00:00 - Arjowinangun - Pacitan,1.620012779720427
2026-02-15 18:00:00 - Arjowinangun - Pacitan,1.375
2026-02-16 06:00:00 - Arjowinangun - Pacitan,1.35
2026-02-16 12:00:00 - Arjowinangun - Pacitan,1.620012779720427
2026-02-16 18:00:00 - Arjowinangun - Pacitan,1.375
2026-02-17 06:00:00 - Arjowinangun - Pacitan,1.35
2026-02-17 12:00:00 - Arjowinangun - Pacitan,1.620012779720427
2026-02-17 18:00:00 - Arjowinangun - Pacitan,1.375
2026-02-18 06:00:00 - Arjowinangun - Pacitan,1.35
2026-02-18 12:00:00 - Arjowinangun - Pacitan,1.620012779720427
2026-02-18 18:00:00 - Arjowinangun - Pacitan,1.375
2026-02-19 06:00:00 - Arjowinangun - Pacitan,1.35
2026-02-19 12:00:00 - Arjowinangun - Pacitan,1.620012779720427
2026-02-19 18:00:00 - Arjowinangun - Pacitan,1.375
2026-02-20 06:00:00 - Arjowinangun - Pacitan,1.35
2026-02-20 12:00:00 - Arjowinangun - Pacitan,1.620012779720427
2026-02-20 18:00:00 - Arjowinangun - Pacitan,1.375
2026-02-21 06:00:00 - Arjowinangun - Pacitan,1.35
2026-02-21 12:00:00 - Arjowinangun - Pacitan,1.620012779720427
2026-02-21 18:00:00 - Arjowinangun - Pacitan,1.375
2026-02-22 06:00:00 - Arjowinangun - Pacitan,1.35
2026-02-22 12:00:00 - Arjowinangun - Pacitan,1.620012779720427
2026-02-22 18:00:00 - Arjowinangun - Pacitan,1.375
2026-02-23 06:00:00 - Arjowinangun - Pacitan,1.35
2026-02-23 12:00:00 - Arjowinangun - Pacitan,1.620012779720427
2026-02-23 18:00:00 - Arjowinangun - Pacitan,1.375
2026-02-24 06:00:00 - Arjowinangun - Pacitan,1.35
2026-02-24 12:00:00 - Arjowinangun - Pacitan,1.620012779720427
2026-02-24 18:00:00 - Arjowinangun - Pacitan,1.375
2026-02-25 06:00:00 - Arjowinangun - Pacitan,1.35
2026-02-25 12:00:00 - Arjowinangun - Pacitan,1.620012779720427
2026-02-25 18:00:00 - Arjowinangun - Pacitan,1.375
2026-02-26 06:00:00 - Arjowinangun - Pacitan,1.35
2026-02-26 12:00:00 - Arjowinangun - Pacitan,1.620012779720427
2026-02-26 18:00:00 - Arjowinangun - Pacitan,1.375
2026-02-27 06:00:00 - Arjowinangun - Pacitan,1.35
2026-02-27 12:00:00 - Arjowinangun - Pacitan,1.620012779720427
2026-02-27 18:00:00 - Arjowinangun - Pacitan,1.375
2026-02-28 06:00:00 - Arjowinangun - Pacitan,1.35
2026-02-28 12:00:00 - Arjowinangun - Pacitan,1.620012779720427
2026-02-28 18:00:00 - Arjowinangun - Pacitan,1.375
2026-03-01 06:00:00 - Arjowinangun - Pacitan,1.2
2026-03-01 12:00:00 - Arjowinangun - Pacitan,1.465379145111698
2026-03-01 18:00:00 - Arjowinangun - Pacitan,1.3
2026-03-02 06:00:00 - Arjowinangun - Pacitan,1.2
2026-03-02 12:00:00 - Arjowinangun - Pacitan,1.465379145111698
2026-03-02 18:00:00 - Arjowinangun - Pacitan,1.3
2026-03-03 06:00:00 - Arjowinangun - Pacitan,1.2
2026-03-03 12:00:00 - Arjowinangun - Pacitan,1.465379145111698
2026-03-03 18:00:00 - Arjowinangun - Pacitan,1.3
2026-03-04 06:00:00 - Arjowinangun - Pacitan,1.2
2026-03-04 12:00:00 - Arjowinangun - Pacitan,1.465379145111698
2026-03-04 18:00:00 - Arjowinangun - Pacitan,1.3
2026-03-05 06:00:00 - Arjowinangun - Pacitan,1.2
2026-03-05 12:00:00 - Arjowinangun - Pacitan,1.465379145111698
2026-03-05 18:00:00 - Arjowinangun - Pacitan,1.3
2026-03-06 06:00:00 - Arjowinangun - Pacitan,1.2
2026-03-06 12:00:00 - Arjowinangun - Pacitan,1.465379145111698
2026-03-06 18:00:00 - Arjowinangun - Pacitan,1.3
2026-03-07 06:00:00 - Arjowinangun - Pacitan,1.2
2026-03-07 12:00:00 - Arjowinangun - Pacitan,1.465379145111698
2026-03-07 18:00:00 - Arjowinangun - Pacitan,1.3
2026-03-08 06:00:00 - Arjowinangun - Pacitan,1.2
2026-03-08 12:00:00 - Arjowinangun - Pacitan,1.465379145111698
2026-03-08 18:00:00 - Arjowinangun - Pacitan,1.3
2026-03-09 06:00:00 - Arjowinangun - Pacitan,1.2
2026-03-09 12:00:00 - Arjowinangun - Pacitan,1.465379145111698
2026-03-09 18:00:00 - Arjowinangun - Pacitan,1.3
2026-03-10 06:00:00 - Arjowinangun - Pacitan,1.2
2026-03-10 12:00:00 - Arjowinangun - Pacitan,1.465379145111698
2026-03-10 18:00:00 - Arjowinangun - Pacitan,1.3
2026-03-11 06:00:00 - Arjowinangun - Pacitan,1.2
2026-03-11 12:00:00 - Arjowinangun - Pacitan,1.465379145111698
2026-03-11 18:00:00 - Arjowinangun - Pacitan,1.3
2026-03-12 06:00:00 - Arjowinangun - Pacitan,1.2
2026-03-12 12:00:00 - Arjowinangun - Pacitan,1.465379145111698
2026-03-12 18:00:00 - Arjowinangun - Pacitan,1.3
2026-03-13 06:00:00 - Arjowinangun - Pacitan,1.2
2026-03-13 12:00:00 - Arjowinangun - Pacitan,1.465379145111698
2026-03-13 18:00:00 - Arjowinangun - Pacitan,1.3
2026-03-14 06:00:00 - Arjowinangun - Pacitan,1.2
2026-03-14 12:00:00 - Arjowinangun - Pacitan,1.465379145111698
2026-03-14 18:00:00 - Arjowinangun - Pacitan,1.3
2026-03-15 06:00:00 - Arjowinangun - Pacitan,1.2
2026-03-15 12:00:00 - Arjowinangun - Pacitan,1.465379145111698
2026-03-15 18:00:00 - Arjowinangun - Pacitan,1.3
2026-03-16 06:00:00 - Arjowinangun - Pacitan,1.2
2026-03-16 12:00:00 - Arjowinangun - Pacitan,1.465379145111698
2026-03-16 18:00:00 - Arjowinangun - Pacitan,1.3
2026-03-17 06:00:00 - Arjowinangun - Pacitan,1.2
2026-03-17 12:00:00 - Arjowinangun - Pacitan,1.465379145111698
2026-03-17 18:00:00 - Arjowinangun - Pacitan,1.3
2026-03-18 06:00:00 - Arjowinangun - Pacitan,1.2
2026-03-18 12:00:00 - Arjowinangun - Pacitan,1.465379145111698
2026-03-18 18:00:00 - Arjowinangun - Pacitan,1.3
2026-03-19 06:00:00 - Arjowinangun - Pacitan,1.2
2026-03-19 12:00:00 - Arjowinangun - Pacitan,1.465379145111698
2026-03-19 18:00:00 - Arjowinangun - Pacitan,1.3
2026-03-20 06:00:00 - Arjowinangun - Pacitan,1.2
2026-03-20 12:00:00 - Arjowinangun - Pacitan,1.465379145111698
2026-03-20 18:00:00 - Arjowinangun - Pacitan,1.3
2026-03-21 06:00:00 - Arjowinangun - Pacitan,1.2
2026-03-21 12:00:00 - Arjowinangun - Pacitan,1.465379145111698
2026-03-21 18:00:00 - Arjowinangun - Pacitan,1.3
2026-03-22 06:00:00 - Arjowinangun - Pacitan,1.2
2026-03-22 12:00:00 - Arjowinangun - Pacitan,1.465379145111698
2026-03-22 18:00:00 - Arjowinangun - Pacitan,1.3
2026-03-23 06:00:00 - Arjowinangun - Pacitan,1.2
2026-03-23 12:00:00 - Arjowinangun - Pacitan,1.465379145111698
2026-03-23 18:00:00 - Arjowinangun - Pacitan,1.3
2026-03-24 06:00:00 - Arjowinangun - Pacitan,1.2
2026-03-24 12:00:00 - Arjowinangun - Pacitan,1.465379145111698
2026-03-24 18:00:00 - Arjowinangun - Pacitan,1.3
2026-03-25 06:00:00 - Arjowinangun - Pacitan,1.2
2026-03-25 12:00:00 - Arjowinangun - Pacitan,1.465379145111698
2026-03-25 18:00:00 - Arjowinangun - Pacitan,1.3
2026-03-26 06:00:00 - Arjowinangun - Pacitan,1.2
2026-03-26 12:00:00 - Arjowinangun - Pacitan,1.465379145111698
2026-03-26 18:00:00 - Arjowinangun - Pacitan,1.3
2026-03-27 06:00:00 - Arjowinangun - Pacitan,1.2
2026-03-27 12:00:00 - Arjowinangun - Pacitan,1.465379145111698
2026-03-27 18:00:00 - Arjowinangun - Pacitan,1.3
2026-03-28 06:00:00 - Arjowinangun - Pacitan,1.2
2026-03-28 12:00:00 - Arjowinangun - Pacitan,1.465379145111698
2026-03-28 18:00:00 - Arjowinangun - Pacitan,1.3
2026-03-29 06:00:00 - Arjowinangun - Pacitan,1.2
2026-03-29 12:00:00 - Arjowinangun - Pacitan,1.465379145111698
2026-03-29 18:00:00 - Arjowinangun - Pacitan,1.3
2026-03-30 06:00:00 - Arjowinangun - Pacitan,1.2
2026-03-30 12:00:00 - Arjowinangun - Pacitan,1.465379145111698
2026-03-30 18:00:00 - Arjowinangun - Pacitan,1.3
2026-03-31 06:00:00 - Arjowinangun - Pacitan,1.2
2026-03-31 12:00:00 - Arjowinangun - Pacitan,1.465379145111698
2026-03-31 18:00:00 - Arjowinangun - Pacitan,1.3
2026-04-01 06:00:00 - Arjowinangun - Pacitan,1.1
2026-04-01 12:00:00 - Arjowinangun - Pacitan,1.3
2026-04-01 18:00:00 - Arjowinangun - Pacitan,1.1
2026-04-02 06:00:00 - Arjowinangun - Pacitan,1.1
2026-04-02 12:00:00 - Arjowinangun - Pacitan,1.3
2026-04-02 18:00:00 - Arjowinangun - Pacitan,1.1
2026-04-03 06:00:00 - Arjowinangun - Pacitan,1.1
2026-04-03 12:00:00 - Arjowinangun - Pacitan,1.3
2026-04-03 18:00:00 - Arjowinangun - Pacitan,1.1
2026-04-04 06:00:00 - Arjowinangun - Pacitan,1.1
2026-04-04 12:00:00 - Arjowinangun - Pacitan,1.3
2026-04-04 18:00:00 - Arjowinangun - Pacitan,1.1
2026-04-05 06:00:00 - Arjowinangun - Pacitan,1.1
2026-04-05 12:00:00 - Arjowinangun - Pacitan,1.3
2026-04-05 18:00:00 - Arjowinangun - Pacitan,1.1
2026-04-06 06:00:00 - Arjowinangun - Pacitan,1.1
2026-04-06 12:00:00 - Arjowinangun - Pacitan,1.3
2026-04-06 18:00:00 - Arjowinangun - Pacitan,1.1
2026-04-07 06:00:00 - Arjowinangun - Pacitan,1.1
2026-04-07 12:00:00 - Arjowinangun - Pacitan,1.3
2026-04-07 18:00:00 - Arjowinangun - Pacitan,1.1
2026-04-08 06:00:00 - Arjowinangun - Pacitan,1.1
2026-04-08 12:00:00 - Arjowinangun - Pacitan,1.3
2026-04-08 18:00:00 - Arjowinangun - Pacitan,1.1
2026-04-09 06:00:00 - Arjowinangun - Pacitan,1.1
2026-04-09 12:00:00 - Arjowinangun - Pacitan,1.3
2026-04-09 18:00:00 - Arjowinangun - Pacitan,1.1
2026-04-10 06:00:00 - Arjowinangun - Pacitan,1.1
2026-04-10 12:00:00 - Arjowinangun - Pacitan,1.3
2026-04-10 18:00:00 - Arjowinangun - Pacitan,1.1
2026-04-11 06:00:00 - Arjowinangun - Pacitan,1.1
2026-04-11 12:00:00 - Arjowinangun - Pacitan,1.3
2026-04-11 18:00:00 - Arjowinangun - Pacitan,1.1
2026-04-12 06:00:00 - Arjowinangun - Pacitan,1.1
2026-04-12 12:00:00 - Arjowinangun - Pacitan,1.3
2026-04-12 18:00:00 - Arjowinangun - Pacitan,1.1
2026-04-13 06:00:00 - Arjowinangun - Pacitan,1.1
2026-04-13 12:00:00 - Arjowinangun - Pacitan,1.3
2026-04-13 18:00:00 - Arjowinangun - Pacitan,1.1
2026-04-14 06:00:00 - Arjowinangun - Pacitan,1.1
2026-04-14 12:00:00 - Arjowinangun - Pacitan,1.3
2026-04-14 18:00:00 - Arjowinangun - Pacitan,1.1
2026-04-15 06:00:00 - Arjowinangun - Pacitan,1.1
2026-04-15 12:00:00 - Arjowinangun - Pacitan,1.3
2026-04-15 18:00:00 - Arjowinangun - Pacitan,1.1
2026-04-16 06:00:00 - Arjowinangun - Pacitan,1.1
2026-04-16 12:00:00 - Arjowinangun - Pacitan,1.3
2026-04-16 18:00:00 - Arjowinangun - Pacitan,1.1
2026-04-17 06:00:00 - Arjowinangun - Pacitan,1.1
2026-04-17 12:00:00 - Arjowinangun - Pacitan,1.3
2026-04-17 18:00:00 - Arjowinangun - Pacitan,1.1
2026-04-18 06:00:00 - Arjowinangun - Pacitan,1.1
2026-04-18 12:00:00 - Arjowinangun - Pacitan,1.3
2026-04-18 18:00:00 - Arjowinangun - Pacitan,1.1
2026-04-19 06:00:00 - Arjowinangun - Pacitan,1.1
2026-04-19 12:00:00 - Arjowinangun - Pacitan,1.3
2026-04-19 18:00:00 - Arjowinangun - Pacitan,1.1
2026-04-20 06:00:00 - Arjowinangun - Pacitan,1.1
2026-04-20 12:00:00 - Arjowinangun - Pacitan,1.3
2026-04-20 18:00:00 - Arjowinangun - Pacitan,1.1
2026-04-21 06:00:00 - Arjowinangun - Pacitan,1.1
2026-04-21 12:00:00 - Arjowinangun - Pacitan,1.3
2026-04-21 18:00:00 - Arjowinangun - Pacitan,1.1
2026-04-22 06:00:00 - Arjowinangun - Pacitan,1.1
2026-04-22 12:00:00 - Arjowinangun - Pacitan,1.3
2026-04-22 18:00:00 - Arjowinangun - Pacitan,1.1
2026-04-23 06:00:00 - Arjowinangun - Pacitan,1.1
2026-04-23 12:00:00 - Arjowinangun - Pacitan,1.3
2026-04-23 18:00:00 - Arjowinangun - Pacitan,1.1
2026-04-24 06:00:00 - Arjowinangun - Pacitan,1.1
2026-04-24 12:00:00 - Arjowinangun - Pacitan,1.3
2026-04-24 18:00:00 - Arjowinangun - Pacitan,1.1
2026-04-25 06:00:00 - Arjowinangun - Pacitan,1.1
2026-04-25 12:00:00 - Arjowinangun - Pacitan,1.3
2026-04-25 18:00:00 - Arjowinangun - Pacitan,1.1
2026-04-26 06:00:00 - Arjowinangun - Pacitan,1.1
2026-04-26 12:00:00 - Arjowinangun - Pacitan,1.3
2026-04-26 18:00:00 - Arjowinangun - Pacitan,1.1
2026-04-27 06:00:00 - Arjowinangun - Pacitan,1.1
2026-04-27 12:00:00 - Arjowinangun - Pacitan,1.3
2026-04-27 18:00:00 - Arjowinangun - Pacitan,1.1
2026-04-28 06:00:00 - Arjowinangun - Pacitan,1.1
2026-04-28 12:00:00 - Arjowinangun - Pacitan,1.3
2026-04-28 18:00:00 - Arjowinangun - Pacitan,1.1
2026-04-29 06:00:00 - Arjowinangun - Pacitan,1.1
2026-04-29 12:00:00 - Arjowinangun - Pacitan,1.3
2026-04-29 18:00:00 - Arjowinangun - Pacitan,1.1
2026-04-30 06:00:00 - Arjowinangun - Pacitan,1.1
2026-04-30 12:00:00 - Arjowinangun - Pacitan,1.3
2026-04-30 18:00:00 - Arjowinangun - Pacitan,1.1
2026-05-01 06:00:00 - Arjowinangun - Pacitan,1.05
2026-05-01 12:00:00 - Arjowinangun - Pacitan,1.25
2026-05-01 18:00:00 - Arjowinangun - Pacitan,0.95
2026-05-02 06:00:00 - Arjowinangun - Pacitan,1.05
2026-05-02 12:00:00 - Arjowinangun - Pacitan,1.25
2026-05-02 18:00:00 - Arjowinangun - Pacitan,0.95
2026-05-03 06:00:00 - Arjowinangun - Pacitan,1.05
2026-05-03 12:00:00 - Arjowinangun - Pacitan,1.25
2026-05-03 18:00:00 - Arjowinangun - Pacitan,0.95
2026-05-04 06:00:00 - Arjowinangun - Pacitan,1.05
2026-05-04 12:00:00 - Arjowinangun - Pacitan,1.25
2026-05-04 18:00:00 - Arjowinangun - Pacitan,0.95
2026-05-05 06:00:00 - Arjowinangun - Pacitan,1.05
2026-05-05 12:00:00 - Arjowinangun - Pacitan,1.25
2026-05-05 18:00:00 - Arjowinangun - Pacitan,0.95
2026-05-06 06:00:00 - Arjowinangun - Pacitan,1.05
2026-05-06 12:00:00 - Arjowinangun - Pacitan,1.25
2026-05-06 18:00:00 - Arjowinangun - Pacitan,0.95
2026-05-07 06:00:00 - Arjowinangun - Pacitan,1.05
2026-05-07 12:00:00 - Arjowinangun - Pacitan,1.25
2026-05-07 18:00:00 - Arjowinangun - Pacitan,0.95
2026-05-08 06:00:00 - Arjowinangun - Pacitan,1.05
2026-05-08 12:00:00 - Arjowinangun - Pacitan,1.25
2026-05-08 18:00:00 - Arjowinangun - Pacitan,0.95
2026-05-09 06:00:00 - Arjowinangun - Pacitan,1.05
2026-05-09 12:00:00 - Arjowinangun - Pacitan,1.25
2026-05-09 18:00:00 - Arjowinangun - Pacitan,0.95
2026-05-10 06:00:00 - Arjowinangun - Pacitan,1.05
2026-05-10 12:00:00 - Arjowinangun - Pacitan,1.25
2026-05-10 18:00:00 - Arjowinangun - Pacitan,0.95
2026-05-11 06:00:00 - Arjowinangun - Pacitan,1.05
2026-05-11 12:00:00 - Arjowinangun - Pacitan,1.25
2026-05-11 18:00:00 - Arjowinangun - Pacitan,0.95
2026-05-12 06:00:00 - Arjowinangun - Pacitan,1.05
2026-05-12 12:00:00 - Arjowinangun - Pacitan,1.25
2026-05-12 18:00:00 - Arjowinangun - Pacitan,0.95
2026-05-13 06:00:00 - Arjowinangun - Pacitan,1.05
2026-05-13 12:00:00 - Arjowinangun - Pacitan,1.25
2026-05-13 18:00:00 - Arjowinangun - Pacitan,0.95
2026-05-14 06:00:00 - Arjowinangun - Pacitan,1.05
2026-05-14 12:00:00 - Arjowinangun - Pacitan,1.25
2026-05-14 18:00:00 - Arjowinangun - Pacitan,0.95
2026-05-15 06:00:00 - Arjowinangun - Pacitan,1.05
2026-05-15 12:00:00 - Arjowinangun - Pacitan,1.25
2026-05-15 18:00:00 - Arjowinangun - Pacitan,0.95
2026-05-16 06:00:00 - Arjowinangun - Pacitan,1.05
2026-05-16 12:00:00 - Arjowinangun - Pacitan,1.25
2026-05-16 18:00:00 - Arjowinangun - Pacitan,0.95
2026-05-17 06:00:00 - Arjowinangun - Pacitan,1.05
2026-05-17 12:00:00 - Arjowinangun - Pacitan,1.25
2026-05-17 18:00:00 - Arjowinangun - Pacitan,0.95
2026-05-18 06:00:00 - Arjowinangun - Pacitan,1.05
2026-05-18 12:00:00 - Arjowinangun - Pacitan,1.25
2026-05-18 18:00:00 - Arjowinangun - Pacitan,0.95
2025-09-19 06:00:00 - Babat,5.96
2025-09-19 12:00:00 - Babat,5.964543458667876
2025-09-19 18:00:00 - Babat,5.96
2025-09-20 06:00:00 - Babat,5.96
2025-09-20 12:00:00 - Babat,5.964543458667876
2025-09-20 18:00:00 - Babat,5.96
2025-09-21 06:00:00 - Babat,5.96
2025-09-21 12:00:00 - Babat,5.964543458667876
2025-09-21 18:00:00 - Babat,5.96
2025-09-22 06:00:00 - Babat,5.96
2025-09-22 12:00:00 - Babat,5.964543458667876
2025-09-22 18:00:00 - Babat,5.96
2025-09-23 06:00:00 - Babat,5.96
2025-09-23 12:00:00 - Babat,5.964543458667876
2025-09-23 18:00:00 - Babat,5.96
2025-09-24 06:00:00 - Babat,5.96
2025-09-24 12:00:00 - Babat,5.964543458667876
2025-09-24 18:00:00 - Babat,5.96
2025-09-25 06:00:00 - Babat,5.96
2025-09-25 12:00:00 - Babat,5.964543458667876
2025-09-25 18:00:00 - Babat,5.96
2025-09-26 06:00:00 - Babat,5.96
2025-09-26 12:00:00 - Babat,5.964543458667876
2025-09-26 18:00:00 - Babat,5.96
2025-09-27 06:00:00 - Babat,5.96
2025-09-27 12:00:00 - Babat,5.964543458667876
2025-09-27 18:00:00 - Babat,5.96
2025-09-28 06:00:00 - Babat,5.96
2025-09-28 12:00:00 - Babat,5.964543458667876
2025-09-28 18:00:00 - Babat,5.96
2025-09-29 06:00:00 - Babat,5.96
2025-09-29 12:00:00 - Babat,5.964543458667876
2025-09-29 18:00:00 - Babat,5.96
2025-09-30 06:00:00 - Babat,5.96
2025-09-30 12:00:00 - Babat,5.964543458667876
2025-09-30 18:00:00 - Babat,5.96
2025-10-01 06:00:00 - Babat,5.71
2025-10-01 12:00:00 - Babat,5.72714857495386
2025-10-01 18:00:00 - Babat,5.734999999999999
2025-10-02 06:00:00 - Babat,5.71
2025-10-02 12:00:00 - Babat,5.72714857495386
2025-10-02 18:00:00 - Babat,5.734999999999999
2025-10-03 06:00:00 - Babat,5.71
2025-10-03 12:00:00 - Babat,5.72714857495386
2025-10-03 18:00:00 - Babat,5.734999999999999
2025-10-04 06:00:00 - Babat,5.71
2025-10-04 12:00:00 - Babat,5.72714857495386
2025-10-04 18:00:00 - Babat,5.734999999999999
2025-10-05 06:00:00 - Babat,5.71
2025-10-05 12:00:00 - Babat,5.72714857495386
2025-10-05 18:00:00 - Babat,5.734999999999999
2025-10-06 06:00:00 - Babat,5.71
2025-10-06 12:00:00 - Babat,5.72714857495386
2025-10-06 18:00:00 - Babat,5.734999999999999
2025-10-07 06:00:00 - Babat,5.71
2025-10-07 12:00:00 - Babat,5.72714857495386
2025-10-07 18:00:00 - Babat,5.734999999999999
2025-10-08 06:00:00 - Babat,5.71
2025-10-08 12:00:00 - Babat,5.72714857495386
2025-10-08 18:00:00 - Babat,5.734999999999999
2025-10-09 06:00:00 - Babat,5.71
2025-10-09 12:00:00 - Babat,5.72714857495386
2025-10-09 18:00:00 - Babat,5.734999999999999
2025-10-10 06:00:00 - Babat,5.71
2025-10-10 12:00:00 - Babat,5.72714857495386
2025-10-10 18:00:00 - Babat,5.734999999999999
2025-10-11 06:00:00 - Babat,5.71
2025-10-11 12:00:00 - Babat,5.72714857495386
2025-10-11 18:00:00 - Babat,5.734999999999999
2025-10-12 06:00:00 - Babat,5.71
2025-10-12 12:00:00 - Babat,5.72714857495386
2025-10-12 18:00:00 - Babat,5.734999999999999
2025-10-13 06:00:00 - Babat,5.71
2025-10-13 12:00:00 - Babat,5.72714857495386
2025-10-13 18:00:00 - Babat,5.734999999999999
2025-10-14 06:00:00 - Babat,5.71
2025-10-14 12:00:00 - Babat,5.72714857495386
2025-10-14 18:00:00 - Babat,5.734999999999999
2025-10-15 06:00:00 - Babat,5.71
2025-10-15 12:00:00 - Babat,5.72714857495386
2025-10-15 18:00:00 - Babat,5.734999999999999
2025-10-16 06:00:00 - Babat,5.71
2025-10-16 12:00:00 - Babat,5.72714857495386
2025-10-16 18:00:00 - Babat,5.734999999999999
2025-10-17 06:00:00 - Babat,5.71
2025-10-17 12:00:00 - Babat,5.72714857495386
2025-10-17 18:00:00 - Babat,5.734999999999999
2025-10-18 06:00:00 - Babat,5.71
2025-10-18 12:00:00 - Babat,5.72714857495386
2025-10-18 18:00:00 - Babat,5.734999999999999
2025-10-19 06:00:00 - Babat,5.71
2025-10-19 12:00:00 - Babat,5.72714857495386
2025-10-19 18:00:00 - Babat,5.734999999999999
2025-10-20 06:00:00 - Babat,5.71
2025-10-20 12:00:00 - Babat,5.72714857495386
2025-10-20 18:00:00 - Babat,5.734999999999999
2025-10-21 06:00:00 - Babat,5.71
2025-10-21 12:00:00 - Babat,5.72714857495386
2025-10-21 18:00:00 - Babat,5.734999999999999
2025-10-22 06:00:00 - Babat,5.71
2025-10-22 12:00:00 - Babat,5.72714857495386
2025-10-22 18:00:00 - Babat,5.734999999999999
2025-10-23 06:00:00 - Babat,5.71
2025-10-23 12:00:00 - Babat,5.72714857495386
2025-10-23 18:00:00 - Babat,5.734999999999999
2025-10-24 06:00:00 - Babat,5.71
2025-10-24 12:00:00 - Babat,5.72714857495386
2025-10-24 18:00:00 - Babat,5.734999999999999
2025-10-25 06:00:00 - Babat,5.71
2025-10-25 12:00:00 - Babat,5.72714857495386
2025-10-25 18:00:00 - Babat,5.734999999999999
2025-10-26 06:00:00 - Babat,5.71
2025-10-26 12:00:00 - Babat,5.72714857495386
2025-10-26 18:00:00 - Babat,5.734999999999999
2025-10-27 06:00:00 - Babat,5.71
2025-10-27 12:00:00 - Babat,5.72714857495386
2025-10-27 18:00:00 - Babat,5.734999999999999
2025-10-28 06:00:00 - Babat,5.71
2025-10-28 12:00:00 - Babat,5.72714857495386
2025-10-28 18:00:00 - Babat,5.734999999999999
2025-10-29 06:00:00 - Babat,5.71
2025-10-29 12:00:00 - Babat,5.72714857495386
2025-10-29 18:00:00 - Babat,5.734999999999999
2025-10-30 06:00:00 - Babat,5.71
2025-10-30 12:00:00 - Babat,5.72714857495386
2025-10-30 18:00:00 - Babat,5.734999999999999
2025-10-31 06:00:00 - Babat,5.71
2025-10-31 12:00:00 - Babat,5.72714857495386
2025-10-31 18:00:00 - Babat,5.734999999999999
2025-11-01 06:00:00 - Babat,5.484999999999999
2025-11-01 12:00:00 - Babat,5.51
2025-11-01 18:00:00 - Babat,5.51
2025-11-02 06:00:00 - Babat,5.484999999999999
2025-11-02 12:00:00 - Babat,5.51
2025-11-02 18:00:00 - Babat,5.51
2025-11-03 06:00:00 - Babat,5.484999999999999
2025-11-03 12:00:00 - Babat,5.51
2025-11-03 18:00:00 - Babat,5.51
2025-11-04 06:00:00 - Babat,5.484999999999999
2025-11-04 12:00:00 - Babat,5.51
2025-11-04 18:00:00 - Babat,5.51
2025-11-05 06:00:00 - Babat,5.484999999999999
2025-11-05 12:00:00 - Babat,5.51
2025-11-05 18:00:00 - Babat,5.51
2025-11-06 06:00:00 - Babat,5.484999999999999
2025-11-06 12:00:00 - Babat,5.51
2025-11-06 18:00:00 - Babat,5.51
2025-11-07 06:00:00 - Babat,5.484999999999999
2025-11-07 12:00:00 - Babat,5.51
2025-11-07 18:00:00 - Babat,5.51
2025-11-08 06:00:00 - Babat,5.484999999999999
2025-11-08 12:00:00 - Babat,5.51
2025-11-08 18:00:00 - Babat,5.51
2025-11-09 06:00:00 - Babat,5.484999999999999
2025-11-09 12:00:00 - Babat,5.51
2025-11-09 18:00:00 - Babat,5.51
2025-11-10 06:00:00 - Babat,5.484999999999999
2025-11-10 12:00:00 - Babat,5.51
2025-11-10 18:00:00 - Babat,5.51
2025-11-11 06:00:00 - Babat,5.484999999999999
2025-11-11 12:00:00 - Babat,5.51
2025-11-11 18:00:00 - Babat,5.51
2025-11-12 06:00:00 - Babat,5.484999999999999
2025-11-12 12:00:00 - Babat,5.51
2025-11-12 18:00:00 - Babat,5.51
2025-11-13 06:00:00 - Babat,5.484999999999999
2025-11-13 12:00:00 - Babat,5.51
2025-11-13 18:00:00 - Babat,5.51
2025-11-14 06:00:00 - Babat,5.484999999999999
2025-11-14 12:00:00 - Babat,5.51
2025-11-14 18:00:00 - Babat,5.51
2025-11-15 06:00:00 - Babat,5.484999999999999
2025-11-15 12:00:00 - Babat,5.51
2025-11-15 18:00:00 - Babat,5.51
2025-11-16 06:00:00 - Babat,5.484999999999999
2025-11-16 12:00:00 - Babat,5.51
2025-11-16 18:00:00 - Babat,5.51
2025-11-17 06:00:00 - Babat,5.484999999999999
2025-11-17 12:00:00 - Babat,5.51
2025-11-17 18:00:00 - Babat,5.51
2025-11-18 06:00:00 - Babat,5.484999999999999
2025-11-18 12:00:00 - Babat,5.51
2025-11-18 18:00:00 - Babat,5.51
2025-11-19 06:00:00 - Babat,5.484999999999999
2025-11-19 12:00:00 - Babat,5.51
2025-11-19 18:00:00 - Babat,5.51
2025-11-20 06:00:00 - Babat,5.484999999999999
2025-11-20 12:00:00 - Babat,5.51
2025-11-20 18:00:00 - Babat,5.51
2025-11-21 06:00:00 - Babat,5.484999999999999
2025-11-21 12:00:00 - Babat,5.51
2025-11-21 18:00:00 - Babat,5.51
2025-11-22 06:00:00 - Babat,5.484999999999999
2025-11-22 12:00:00 - Babat,5.51
2025-11-22 18:00:00 - Babat,5.51
2025-11-23 06:00:00 - Babat,5.484999999999999
2025-11-23 12:00:00 - Babat,5.51
2025-11-23 18:00:00 - Babat,5.51
2025-11-24 06:00:00 - Babat,5.484999999999999
2025-11-24 12:00:00 - Babat,5.51
2025-11-24 18:00:00 - Babat,5.51
2025-11-25 06:00:00 - Babat,5.484999999999999
2025-11-25 12:00:00 - Babat,5.51
2025-11-25 18:00:00 - Babat,5.51
2025-11-26 06:00:00 - Babat,5.484999999999999
2025-11-26 12:00:00 - Babat,5.51
2025-11-26 18:00:00 - Babat,5.51
2025-11-27 06:00:00 - Babat,5.484999999999999
2025-11-27 12:00:00 - Babat,5.51
2025-11-27 18:00:00 - Babat,5.51
2025-11-28 06:00:00 - Babat,5.484999999999999
2025-11-28 12:00:00 - Babat,5.51
2025-11-28 18:00:00 - Babat,5.51
2025-11-29 06:00:00 - Babat,5.484999999999999
2025-11-29 12:00:00 - Babat,5.51
2025-11-29 18:00:00 - Babat,5.51
2025-11-30 06:00:00 - Babat,5.484999999999999
2025-11-30 12:00:00 - Babat,5.51
2025-11-30 18:00:00 - Babat,5.51
2025-12-01 06:00:00 - Babat,6.285
2025-12-01 12:00:00 - Babat,6.31
2025-12-01 18:00:00 - Babat,6.26
2025-12-02 06:00:00 - Babat,6.285
2025-12-02 12:00:00 - Babat,6.31
2025-12-02 18:00:00 - Babat,6.26
2025-12-03 06:00:00 - Babat,6.285
2025-12-03 12:00:00 - Babat,6.31
2025-12-03 18:00:00 - Babat,6.26
2025-12-04 06:00:00 - Babat,6.285
2025-12-04 12:00:00 - Babat,6.31
2025-12-04 18:00:00 - Babat,6.26
2025-12-05 06:00:00 - Babat,6.285
2025-12-05 12:00:00 - Babat,6.31
2025-12-05 18:00:00 - Babat,6.26
2025-12-06 06:00:00 - Babat,6.285
2025-12-06 12:00:00 - Babat,6.31
2025-12-06 18:00:00 - Babat,6.26
2025-12-07 06:00:00 - Babat,6.285
2025-12-07 12:00:00 - Babat,6.31
2025-12-07 18:00:00 - Babat,6.26
2025-12-08 06:00:00 - Babat,6.285
2025-12-08 12:00:00 - Babat,6.31
2025-12-08 18:00:00 - Babat,6.26
2025-12-09 06:00:00 - Babat,6.285
2025-12-09 12:00:00 - Babat,6.31
2025-12-09 18:00:00 - Babat,6.26
2025-12-10 06:00:00 - Babat,6.285
2025-12-10 12:00:00 - Babat,6.31
2025-12-10 18:00:00 - Babat,6.26
2025-12-11 06:00:00 - Babat,6.285
2025-12-11 12:00:00 - Babat,6.31
2025-12-11 18:00:00 - Babat,6.26
2025-12-12 06:00:00 - Babat,6.285
2025-12-12 12:00:00 - Babat,6.31
2025-12-12 18:00:00 - Babat,6.26
2025-12-13 06:00:00 - Babat,6.285
2025-12-13 12:00:00 - Babat,6.31
2025-12-13 18:00:00 - Babat,6.26
2025-12-14 06:00:00 - Babat,6.285
2025-12-14 12:00:00 - Babat,6.31
2025-12-14 18:00:00 - Babat,6.26
2025-12-15 06:00:00 - Babat,6.285
2025-12-15 12:00:00 - Babat,6.31
2025-12-15 18:00:00 - Babat,6.26
2025-12-16 06:00:00 - Babat,6.285
2025-12-16 12:00:00 - Babat,6.31
2025-12-16 18:00:00 - Babat,6.26
2025-12-17 06:00:00 - Babat,6.285
2025-12-17 12:00:00 - Babat,6.31
2025-12-17 18:00:00 - Babat,6.26
2025-12-18 06:00:00 - Babat,6.285
2025-12-18 12:00:00 - Babat,6.31
2025-12-18 18:00:00 - Babat,6.26
2025-12-19 06:00:00 - Babat,6.285
2025-12-19 12:00:00 - Babat,6.31
2025-12-19 18:00:00 - Babat,6.26
2025-12-20 06:00:00 - Babat,6.285
2025-12-20 12:00:00 - Babat,6.31
2025-12-20 18:00:00 - Babat,6.26
2025-12-21 06:00:00 - Babat,6.285
2025-12-21 12:00:00 - Babat,6.31
2025-12-21 18:00:00 - Babat,6.26
2025-12-22 06:00:00 - Babat,6.285
2025-12-22 12:00:00 - Babat,6.31
2025-12-22 18:00:00 - Babat,6.26
2025-12-23 06:00:00 - Babat,6.285
2025-12-23 12:00:00 - Babat,6.31
2025-12-23 18:00:00 - Babat,6.26
2025-12-24 06:00:00 - Babat,6.285
2025-12-24 12:00:00 - Babat,6.31
2025-12-24 18:00:00 - Babat,6.26
2025-12-25 06:00:00 - Babat,6.285
2025-12-25 12:00:00 - Babat,6.31
2025-12-25 18:00:00 - Babat,6.26
2025-12-26 06:00:00 - Babat,6.285
2025-12-26 12:00:00 - Babat,6.31
2025-12-26 18:00:00 - Babat,6.26
2025-12-27 06:00:00 - Babat,6.285
2025-12-27 12:00:00 - Babat,6.31
2025-12-27 18:00:00 - Babat,6.26
2025-12-28 06:00:00 - Babat,6.285
2025-12-28 12:00:00 - Babat,6.31
2025-12-28 18:00:00 - Babat,6.26
2025-12-29 06:00:00 - Babat,6.285
2025-12-29 12:00:00 - Babat,6.31
2025-12-29 18:00:00 - Babat,6.26
2025-12-30 06:00:00 - Babat,6.285
2025-12-30 12:00:00 - Babat,6.31
2025-12-30 18:00:00 - Babat,6.26
2025-12-31 06:00:00 - Babat,6.285
2025-12-31 12:00:00 - Babat,6.31
2025-12-31 18:00:00 - Babat,6.26
2026-01-01 06:00:00 - Babat,6.26
2026-01-01 12:00:00 - Babat,6.31
2026-01-01 18:00:00 - Babat,6.349095942488353
2026-01-02 06:00:00 - Babat,6.26
2026-01-02 12:00:00 - Babat,6.31
2026-01-02 18:00:00 - Babat,6.349095942488353
2026-01-03 06:00:00 - Babat,6.26
2026-01-03 12:00:00 - Babat,6.31
2026-01-03 18:00:00 - Babat,6.349095942488353
2026-01-04 06:00:00 - Babat,6.26
2026-01-04 12:00:00 - Babat,6.31
2026-01-04 18:00:00 - Babat,6.349095942488353
2026-01-05 06:00:00 - Babat,6.26
2026-01-05 12:00:00 - Babat,6.31
2026-01-05 18:00:00 - Babat,6.349095942488353
2026-01-06 06:00:00 - Babat,6.26
2026-01-06 12:00:00 - Babat,6.31
2026-01-06 18:00:00 - Babat,6.349095942488353
2026-01-07 06:00:00 - Babat,6.26
2026-01-07 12:00:00 - Babat,6.31
2026-01-07 18:00:00 - Babat,6.349095942488353
2026-01-08 06:00:00 - Babat,6.26
2026-01-08 12:00:00 - Babat,6.31
2026-01-08 18:00:00 - Babat,6.349095942488353
2026-01-09 06:00:00 - Babat,6.26
2026-01-09 12:00:00 - Babat,6.31
2026-01-09 18:00:00 - Babat,6.349095942488353
2026-01-10 06:00:00 - Babat,6.26
2026-01-10 12:00:00 - Babat,6.31
2026-01-10 18:00:00 - Babat,6.349095942488353
2026-01-11 06:00:00 - Babat,6.26
2026-01-11 12:00:00 - Babat,6.31
2026-01-11 18:00:00 - Babat,6.349095942488353
2026-01-12 06:00:00 - Babat,6.26
2026-01-12 12:00:00 - Babat,6.31
2026-01-12 18:00:00 - Babat,6.349095942488353
2026-01-13 06:00:00 - Babat,6.26
2026-01-13 12:00:00 - Babat,6.31
2026-01-13 18:00:00 - Babat,6.349095942488353
2026-01-14 06:00:00 - Babat,6.26
2026-01-14 12:00:00 - Babat,6.31
2026-01-14 18:00:00 - Babat,6.349095942488353
2026-01-15 06:00:00 - Babat,6.26
2026-01-15 12:00:00 - Babat,6.31
2026-01-15 18:00:00 - Babat,6.349095942488353
2026-01-16 06:00:00 - Babat,6.26
2026-01-16 12:00:00 - Babat,6.31
2026-01-16 18:00:00 - Babat,6.349095942488353
2026-01-17 06:00:00 - Babat,6.26
2026-01-17 12:00:00 - Babat,6.31
2026-01-17 18:00:00 - Babat,6.349095942488353
2026-01-18 06:00:00 - Babat,6.26
2026-01-18 12:00:00 - Babat,6.31
2026-01-18 18:00:00 - Babat,6.349095942488353
2026-01-19 06:00:00 - Babat,6.26
2026-01-19 12:00:00 - Babat,6.31
2026-01-19 18:00:00 - Babat,6.349095942488353
2026-01-20 06:00:00 - Babat,6.26
2026-01-20 12:00:00 - Babat,6.31
2026-01-20 18:00:00 - Babat,6.349095942488353
2026-01-21 06:00:00 - Babat,6.26
2026-01-21 12:00:00 - Babat,6.31
2026-01-21 18:00:00 - Babat,6.349095942488353
2026-01-22 06:00:00 - Babat,6.26
2026-01-22 12:00:00 - Babat,6.31
2026-01-22 18:00:00 - Babat,6.349095942488353
2026-01-23 06:00:00 - Babat,6.26
2026-01-23 12:00:00 - Babat,6.31
2026-01-23 18:00:00 - Babat,6.349095942488353
2026-01-24 06:00:00 - Babat,6.26
2026-01-24 12:00:00 - Babat,6.31
2026-01-24 18:00:00 - Babat,6.349095942488353
2026-01-25 06:00:00 - Babat,6.26
2026-01-25 12:00:00 - Babat,6.31
2026-01-25 18:00:00 - Babat,6.349095942488353
2026-01-26 06:00:00 - Babat,6.26
2026-01-26 12:00:00 - Babat,6.31
2026-01-26 18:00:00 - Babat,6.349095942488353
2026-01-27 06:00:00 - Babat,6.26
2026-01-27 12:00:00 - Babat,6.31
2026-01-27 18:00:00 - Babat,6.349095942488353
2026-01-28 06:00:00 - Babat,6.26
2026-01-28 12:00:00 - Babat,6.31
2026-01-28 18:00:00 - Babat,6.349095942488353
2026-01-29 06:00:00 - Babat,6.26
2026-01-29 12:00:00 - Babat,6.31
2026-01-29 18:00:00 - Babat,6.349095942488353
2026-01-30 06:00:00 - Babat,6.26
2026-01-30 12:00:00 - Babat,6.31
2026-01-30 18:00:00 - Babat,6.349095942488353
2026-01-31 06:00:00 - Babat,6.26
2026-01-31 12:00:00 - Babat,6.31
2026-01-31 18:00:00 - Babat,6.349095942488353
2026-02-01 06:00:00 - Babat,6.66
2026-02-01 12:00:00 - Babat,6.724468031550003
2026-02-01 18:00:00 - Babat,6.635
2026-02-02 06:00:00 - Babat,6.66
2026-02-02 12:00:00 - Babat,6.724468031550003
2026-02-02 18:00:00 - Babat,6.635
2026-02-03 06:00:00 - Babat,6.66
2026-02-03 12:00:00 - Babat,6.724468031550003
2026-02-03 18:00:00 - Babat,6.635
2026-02-04 06:00:00 - Babat,6.66
2026-02-04 12:00:00 - Babat,6.724468031550003
2026-02-04 18:00:00 - Babat,6.635
2026-02-05 06:00:00 - Babat,6.66
2026-02-05 12:00:00 - Babat,6.724468031550003
2026-02-05 18:00:00 - Babat,6.635
2026-02-06 06:00:00 - Babat,6.66
2026-02-06 12:00:00 - Babat,6.724468031550003
2026-02-06 18:00:00 - Babat,6.635
2026-02-07 06:00:00 - Babat,6.66
2026-02-07 12:00:00 - Babat,6.724468031550003
2026-02-07 18:00:00 - Babat,6.635
2026-02-08 06:00:00 - Babat,6.66
2026-02-08 12:00:00 - Babat,6.724468031550003
2026-02-08 18:00:00 - Babat,6.635
2026-02-09 06:00:00 - Babat,6.66
2026-02-09 12:00:00 - Babat,6.724468031550003
2026-02-09 18:00:00 - Babat,6.635
2026-02-10 06:00:00 - Babat,6.66
2026-02-10 12:00:00 - Babat,6.724468031550003
2026-02-10 18:00:00 - Babat,6.635
2026-02-11 06:00:00 - Babat,6.66
2026-02-11 12:00:00 - Babat,6.724468031550003
2026-02-11 18:00:00 - Babat,6.635
2026-02-12 06:00:00 - Babat,6.66
2026-02-12 12:00:00 - Babat,6.724468031550003
2026-02-12 18:00:00 - Babat,6.635
2026-02-13 06:00:00 - Babat,6.66
2026-02-13 12:00:00 - Babat,6.724468031550003
2026-02-13 18:00:00 - Babat,6.635
2026-02-14 06:00:00 - Babat,6.66
2026-02-14 12:00:00 - Babat,6.724468031550003
2026-02-14 18:00:00 - Babat,6.635
2026-02-15 06:00:00 - Babat,6.66
2026-02-15 12:00:00 - Babat,6.724468031550003
2026-02-15 18:00:00 - Babat,6.635
2026-02-16 06:00:00 - Babat,6.66
2026-02-16 12:00:00 - Babat,6.724468031550003
2026-02-16 18:00:00 - Babat,6.635
2026-02-17 06:00:00 - Babat,6.66
2026-02-17 12:00:00 - Babat,6.724468031550003
2026-02-17 18:00:00 - Babat,6.635
2026-02-18 06:00:00 - Babat,6.66
2026-02-18 12:00:00 - Babat,6.724468031550003
2026-02-18 18:00:00 - Babat,6.635
2026-02-19 06:00:00 - Babat,6.66
2026-02-19 12:00:00 - Babat,6.724468031550003
2026-02-19 18:00:00 - Babat,6.635
2026-02-20 06:00:00 - Babat,6.66
2026-02-20 12:00:00 - Babat,6.724468031550003
2026-02-20 18:00:00 - Babat,6.635
2026-02-21 06:00:00 - Babat,6.66
2026-02-21 12:00:00 - Babat,6.724468031550003
2026-02-21 18:00:00 - Babat,6.635
2026-02-22 06:00:00 - Babat,6.66
2026-02-22 12:00:00 - Babat,6.724468031550003
2026-02-22 18:00:00 - Babat,6.635
2026-02-23 06:00:00 - Babat,6.66
2026-02-23 12:00:00 - Babat,6.724468031550003
2026-02-23 18:00:00 - Babat,6.635
2026-02-24 06:00:00 - Babat,6.66
2026-02-24 12:00:00 - Babat,6.724468031550003
2026-02-24 18:00:00 - Babat,6.635
2026-02-25 06:00:00 - Babat,6.66
2026-02-25 12:00:00 - Babat,6.724468031550003
2026-02-25 18:00:00 - Babat,6.635
2026-02-26 06:00:00 - Babat,6.66
2026-02-26 12:00:00 - Babat,6.724468031550003
2026-02-26 18:00:00 - Babat,6.635
2026-02-27 06:00:00 - Babat,6.66
2026-02-27 12:00:00 - Babat,6.724468031550003
2026-02-27 18:00:00 - Babat,6.635
2026-02-28 06:00:00 - Babat,6.66
2026-02-28 12:00:00 - Babat,6.724468031550003
2026-02-28 18:00:00 - Babat,6.635
2026-03-01 06:00:00 - Babat,6.734999999999999
2026-03-01 12:00:00 - Babat,6.76
2026-03-01 18:00:00 - Babat,6.66
2026-03-02 06:00:00 - Babat,6.734999999999999
2026-03-02 12:00:00 - Babat,6.76
2026-03-02 18:00:00 - Babat,6.66
2026-03-03 06:00:00 - Babat,6.734999999999999
2026-03-03 12:00:00 - Babat,6.76
2026-03-03 18:00:00 - Babat,6.66
2026-03-04 06:00:00 - Babat,6.734999999999999
2026-03-04 12:00:00 - Babat,6.76
2026-03-04 18:00:00 - Babat,6.66
2026-03-05 06:00:00 - Babat,6.734999999999999
2026-03-05 12:00:00 - Babat,6.76
2026-03-05 18:00:00 - Babat,6.66
2026-03-06 06:00:00 - Babat,6.734999999999999
2026-03-06 12:00:00 - Babat,6.76
2026-03-06 18:00:00 - Babat,6.66
2026-03-07 06:00:00 - Babat,6.734999999999999
2026-03-07 12:00:00 - Babat,6.76
2026-03-07 18:00:00 - Babat,6.66
2026-03-08 06:00:00 - Babat,6.734999999999999
2026-03-08 12:00:00 - Babat,6.76
2026-03-08 18:00:00 - Babat,6.66
2026-03-09 06:00:00 - Babat,6.734999999999999
2026-03-09 12:00:00 - Babat,6.76
2026-03-09 18:00:00 - Babat,6.66
2026-03-10 06:00:00 - Babat,6.734999999999999
2026-03-10 12:00:00 - Babat,6.76
2026-03-10 18:00:00 - Babat,6.66
2026-03-11 06:00:00 - Babat,6.734999999999999
2026-03-11 12:00:00 - Babat,6.76
2026-03-11 18:00:00 - Babat,6.66
2026-03-12 06:00:00 - Babat,6.734999999999999
2026-03-12 12:00:00 - Babat,6.76
2026-03-12 18:00:00 - Babat,6.66
2026-03-13 06:00:00 - Babat,6.734999999999999
2026-03-13 12:00:00 - Babat,6.76
2026-03-13 18:00:00 - Babat,6.66
2026-03-14 06:00:00 - Babat,6.734999999999999
2026-03-14 12:00:00 - Babat,6.76
2026-03-14 18:00:00 - Babat,6.66
2026-03-15 06:00:00 - Babat,6.734999999999999
2026-03-15 12:00:00 - Babat,6.76
2026-03-15 18:00:00 - Babat,6.66
2026-03-16 06:00:00 - Babat,6.734999999999999
2026-03-16 12:00:00 - Babat,6.76
2026-03-16 18:00:00 - Babat,6.66
2026-03-17 06:00:00 - Babat,6.734999999999999
2026-03-17 12:00:00 - Babat,6.76
2026-03-17 18:00:00 - Babat,6.66
2026-03-18 06:00:00 - Babat,6.734999999999999
2026-03-18 12:00:00 - Babat,6.76
2026-03-18 18:00:00 - Babat,6.66
2026-03-19 06:00:00 - Babat,6.734999999999999
2026-03-19 12:00:00 - Babat,6.76
2026-03-19 18:00:00 - Babat,6.66
2026-03-20 06:00:00 - Babat,6.734999999999999
2026-03-20 12:00:00 - Babat,6.76
2026-03-20 18:00:00 - Babat,6.66
2026-03-21 06:00:00 - Babat,6.734999999999999
2026-03-21 12:00:00 - Babat,6.76
2026-03-21 18:00:00 - Babat,6.66
2026-03-22 06:00:00 - Babat,6.734999999999999
2026-03-22 12:00:00 - Babat,6.76
2026-03-22 18:00:00 - Babat,6.66
2026-03-23 06:00:00 - Babat,6.734999999999999
2026-03-23 12:00:00 - Babat,6.76
2026-03-23 18:00:00 - Babat,6.66
2026-03-24 06:00:00 - Babat,6.734999999999999
2026-03-24 12:00:00 - Babat,6.76
2026-03-24 18:00:00 - Babat,6.66
2026-03-25 06:00:00 - Babat,6.734999999999999
2026-03-25 12:00:00 - Babat,6.76
2026-03-25 18:00:00 - Babat,6.66
2026-03-26 06:00:00 - Babat,6.734999999999999
2026-03-26 12:00:00 - Babat,6.76
2026-03-26 18:00:00 - Babat,6.66
2026-03-27 06:00:00 - Babat,6.734999999999999
2026-03-27 12:00:00 - Babat,6.76
2026-03-27 18:00:00 - Babat,6.66
2026-03-28 06:00:00 - Babat,6.734999999999999
2026-03-28 12:00:00 - Babat,6.76
2026-03-28 18:00:00 - Babat,6.66
2026-03-29 06:00:00 - Babat,6.734999999999999
2026-03-29 12:00:00 - Babat,6.76
2026-03-29 18:00:00 - Babat,6.66
2026-03-30 06:00:00 - Babat,6.734999999999999
2026-03-30 12:00:00 - Babat,6.76
2026-03-30 18:00:00 - Babat,6.66
2026-03-31 06:00:00 - Babat,6.734999999999999
2026-03-31 12:00:00 - Babat,6.76
2026-03-31 18:00:00 - Babat,6.66
2026-04-01 06:00:00 - Babat,6.285
2026-04-01 12:00:00 - Babat,6.36
2026-04-01 18:00:00 - Babat,6.36
2026-04-02 06:00:00 - Babat,6.285
2026-04-02 12:00:00 - Babat,6.36
2026-04-02 18:00:00 - Babat,6.36
2026-04-03 06:00:00 - Babat,6.285
2026-04-03 12:00:00 - Babat,6.36
2026-04-03 18:00:00 - Babat,6.36
2026-04-04 06:00:00 - Babat,6.285
2026-04-04 12:00:00 - Babat,6.36
2026-04-04 18:00:00 - Babat,6.36
2026-04-05 06:00:00 - Babat,6.285
2026-04-05 12:00:00 - Babat,6.36
2026-04-05 18:00:00 - Babat,6.36
2026-04-06 06:00:00 - Babat,6.285
2026-04-06 12:00:00 - Babat,6.36
2026-04-06 18:00:00 - Babat,6.36
2026-04-07 06:00:00 - Babat,6.285
2026-04-07 12:00:00 - Babat,6.36
2026-04-07 18:00:00 - Babat,6.36
2026-04-08 06:00:00 - Babat,6.285
2026-04-08 12:00:00 - Babat,6.36
2026-04-08 18:00:00 - Babat,6.36
2026-04-09 06:00:00 - Babat,6.285
2026-04-09 12:00:00 - Babat,6.36
2026-04-09 18:00:00 - Babat,6.36
2026-04-10 06:00:00 - Babat,6.285
2026-04-10 12:00:00 - Babat,6.36
2026-04-10 18:00:00 - Babat,6.36
2026-04-11 06:00:00 - Babat,6.285
2026-04-11 12:00:00 - Babat,6.36
2026-04-11 18:00:00 - Babat,6.36
2026-04-12 06:00:00 - Babat,6.285
2026-04-12 12:00:00 - Babat,6.36
2026-04-12 18:00:00 - Babat,6.36
2026-04-13 06:00:00 - Babat,6.285
2026-04-13 12:00:00 - Babat,6.36
2026-04-13 18:00:00 - Babat,6.36
2026-04-14 06:00:00 - Babat,6.285
2026-04-14 12:00:00 - Babat,6.36
2026-04-14 18:00:00 - Babat,6.36
2026-04-15 06:00:00 - Babat,6.285
2026-04-15 12:00:00 - Babat,6.36
2026-04-15 18:00:00 - Babat,6.36
2026-04-16 06:00:00 - Babat,6.285
2026-04-16 12:00:00 - Babat,6.36
2026-04-16 18:00:00 - Babat,6.36
2026-04-17 06:00:00 - Babat,6.285
2026-04-17 12:00:00 - Babat,6.36
2026-04-17 18:00:00 - Babat,6.36
2026-04-18 06:00:00 - Babat,6.285
2026-04-18 12:00:00 - Babat,6.36
2026-04-18 18:00:00 - Babat,6.36
2026-04-19 06:00:00 - Babat,6.285
2026-04-19 12:00:00 - Babat,6.36
2026-04-19 18:00:00 - Babat,6.36
2026-04-20 06:00:00 - Babat,6.285
2026-04-20 12:00:00 - Babat,6.36
2026-04-20 18:00:00 - Babat,6.36
2026-04-21 06:00:00 - Babat,6.285
2026-04-21 12:00:00 - Babat,6.36
2026-04-21 18:00:00 - Babat,6.36
2026-04-22 06:00:00 - Babat,6.285
2026-04-22 12:00:00 - Babat,6.36
2026-04-22 18:00:00 - Babat,6.36
2026-04-23 06:00:00 - Babat,6.285
2026-04-23 12:00:00 - Babat,6.36
2026-04-23 18:00:00 - Babat,6.36
2026-04-24 06:00:00 - Babat,6.285
2026-04-24 12:00:00 - Babat,6.36
2026-04-24 18:00:00 - Babat,6.36
2026-04-25 06:00:00 - Babat,6.285
2026-04-25 12:00:00 - Babat,6.36
2026-04-25 18:00:00 - Babat,6.36
2026-04-26 06:00:00 - Babat,6.285
2026-04-26 12:00:00 - Babat,6.36
2026-04-26 18:00:00 - Babat,6.36
2026-04-27 06:00:00 - Babat,6.285
2026-04-27 12:00:00 - Babat,6.36
2026-04-27 18:00:00 - Babat,6.36
2026-04-28 06:00:00 - Babat,6.285
2026-04-28 12:00:00 - Babat,6.36
2026-04-28 18:00:00 - Babat,6.36
2026-04-29 06:00:00 - Babat,6.285
2026-04-29 12:00:00 - Babat,6.36
2026-04-29 18:00:00 - Babat,6.36
2026-04-30 06:00:00 - Babat,6.285
2026-04-30 12:00:00 - Babat,6.36
2026-04-30 18:00:00 - Babat,6.36
2026-05-01 06:00:00 - Babat,6.36
2026-05-01 12:00:00 - Babat,6.36
2026-05-01 18:00:00 - Babat,6.36
2026-05-02 06:00:00 - Babat,6.36
2026-05-02 12:00:00 - Babat,6.36
2026-05-02 18:00:00 - Babat,6.36
2026-05-03 06:00:00 - Babat,6.36
2026-05-03 12:00:00 - Babat,6.36
2026-05-03 18:00:00 - Babat,6.36
2026-05-04 06:00:00 - Babat,6.36
2026-05-04 12:00:00 - Babat,6.36
2026-05-04 18:00:00 - Babat,6.36
2026-05-05 06:00:00 - Babat,6.36
2026-05-05 12:00:00 - Babat,6.36
2026-05-05 18:00:00 - Babat,6.36
2026-05-06 06:00:00 - Babat,6.36
2026-05-06 12:00:00 - Babat,6.36
2026-05-06 18:00:00 - Babat,6.36
2026-05-07 06:00:00 - Babat,6.36
2026-05-07 12:00:00 - Babat,6.36
2026-05-07 18:00:00 - Babat,6.36
2026-05-08 06:00:00 - Babat,6.36
2026-05-08 12:00:00 - Babat,6.36
2026-05-08 18:00:00 - Babat,6.36
2026-05-09 06:00:00 - Babat,6.36
2026-05-09 12:00:00 - Babat,6.36
2026-05-09 18:00:00 - Babat,6.36
2026-05-10 06:00:00 - Babat,6.36
2026-05-10 12:00:00 - Babat,6.36
2026-05-10 18:00:00 - Babat,6.36
2026-05-11 06:00:00 - Babat,6.36
2026-05-11 12:00:00 - Babat,6.36
2026-05-11 18:00:00 - Babat,6.36
2026-05-12 06:00:00 - Babat,6.36
2026-05-12 12:00:00 - Babat,6.36
2026-05-12 18:00:00 - Babat,6.36
2026-05-13 06:00:00 - Babat,6.36
2026-05-13 12:00:00 - Babat,6.36
2026-05-13 18:00:00 - Babat,6.36
2026-05-14 06:00:00 - Babat,6.36
2026-05-14 12:00:00 - Babat,6.36
2026-05-14 18:00:00 - Babat,6.36
2026-05-15 06:00:00 - Babat,6.36
2026-05-15 12:00:00 - Babat,6.36
2026-05-15 18:00:00 - Babat,6.36
2026-05-16 06:00:00 - Babat,6.36
2026-05-16 12:00:00 - Babat,6.36
2026-05-16 18:00:00 - Babat,6.36
2026-05-17 06:00:00 - Babat,6.36
2026-05-17 12:00:00 - Babat,6.36
2026-05-17 18:00:00 - Babat,6.36
2026-05-18 06:00:00 - Babat,6.36
2026-05-18 12:00:00 - Babat,6.36
2026-05-18 18:00:00 - Babat,6.36
2025-09-19 06:00:00 - Badegan,122.11250656392573
2025-09-19 12:00:00 - Badegan,122.0976557730298
2025-09-19 18:00:00 - Badegan,122.09056622021777
2025-09-20 06:00:00 - Badegan,122.11250656392573
2025-09-20 12:00:00 - Badegan,122.0976557730298
2025-09-20 18:00:00 - Badegan,122.09056622021777
2025-09-21 06:00:00 - Badegan,122.11250656392573
2025-09-21 12:00:00 - Badegan,122.0976557730298
2025-09-21 18:00:00 - Badegan,122.09056622021777
2025-09-22 06:00:00 - Badegan,122.11250656392573
2025-09-22 12:00:00 - Badegan,122.0976557730298
2025-09-22 18:00:00 - Badegan,122.09056622021777
2025-09-23 06:00:00 - Badegan,122.11250656392573
2025-09-23 12:00:00 - Badegan,122.0976557730298
2025-09-23 18:00:00 - Badegan,122.09056622021777
2025-09-24 06:00:00 - Badegan,122.11250656392573
2025-09-24 12:00:00 - Badegan,122.0976557730298
2025-09-24 18:00:00 - Badegan,122.09056622021777
2025-09-25 06:00:00 - Badegan,122.11250656392573
2025-09-25 12:00:00 - Badegan,122.0976557730298
2025-09-25 18:00:00 - Badegan,122.09056622021777
2025-09-26 06:00:00 - Badegan,122.11250656392573
2025-09-26 12:00:00 - Badegan,122.0976557730298
2025-09-26 18:00:00 - Badegan,122.09056622021777
2025-09-27 06:00:00 - Badegan,122.11250656392573
2025-09-27 12:00:00 - Badegan,122.0976557730298
2025-09-27 18:00:00 - Badegan,122.09056622021777
2025-09-28 06:00:00 - Badegan,122.11250656392573
2025-09-28 12:00:00 - Badegan,122.0976557730298
2025-09-28 18:00:00 - Badegan,122.09056622021777
2025-09-29 06:00:00 - Badegan,122.11250656392573
2025-09-29 12:00:00 - Badegan,122.0976557730298
2025-09-29 18:00:00 - Badegan,122.09056622021777
2025-09-30 06:00:00 - Badegan,122.11250656392573
2025-09-30 12:00:00 - Badegan,122.0976557730298
2025-09-30 18:00:00 - Badegan,122.09056622021777
2025-10-01 06:00:00 - Badegan,122.12423232082507
2025-10-01 12:00:00 - Badegan,122.1083128337181
2025-10-01 18:00:00 - Badegan,122.1116485071326
2025-10-02 06:00:00 - Badegan,122.12423232082507
2025-10-02 12:00:00 - Badegan,122.1083128337181
2025-10-02 18:00:00 - Badegan,122.1116485071326
2025-10-03 06:00:00 - Badegan,122.12423232082507
2025-10-03 12:00:00 - Badegan,122.1083128337181
2025-10-03 18:00:00 - Badegan,122.1116485071326
2025-10-04 06:00:00 - Badegan,122.12423232082507
2025-10-04 12:00:00 - Badegan,122.1083128337181
2025-10-04 18:00:00 - Badegan,122.1116485071326
2025-10-05 06:00:00 - Badegan,122.12423232082507
2025-10-05 12:00:00 - Badegan,122.1083128337181
2025-10-05 18:00:00 - Badegan,122.1116485071326
2025-10-06 06:00:00 - Badegan,122.12423232082507
2025-10-06 12:00:00 - Badegan,122.1083128337181
2025-10-06 18:00:00 - Badegan,122.1116485071326
2025-10-07 06:00:00 - Badegan,122.12423232082507
2025-10-07 12:00:00 - Badegan,122.1083128337181
2025-10-07 18:00:00 - Badegan,122.1116485071326
2025-10-08 06:00:00 - Badegan,122.12423232082507
2025-10-08 12:00:00 - Badegan,122.1083128337181
2025-10-08 18:00:00 - Badegan,122.1116485071326
2025-10-09 06:00:00 - Badegan,122.12423232082507
2025-10-09 12:00:00 - Badegan,122.1083128337181
2025-10-09 18:00:00 - Badegan,122.1116485071326
2025-10-10 06:00:00 - Badegan,122.12423232082507
2025-10-10 12:00:00 - Badegan,122.1083128337181
2025-10-10 18:00:00 - Badegan,122.1116485071326
2025-10-11 06:00:00 - Badegan,122.12423232082507
2025-10-11 12:00:00 - Badegan,122.1083128337181
2025-10-11 18:00:00 - Badegan,122.1116485071326
2025-10-12 06:00:00 - Badegan,122.12423232082507
2025-10-12 12:00:00 - Badegan,122.1083128337181
2025-10-12 18:00:00 - Badegan,122.1116485071326
2025-10-13 06:00:00 - Badegan,122.12423232082507
2025-10-13 12:00:00 - Badegan,122.1083128337181
2025-10-13 18:00:00 - Badegan,122.1116485071326
2025-10-14 06:00:00 - Badegan,122.12423232082507
2025-10-14 12:00:00 - Badegan,122.1083128337181
2025-10-14 18:00:00 - Badegan,122.1116485071326
2025-10-15 06:00:00 - Badegan,122.12423232082507
2025-10-15 12:00:00 - Badegan,122.1083128337181
2025-10-15 18:00:00 - Badegan,122.1116485071326
2025-10-16 06:00:00 - Badegan,122.12423232082507
2025-10-16 12:00:00 - Badegan,122.1083128337181
2025-10-16 18:00:00 - Badegan,122.1116485071326
2025-10-17 06:00:00 - Badegan,122.12423232082507
2025-10-17 12:00:00 - Badegan,122.1083128337181
2025-10-17 18:00:00 - Badegan,122.1116485071326
2025-10-18 06:00:00 - Badegan,122.12423232082507
2025-10-18 12:00:00 - Badegan,122.1083128337181
2025-10-18 18:00:00 - Badegan,122.1116485071326
2025-10-19 06:00:00 - Badegan,122.12423232082507
2025-10-19 12:00:00 - Badegan,122.1083128337181
2025-10-19 18:00:00 - Badegan,122.1116485071326
2025-10-20 06:00:00 - Badegan,122.12423232082507
2025-10-20 12:00:00 - Badegan,122.1083128337181
2025-10-20 18:00:00 - Badegan,122.1116485071326
2025-10-21 06:00:00 - Badegan,122.12423232082507
2025-10-21 12:00:00 - Badegan,122.1083128337181
2025-10-21 18:00:00 - Badegan,122.1116485071326
2025-10-22 06:00:00 - Badegan,122.12423232082507
2025-10-22 12:00:00 - Badegan,122.1083128337181
2025-10-22 18:00:00 - Badegan,122.1116485071326
2025-10-23 06:00:00 - Badegan,122.12423232082507
2025-10-23 12:00:00 - Badegan,122.1083128337181
2025-10-23 18:00:00 - Badegan,122.1116485071326
2025-10-24 06:00:00 - Badegan,122.12423232082507
2025-10-24 12:00:00 - Badegan,122.1083128337181
2025-10-24 18:00:00 - Badegan,122.1116485071326
2025-10-25 06:00:00 - Badegan,122.12423232082507
2025-10-25 12:00:00 - Badegan,122.1083128337181
2025-10-25 18:00:00 - Badegan,122.1116485071326
2025-10-26 06:00:00 - Badegan,122.12423232082507
2025-10-26 12:00:00 - Badegan,122.1083128337181
2025-10-26 18:00:00 - Badegan,122.1116485071326
2025-10-27 06:00:00 - Badegan,122.12423232082507
2025-10-27 12:00:00 - Badegan,122.1083128337181
2025-10-27 18:00:00 - Badegan,122.1116485071326
2025-10-28 06:00:00 - Badegan,122.12423232082507
2025-10-28 12:00:00 - Badegan,122.1083128337181
2025-10-28 18:00:00 - Badegan,122.1116485071326
2025-10-29 06:00:00 - Badegan,122.12423232082507
2025-10-29 12:00:00 - Badegan,122.1083128337181
2025-10-29 18:00:00 - Badegan,122.1116485071326
2025-10-30 06:00:00 - Badegan,122.12423232082507
2025-10-30 12:00:00 - Badegan,122.1083128337181
2025-10-30 18:00:00 - Badegan,122.1116485071326
2025-10-31 06:00:00 - Badegan,122.12423232082507
2025-10-31 12:00:00 - Badegan,122.1083128337181
2025-10-31 18:00:00 - Badegan,122.1116485071326
2025-11-01 06:00:00 - Badegan,122.21
2025-11-01 12:00:00 - Badegan,122.21
2025-11-01 18:00:00 - Badegan,122.205
2025-11-02 06:00:00 - Badegan,122.21
2025-11-02 12:00:00 - Badegan,122.21
2025-11-02 18:00:00 - Badegan,122.205
2025-11-03 06:00:00 - Badegan,122.21
2025-11-03 12:00:00 - Badegan,122.21
2025-11-03 18:00:00 - Badegan,122.205
2025-11-04 06:00:00 - Badegan,122.21
2025-11-04 12:00:00 - Badegan,122.21
2025-11-04 18:00:00 - Badegan,122.205
2025-11-05 06:00:00 - Badegan,122.21
2025-11-05 12:00:00 - Badegan,122.21
2025-11-05 18:00:00 - Badegan,122.205
2025-11-06 06:00:00 - Badegan,122.21
2025-11-06 12:00:00 - Badegan,122.21
2025-11-06 18:00:00 - Badegan,122.205
2025-11-07 06:00:00 - Badegan,122.21
2025-11-07 12:00:00 - Badegan,122.21
2025-11-07 18:00:00 - Badegan,122.205
2025-11-08 06:00:00 - Badegan,122.21
2025-11-08 12:00:00 - Badegan,122.21
2025-11-08 18:00:00 - Badegan,122.205
2025-11-09 06:00:00 - Badegan,122.21
2025-11-09 12:00:00 - Badegan,122.21
2025-11-09 18:00:00 - Badegan,122.205
2025-11-10 06:00:00 - Badegan,122.21
2025-11-10 12:00:00 - Badegan,122.21
2025-11-10 18:00:00 - Badegan,122.205
2025-11-11 06:00:00 - Badegan,122.21
2025-11-11 12:00:00 - Badegan,122.21
2025-11-11 18:00:00 - Badegan,122.205
2025-11-12 06:00:00 - Badegan,122.21
2025-11-12 12:00:00 - Badegan,122.21
2025-11-12 18:00:00 - Badegan,122.205
2025-11-13 06:00:00 - Badegan,122.21
2025-11-13 12:00:00 - Badegan,122.21
2025-11-13 18:00:00 - Badegan,122.205
2025-11-14 06:00:00 - Badegan,122.21
2025-11-14 12:00:00 - Badegan,122.21
2025-11-14 18:00:00 - Badegan,122.205
2025-11-15 06:00:00 - Badegan,122.21
2025-11-15 12:00:00 - Badegan,122.21
2025-11-15 18:00:00 - Badegan,122.205
2025-11-16 06:00:00 - Badegan,122.21
2025-11-16 12:00:00 - Badegan,122.21
2025-11-16 18:00:00 - Badegan,122.205
2025-11-17 06:00:00 - Badegan,122.21
2025-11-17 12:00:00 - Badegan,122.21
2025-11-17 18:00:00 - Badegan,122.205
2025-11-18 06:00:00 - Badegan,122.21
2025-11-18 12:00:00 - Badegan,122.21
2025-11-18 18:00:00 - Badegan,122.205
2025-11-19 06:00:00 - Badegan,122.21
2025-11-19 12:00:00 - Badegan,122.21
2025-11-19 18:00:00 - Badegan,122.205
2025-11-20 06:00:00 - Badegan,122.21
2025-11-20 12:00:00 - Badegan,122.21
2025-11-20 18:00:00 - Badegan,122.205
2025-11-21 06:00:00 - Badegan,122.21
2025-11-21 12:00:00 - Badegan,122.21
2025-11-21 18:00:00 - Badegan,122.205
2025-11-22 06:00:00 - Badegan,122.21
2025-11-22 12:00:00 - Badegan,122.21
2025-11-22 18:00:00 - Badegan,122.205
2025-11-23 06:00:00 - Badegan,122.21
2025-11-23 12:00:00 - Badegan,122.21
2025-11-23 18:00:00 - Badegan,122.205
2025-11-24 06:00:00 - Badegan,122.21
2025-11-24 12:00:00 - Badegan,122.21
2025-11-24 18:00:00 - Badegan,122.205
2025-11-25 06:00:00 - Badegan,122.21
2025-11-25 12:00:00 - Badegan,122.21
2025-11-25 18:00:00 - Badegan,122.205
2025-11-26 06:00:00 - Badegan,122.21
2025-11-26 12:00:00 - Badegan,122.21
2025-11-26 18:00:00 - Badegan,122.205
2025-11-27 06:00:00 - Badegan,122.21
2025-11-27 12:00:00 - Badegan,122.21
2025-11-27 18:00:00 - Badegan,122.205
2025-11-28 06:00:00 - Badegan,122.21
2025-11-28 12:00:00 - Badegan,122.21
2025-11-28 18:00:00 - Badegan,122.205
2025-11-29 06:00:00 - Badegan,122.21
2025-11-29 12:00:00 - Badegan,122.21
2025-11-29 18:00:00 - Badegan,122.205
2025-11-30 06:00:00 - Badegan,122.21
2025-11-30 12:00:00 - Badegan,122.21
2025-11-30 18:00:00 - Badegan,122.205
2025-12-01 06:00:00 - Badegan,122.46
2025-12-01 12:00:00 - Badegan,122.46
2025-12-01 18:00:00 - Badegan,122.46
2025-12-02 06:00:00 - Badegan,122.46
2025-12-02 12:00:00 - Badegan,122.46
2025-12-02 18:00:00 - Badegan,122.46
2025-12-03 06:00:00 - Badegan,122.46
2025-12-03 12:00:00 - Badegan,122.46
2025-12-03 18:00:00 - Badegan,122.46
2025-12-04 06:00:00 - Badegan,122.46
2025-12-04 12:00:00 - Badegan,122.46
2025-12-04 18:00:00 - Badegan,122.46
2025-12-05 06:00:00 - Badegan,122.46
2025-12-05 12:00:00 - Badegan,122.46
2025-12-05 18:00:00 - Badegan,122.46
2025-12-06 06:00:00 - Badegan,122.46
2025-12-06 12:00:00 - Badegan,122.46
2025-12-06 18:00:00 - Badegan,122.46
2025-12-07 06:00:00 - Badegan,122.46
2025-12-07 12:00:00 - Badegan,122.46
2025-12-07 18:00:00 - Badegan,122.46
2025-12-08 06:00:00 - Badegan,122.46
2025-12-08 12:00:00 - Badegan,122.46
2025-12-08 18:00:00 - Badegan,122.46
2025-12-09 06:00:00 - Badegan,122.46
2025-12-09 12:00:00 - Badegan,122.46
2025-12-09 18:00:00 - Badegan,122.46
2025-12-10 06:00:00 - Badegan,122.46
2025-12-10 12:00:00 - Badegan,122.46
2025-12-10 18:00:00 - Badegan,122.46
2025-12-11 06:00:00 - Badegan,122.46
2025-12-11 12:00:00 - Badegan,122.46
2025-12-11 18:00:00 - Badegan,122.46
2025-12-12 06:00:00 - Badegan,122.46
2025-12-12 12:00:00 - Badegan,122.46
2025-12-12 18:00:00 - Badegan,122.46
2025-12-13 06:00:00 - Badegan,122.46
2025-12-13 12:00:00 - Badegan,122.46
2025-12-13 18:00:00 - Badegan,122.46
2025-12-14 06:00:00 - Badegan,122.46
2025-12-14 12:00:00 - Badegan,122.46
2025-12-14 18:00:00 - Badegan,122.46
2025-12-15 06:00:00 - Badegan,122.46
2025-12-15 12:00:00 - Badegan,122.46
2025-12-15 18:00:00 - Badegan,122.46
2025-12-16 06:00:00 - Badegan,122.46
2025-12-16 12:00:00 - Badegan,122.46
2025-12-16 18:00:00 - Badegan,122.46
2025-12-17 06:00:00 - Badegan,122.46
2025-12-17 12:00:00 - Badegan,122.46
2025-12-17 18:00:00 - Badegan,122.46
2025-12-18 06:00:00 - Badegan,122.46
2025-12-18 12:00:00 - Badegan,122.46
2025-12-18 18:00:00 - Badegan,122.46
2025-12-19 06:00:00 - Badegan,122.46
2025-12-19 12:00:00 - Badegan,122.46
2025-12-19 18:00:00 - Badegan,122.46
2025-12-20 06:00:00 - Badegan,122.46
2025-12-20 12:00:00 - Badegan,122.46
2025-12-20 18:00:00 - Badegan,122.46
2025-12-21 06:00:00 - Badegan,122.46
2025-12-21 12:00:00 - Badegan,122.46
2025-12-21 18:00:00 - Badegan,122.46
2025-12-22 06:00:00 - Badegan,122.46
2025-12-22 12:00:00 - Badegan,122.46
2025-12-22 18:00:00 - Badegan,122.46
2025-12-23 06:00:00 - Badegan,122.46
2025-12-23 12:00:00 - Badegan,122.46
2025-12-23 18:00:00 - Badegan,122.46
2025-12-24 06:00:00 - Badegan,122.46
2025-12-24 12:00:00 - Badegan,122.46
2025-12-24 18:00:00 - Badegan,122.46
2025-12-25 06:00:00 - Badegan,122.46
2025-12-25 12:00:00 - Badegan,122.46
2025-12-25 18:00:00 - Badegan,122.46
2025-12-26 06:00:00 - Badegan,122.46
2025-12-26 12:00:00 - Badegan,122.46
2025-12-26 18:00:00 - Badegan,122.46
2025-12-27 06:00:00 - Badegan,122.46
2025-12-27 12:00:00 - Badegan,122.46
2025-12-27 18:00:00 - Badegan,122.46
2025-12-28 06:00:00 - Badegan,122.46
2025-12-28 12:00:00 - Badegan,122.46
2025-12-28 18:00:00 - Badegan,122.46
2025-12-29 06:00:00 - Badegan,122.46
2025-12-29 12:00:00 - Badegan,122.46
2025-12-29 18:00:00 - Badegan,122.46
2025-12-30 06:00:00 - Badegan,122.46
2025-12-30 12:00:00 - Badegan,122.46
2025-12-30 18:00:00 - Badegan,122.46
2025-12-31 06:00:00 - Badegan,122.46
2025-12-31 12:00:00 - Badegan,122.46
2025-12-31 18:00:00 - Badegan,122.46
2026-01-01 06:00:00 - Badegan,122.57201645856004
2026-01-01 12:00:00 - Badegan,122.52
2026-01-01 18:00:00 - Badegan,122.55
2026-01-02 06:00:00 - Badegan,122.57201645856004
2026-01-02 12:00:00 - Badegan,122.52
2026-01-02 18:00:00 - Badegan,122.55
2026-01-03 06:00:00 - Badegan,122.57201645856004
2026-01-03 12:00:00 - Badegan,122.52
2026-01-03 18:00:00 - Badegan,122.55
2026-01-04 06:00:00 - Badegan,122.57201645856004
2026-01-04 12:00:00 - Badegan,122.52
2026-01-04 18:00:00 - Badegan,122.55
2026-01-05 06:00:00 - Badegan,122.57201645856004
2026-01-05 12:00:00 - Badegan,122.52
2026-01-05 18:00:00 - Badegan,122.55
2026-01-06 06:00:00 - Badegan,122.57201645856004
2026-01-06 12:00:00 - Badegan,122.52
2026-01-06 18:00:00 - Badegan,122.55
2026-01-07 06:00:00 - Badegan,122.57201645856004
2026-01-07 12:00:00 - Badegan,122.52
2026-01-07 18:00:00 - Badegan,122.55
2026-01-08 06:00:00 - Badegan,122.57201645856004
2026-01-08 12:00:00 - Badegan,122.52
2026-01-08 18:00:00 - Badegan,122.55
2026-01-09 06:00:00 - Badegan,122.57201645856004
2026-01-09 12:00:00 - Badegan,122.52
2026-01-09 18:00:00 - Badegan,122.55
2026-01-10 06:00:00 - Badegan,122.57201645856004
2026-01-10 12:00:00 - Badegan,122.52
2026-01-10 18:00:00 - Badegan,122.55
2026-01-11 06:00:00 - Badegan,122.57201645856004
2026-01-11 12:00:00 - Badegan,122.52
2026-01-11 18:00:00 - Badegan,122.55
2026-01-12 06:00:00 - Badegan,122.57201645856004
2026-01-12 12:00:00 - Badegan,122.52
2026-01-12 18:00:00 - Badegan,122.55
2026-01-13 06:00:00 - Badegan,122.57201645856004
2026-01-13 12:00:00 - Badegan,122.52
2026-01-13 18:00:00 - Badegan,122.55
2026-01-14 06:00:00 - Badegan,122.57201645856004
2026-01-14 12:00:00 - Badegan,122.52
2026-01-14 18:00:00 - Badegan,122.55
2026-01-15 06:00:00 - Badegan,122.57201645856004
2026-01-15 12:00:00 - Badegan,122.52
2026-01-15 18:00:00 - Badegan,122.55
2026-01-16 06:00:00 - Badegan,122.57201645856004
2026-01-16 12:00:00 - Badegan,122.52
2026-01-16 18:00:00 - Badegan,122.55
2026-01-17 06:00:00 - Badegan,122.57201645856004
2026-01-17 12:00:00 - Badegan,122.52
2026-01-17 18:00:00 - Badegan,122.55
2026-01-18 06:00:00 - Badegan,122.57201645856004
2026-01-18 12:00:00 - Badegan,122.52
2026-01-18 18:00:00 - Badegan,122.55
2026-01-19 06:00:00 - Badegan,122.57201645856004
2026-01-19 12:00:00 - Badegan,122.52
2026-01-19 18:00:00 - Badegan,122.55
2026-01-20 06:00:00 - Badegan,122.57201645856004
2026-01-20 12:00:00 - Badegan,122.52
2026-01-20 18:00:00 - Badegan,122.55
2026-01-21 06:00:00 - Badegan,122.57201645856004
2026-01-21 12:00:00 - Badegan,122.52
2026-01-21 18:00:00 - Badegan,122.55
2026-01-22 06:00:00 - Badegan,122.57201645856004
2026-01-22 12:00:00 - Badegan,122.52
2026-01-22 18:00:00 - Badegan,122.55
2026-01-23 06:00:00 - Badegan,122.57201645856004
2026-01-23 12:00:00 - Badegan,122.52
2026-01-23 18:00:00 - Badegan,122.55
2026-01-24 06:00:00 - Badegan,122.57201645856004
2026-01-24 12:00:00 - Badegan,122.52
2026-01-24 18:00:00 - Badegan,122.55
2026-01-25 06:00:00 - Badegan,122.57201645856004
2026-01-25 12:00:00 - Badegan,122.52
2026-01-25 18:00:00 - Badegan,122.55
2026-01-26 06:00:00 - Badegan,122.57201645856004
2026-01-26 12:00:00 - Badegan,122.52
2026-01-26 18:00:00 - Badegan,122.55
2026-01-27 06:00:00 - Badegan,122.57201645856004
2026-01-27 12:00:00 - Badegan,122.52
2026-01-27 18:00:00 - Badegan,122.55
2026-01-28 06:00:00 - Badegan,122.57201645856004
2026-01-28 12:00:00 - Badegan,122.52
2026-01-28 18:00:00 - Badegan,122.55
2026-01-29 06:00:00 - Badegan,122.57201645856004
2026-01-29 12:00:00 - Badegan,122.52
2026-01-29 18:00:00 - Badegan,122.55
2026-01-30 06:00:00 - Badegan,122.57201645856004
2026-01-30 12:00:00 - Badegan,122.52
2026-01-30 18:00:00 - Badegan,122.55
2026-01-31 06:00:00 - Badegan,122.57201645856004
2026-01-31 12:00:00 - Badegan,122.52
2026-01-31 18:00:00 - Badegan,122.55
2026-02-01 06:00:00 - Badegan,122.62749572104165
2026-02-01 12:00:00 - Badegan,122.59966680598946
2026-02-01 18:00:00 - Badegan,122.66
2026-02-02 06:00:00 - Badegan,122.62749572104165
2026-02-02 12:00:00 - Badegan,122.59966680598946
2026-02-02 18:00:00 - Badegan,122.66
2026-02-03 06:00:00 - Badegan,122.62749572104165
2026-02-03 12:00:00 - Badegan,122.59966680598946
2026-02-03 18:00:00 - Badegan,122.66
2026-02-04 06:00:00 - Badegan,122.62749572104165
2026-02-04 12:00:00 - Badegan,122.59966680598946
2026-02-04 18:00:00 - Badegan,122.66
2026-02-05 06:00:00 - Badegan,122.62749572104165
2026-02-05 12:00:00 - Badegan,122.59966680598946
2026-02-05 18:00:00 - Badegan,122.66
2026-02-06 06:00:00 - Badegan,122.62749572104165
2026-02-06 12:00:00 - Badegan,122.59966680598946
2026-02-06 18:00:00 - Badegan,122.66
2026-02-07 06:00:00 - Badegan,122.62749572104165
2026-02-07 12:00:00 - Badegan,122.59966680598946
2026-02-07 18:00:00 - Badegan,122.66
2026-02-08 06:00:00 - Badegan,122.62749572104165
2026-02-08 12:00:00 - Badegan,122.59966680598946
2026-02-08 18:00:00 - Badegan,122.66
2026-02-09 06:00:00 - Badegan,122.62749572104165
2026-02-09 12:00:00 - Badegan,122.59966680598946
2026-02-09 18:00:00 - Badegan,122.66
2026-02-10 06:00:00 - Badegan,122.62749572104165
2026-02-10 12:00:00 - Badegan,122.59966680598946
2026-02-10 18:00:00 - Badegan,122.66
2026-02-11 06:00:00 - Badegan,122.62749572104165
2026-02-11 12:00:00 - Badegan,122.59966680598946
2026-02-11 18:00:00 - Badegan,122.66
2026-02-12 06:00:00 - Badegan,122.62749572104165
2026-02-12 12:00:00 - Badegan,122.59966680598946
2026-02-12 18:00:00 - Badegan,122.66
2026-02-13 06:00:00 - Badegan,122.62749572104165
2026-02-13 12:00:00 - Badegan,122.59966680598946
2026-02-13 18:00:00 - Badegan,122.66
2026-02-14 06:00:00 - Badegan,122.62749572104165
2026-02-14 12:00:00 - Badegan,122.59966680598946
2026-02-14 18:00:00 - Badegan,122.66
2026-02-15 06:00:00 - Badegan,122.62749572104165
2026-02-15 12:00:00 - Badegan,122.59966680598946
2026-02-15 18:00:00 - Badegan,122.66
2026-02-16 06:00:00 - Badegan,122.62749572104165
2026-02-16 12:00:00 - Badegan,122.59966680598946
2026-02-16 18:00:00 - Badegan,122.66
2026-02-17 06:00:00 - Badegan,122.62749572104165
2026-02-17 12:00:00 - Badegan,122.59966680598946
2026-02-17 18:00:00 - Badegan,122.66
2026-02-18 06:00:00 - Badegan,122.62749572104165
2026-02-18 12:00:00 - Badegan,122.59966680598946
2026-02-18 18:00:00 - Badegan,122.66
2026-02-19 06:00:00 - Badegan,122.62749572104165
2026-02-19 12:00:00 - Badegan,122.59966680598946
2026-02-19 18:00:00 - Badegan,122.66
2026-02-20 06:00:00 - Badegan,122.62749572104165
2026-02-20 12:00:00 - Badegan,122.59966680598946
2026-02-20 18:00:00 - Badegan,122.66
2026-02-21 06:00:00 - Badegan,122.62749572104165
2026-02-21 12:00:00 - Badegan,122.59966680598946
2026-02-21 18:00:00 - Badegan,122.66
2026-02-22 06:00:00 - Badegan,122.62749572104165
2026-02-22 12:00:00 - Badegan,122.59966680598946
2026-02-22 18:00:00 - Badegan,122.66
2026-02-23 06:00:00 - Badegan,122.62749572104165
2026-02-23 12:00:00 - Badegan,122.59966680598946
2026-02-23 18:00:00 - Badegan,122.66
2026-02-24 06:00:00 - Badegan,122.62749572104165
2026-02-24 12:00:00 - Badegan,122.59966680598946
2026-02-24 18:00:00 - Badegan,122.66
2026-02-25 06:00:00 - Badegan,122.62749572104165
2026-02-25 12:00:00 - Badegan,122.59966680598946
2026-02-25 18:00:00 - Badegan,122.66
2026-02-26 06:00:00 - Badegan,122.62749572104165
2026-02-26 12:00:00 - Badegan,122.59966680598946
2026-02-26 18:00:00 - Badegan,122.66
2026-02-27 06:00:00 - Badegan,122.62749572104165
2026-02-27 12:00:00 - Badegan,122.59966680598946
2026-02-27 18:00:00 - Badegan,122.66
2026-02-28 06:00:00 - Badegan,122.62749572104165
2026-02-28 12:00:00 - Badegan,122.59966680598946
2026-02-28 18:00:00 - Badegan,122.66
2026-03-01 06:00:00 - Badegan,122.65
2026-03-01 12:00:00 - Badegan,122.62
2026-03-01 18:00:00 - Badegan,122.64
2026-03-02 06:00:00 - Badegan,122.65
2026-03-02 12:00:00 - Badegan,122.62
2026-03-02 18:00:00 - Badegan,122.64
2026-03-03 06:00:00 - Badegan,122.65
2026-03-03 12:00:00 - Badegan,122.62
2026-03-03 18:00:00 - Badegan,122.64
2026-03-04 06:00:00 - Badegan,122.65
2026-03-04 12:00:00 - Badegan,122.62
2026-03-04 18:00:00 - Badegan,122.64
2026-03-05 06:00:00 - Badegan,122.65
2026-03-05 12:00:00 - Badegan,122.62
2026-03-05 18:00:00 - Badegan,122.64
2026-03-06 06:00:00 - Badegan,122.65
2026-03-06 12:00:00 - Badegan,122.62
2026-03-06 18:00:00 - Badegan,122.64
2026-03-07 06:00:00 - Badegan,122.65
2026-03-07 12:00:00 - Badegan,122.62
2026-03-07 18:00:00 - Badegan,122.64
2026-03-08 06:00:00 - Badegan,122.65
2026-03-08 12:00:00 - Badegan,122.62
2026-03-08 18:00:00 - Badegan,122.64
2026-03-09 06:00:00 - Badegan,122.65
2026-03-09 12:00:00 - Badegan,122.62
2026-03-09 18:00:00 - Badegan,122.64
2026-03-10 06:00:00 - Badegan,122.65
2026-03-10 12:00:00 - Badegan,122.62
2026-03-10 18:00:00 - Badegan,122.64
2026-03-11 06:00:00 - Badegan,122.65
2026-03-11 12:00:00 - Badegan,122.62
2026-03-11 18:00:00 - Badegan,122.64
2026-03-12 06:00:00 - Badegan,122.65
2026-03-12 12:00:00 - Badegan,122.62
2026-03-12 18:00:00 - Badegan,122.64
2026-03-13 06:00:00 - Badegan,122.65
2026-03-13 12:00:00 - Badegan,122.62
2026-03-13 18:00:00 - Badegan,122.64
2026-03-14 06:00:00 - Badegan,122.65
2026-03-14 12:00:00 - Badegan,122.62
2026-03-14 18:00:00 - Badegan,122.64
2026-03-15 06:00:00 - Badegan,122.65
2026-03-15 12:00:00 - Badegan,122.62
2026-03-15 18:00:00 - Badegan,122.64
2026-03-16 06:00:00 - Badegan,122.65
2026-03-16 12:00:00 - Badegan,122.62
2026-03-16 18:00:00 - Badegan,122.64
2026-03-17 06:00:00 - Badegan,122.65
2026-03-17 12:00:00 - Badegan,122.62
2026-03-17 18:00:00 - Badegan,122.64
2026-03-18 06:00:00 - Badegan,122.65
2026-03-18 12:00:00 - Badegan,122.62
2026-03-18 18:00:00 - Badegan,122.64
2026-03-19 06:00:00 - Badegan,122.65
2026-03-19 12:00:00 - Badegan,122.62
2026-03-19 18:00:00 - Badegan,122.64
2026-03-20 06:00:00 - Badegan,122.65
2026-03-20 12:00:00 - Badegan,122.62
2026-03-20 18:00:00 - Badegan,122.64
2026-03-21 06:00:00 - Badegan,122.65
2026-03-21 12:00:00 - Badegan,122.62
2026-03-21 18:00:00 - Badegan,122.64
2026-03-22 06:00:00 - Badegan,122.65
2026-03-22 12:00:00 - Badegan,122.62
2026-03-22 18:00:00 - Badegan,122.64
2026-03-23 06:00:00 - Badegan,122.65
2026-03-23 12:00:00 - Badegan,122.62
2026-03-23 18:00:00 - Badegan,122.64
2026-03-24 06:00:00 - Badegan,122.65
2026-03-24 12:00:00 - Badegan,122.62
2026-03-24 18:00:00 - Badegan,122.64
2026-03-25 06:00:00 - Badegan,122.65
2026-03-25 12:00:00 - Badegan,122.62
2026-03-25 18:00:00 - Badegan,122.64
2026-03-26 06:00:00 - Badegan,122.65
2026-03-26 12:00:00 - Badegan,122.62
2026-03-26 18:00:00 - Badegan,122.64
2026-03-27 06:00:00 - Badegan,122.65
2026-03-27 12:00:00 - Badegan,122.62
2026-03-27 18:00:00 - Badegan,122.64
2026-03-28 06:00:00 - Badegan,122.65
2026-03-28 12:00:00 - Badegan,122.62
2026-03-28 18:00:00 - Badegan,122.64
2026-03-29 06:00:00 - Badegan,122.65
2026-03-29 12:00:00 - Badegan,122.62
2026-03-29 18:00:00 - Badegan,122.64
2026-03-30 06:00:00 - Badegan,122.65
2026-03-30 12:00:00 - Badegan,122.62
2026-03-30 18:00:00 - Badegan,122.64
2026-03-31 06:00:00 - Badegan,122.65
2026-03-31 12:00:00 - Badegan,122.62
2026-03-31 18:00:00 - Badegan,122.64
2026-04-01 06:00:00 - Badegan,122.5
2026-04-01 12:00:00 - Badegan,122.48
2026-04-01 18:00:00 - Badegan,122.46
2026-04-02 06:00:00 - Badegan,122.5
2026-04-02 12:00:00 - Badegan,122.48
2026-04-02 18:00:00 - Badegan,122.46
2026-04-03 06:00:00 - Badegan,122.5
2026-04-03 12:00:00 - Badegan,122.48
2026-04-03 18:00:00 - Badegan,122.46
2026-04-04 06:00:00 - Badegan,122.5
2026-04-04 12:00:00 - Badegan,122.48
2026-04-04 18:00:00 - Badegan,122.46
2026-04-05 06:00:00 - Badegan,122.5
2026-04-05 12:00:00 - Badegan,122.48
2026-04-05 18:00:00 - Badegan,122.46
2026-04-06 06:00:00 - Badegan,122.5
2026-04-06 12:00:00 - Badegan,122.48
2026-04-06 18:00:00 - Badegan,122.46
2026-04-07 06:00:00 - Badegan,122.5
2026-04-07 12:00:00 - Badegan,122.48
2026-04-07 18:00:00 - Badegan,122.46
2026-04-08 06:00:00 - Badegan,122.5
2026-04-08 12:00:00 - Badegan,122.48
2026-04-08 18:00:00 - Badegan,122.46
2026-04-09 06:00:00 - Badegan,122.5
2026-04-09 12:00:00 - Badegan,122.48
2026-04-09 18:00:00 - Badegan,122.46
2026-04-10 06:00:00 - Badegan,122.5
2026-04-10 12:00:00 - Badegan,122.48
2026-04-10 18:00:00 - Badegan,122.46
2026-04-11 06:00:00 - Badegan,122.5
2026-04-11 12:00:00 - Badegan,122.48
2026-04-11 18:00:00 - Badegan,122.46
2026-04-12 06:00:00 - Badegan,122.5
2026-04-12 12:00:00 - Badegan,122.48
2026-04-12 18:00:00 - Badegan,122.46
2026-04-13 06:00:00 - Badegan,122.5
2026-04-13 12:00:00 - Badegan,122.48
2026-04-13 18:00:00 - Badegan,122.46
2026-04-14 06:00:00 - Badegan,122.5
2026-04-14 12:00:00 - Badegan,122.48
2026-04-14 18:00:00 - Badegan,122.46
2026-04-15 06:00:00 - Badegan,122.5
2026-04-15 12:00:00 - Badegan,122.48
2026-04-15 18:00:00 - Badegan,122.46
2026-04-16 06:00:00 - Badegan,122.5
2026-04-16 12:00:00 - Badegan,122.48
2026-04-16 18:00:00 - Badegan,122.46
2026-04-17 06:00:00 - Badegan,122.5
2026-04-17 12:00:00 - Badegan,122.48
2026-04-17 18:00:00 - Badegan,122.46
2026-04-18 06:00:00 - Badegan,122.5
2026-04-18 12:00:00 - Badegan,122.48
2026-04-18 18:00:00 - Badegan,122.46
2026-04-19 06:00:00 - Badegan,122.5
2026-04-19 12:00:00 - Badegan,122.48
2026-04-19 18:00:00 - Badegan,122.46
2026-04-20 06:00:00 - Badegan,122.5
2026-04-20 12:00:00 - Badegan,122.48
2026-04-20 18:00:00 - Badegan,122.46
2026-04-21 06:00:00 - Badegan,122.5
2026-04-21 12:00:00 - Badegan,122.48
2026-04-21 18:00:00 - Badegan,122.46
2026-04-22 06:00:00 - Badegan,122.5
2026-04-22 12:00:00 - Badegan,122.48
2026-04-22 18:00:00 - Badegan,122.46
2026-04-23 06:00:00 - Badegan,122.5
2026-04-23 12:00:00 - Badegan,122.48
2026-04-23 18:00:00 - Badegan,122.46
2026-04-24 06:00:00 - Badegan,122.5
2026-04-24 12:00:00 - Badegan,122.48
2026-04-24 18:00:00 - Badegan,122.46
2026-04-25 06:00:00 - Badegan,122.5
2026-04-25 12:00:00 - Badegan,122.48
2026-04-25 18:00:00 - Badegan,122.46
2026-04-26 06:00:00 - Badegan,122.5
2026-04-26 12:00:00 - Badegan,122.48
2026-04-26 18:00:00 - Badegan,122.46
2026-04-27 06:00:00 - Badegan,122.5
2026-04-27 12:00:00 - Badegan,122.48
2026-04-27 18:00:00 - Badegan,122.46
2026-04-28 06:00:00 - Badegan,122.5
2026-04-28 12:00:00 - Badegan,122.48
2026-04-28 18:00:00 - Badegan,122.46
2026-04-29 06:00:00 - Badegan,122.5
2026-04-29 12:00:00 - Badegan,122.48
2026-04-29 18:00:00 - Badegan,122.46
2026-04-30 06:00:00 - Badegan,122.5
2026-04-30 12:00:00 - Badegan,122.48
2026-04-30 18:00:00 - Badegan,122.46
2026-05-01 06:00:00 - Badegan,122.46
2026-05-01 12:00:00 - Badegan,122.46
2026-05-01 18:00:00 - Badegan,122.44124172846942
2026-05-02 06:00:00 - Badegan,122.46
2026-05-02 12:00:00 - Badegan,122.46
2026-05-02 18:00:00 - Badegan,122.44124172846942
2026-05-03 06:00:00 - Badegan,122.46
2026-05-03 12:00:00 - Badegan,122.46
2026-05-03 18:00:00 - Badegan,122.44124172846942
2026-05-04 06:00:00 - Badegan,122.46
2026-05-04 12:00:00 - Badegan,122.46
2026-05-04 18:00:00 - Badegan,122.44124172846942
2026-05-05 06:00:00 - Badegan,122.46
2026-05-05 12:00:00 - Badegan,122.46
2026-05-05 18:00:00 - Badegan,122.44124172846942
2026-05-06 06:00:00 - Badegan,122.46
2026-05-06 12:00:00 - Badegan,122.46
2026-05-06 18:00:00 - Badegan,122.44124172846942
2026-05-07 06:00:00 - Badegan,122.46
2026-05-07 12:00:00 - Badegan,122.46
2026-05-07 18:00:00 - Badegan,122.44124172846942
2026-05-08 06:00:00 - Badegan,122.46
2026-05-08 12:00:00 - Badegan,122.46
2026-05-08 18:00:00 - Badegan,122.44124172846942
2026-05-09 06:00:00 - Badegan,122.46
2026-05-09 12:00:00 - Badegan,122.46
2026-05-09 18:00:00 - Badegan,122.44124172846942
2026-05-10 06:00:00 - Badegan,122.46
2026-05-10 12:00:00 - Badegan,122.46
2026-05-10 18:00:00 - Badegan,122.44124172846942
2026-05-11 06:00:00 - Badegan,122.46
2026-05-11 12:00:00 - Badegan,122.46
2026-05-11 18:00:00 - Badegan,122.44124172846942
2026-05-12 06:00:00 - Badegan,122.46
2026-05-12 12:00:00 - Badegan,122.46
2026-05-12 18:00:00 - Badegan,122.44124172846942
2026-05-13 06:00:00 - Badegan,122.46
2026-05-13 12:00:00 - Badegan,122.46
2026-05-13 18:00:00 - Badegan,122.44124172846942
2026-05-14 06:00:00 - Badegan,122.46
2026-05-14 12:00:00 - Badegan,122.46
2026-05-14 18:00:00 - Badegan,122.44124172846942
2026-05-15 06:00:00 - Badegan,122.46
2026-05-15 12:00:00 - Badegan,122.46
2026-05-15 18:00:00 - Badegan,122.44124172846942
2026-05-16 06:00:00 - Badegan,122.46
2026-05-16 12:00:00 - Badegan,122.46
2026-05-16 18:00:00 - Badegan,122.44124172846942
2026-05-17 06:00:00 - Badegan,122.46
2026-05-17 12:00:00 - Badegan,122.46
2026-05-17 18:00:00 - Badegan,122.44124172846942
2026-05-18 06:00:00 - Badegan,122.46
2026-05-18 12:00:00 - Badegan,122.46
2026-05-18 18:00:00 - Badegan,122.44124172846942
2025-09-19 06:00:00 - Bengkelolor,8.035410788288193
2025-09-19 12:00:00 - Bengkelolor,8.01
2025-09-19 18:00:00 - Bengkelolor,8.01
2025-09-20 06:00:00 - Bengkelolor,8.035410788288193
2025-09-20 12:00:00 - Bengkelolor,8.01
2025-09-20 18:00:00 - Bengkelolor,8.01
2025-09-21 06:00:00 - Bengkelolor,8.035410788288193
2025-09-21 12:00:00 - Bengkelolor,8.01
2025-09-21 18:00:00 - Bengkelolor,8.01
2025-09-22 06:00:00 - Bengkelolor,8.035410788288193
2025-09-22 12:00:00 - Bengkelolor,8.01
2025-09-22 18:00:00 - Bengkelolor,8.01
2025-09-23 06:00:00 - Bengkelolor,8.035410788288193
2025-09-23 12:00:00 - Bengkelolor,8.01
2025-09-23 18:00:00 - Bengkelolor,8.01
2025-09-24 06:00:00 - Bengkelolor,8.035410788288193
2025-09-24 12:00:00 - Bengkelolor,8.01
2025-09-24 18:00:00 - Bengkelolor,8.01
2025-09-25 06:00:00 - Bengkelolor,8.035410788288193
2025-09-25 12:00:00 - Bengkelolor,8.01
2025-09-25 18:00:00 - Bengkelolor,8.01
2025-09-26 06:00:00 - Bengkelolor,8.035410788288193
2025-09-26 12:00:00 - Bengkelolor,8.01
2025-09-26 18:00:00 - Bengkelolor,8.01
2025-09-27 06:00:00 - Bengkelolor,8.035410788288193
2025-09-27 12:00:00 - Bengkelolor,8.01
2025-09-27 18:00:00 - Bengkelolor,8.01
2025-09-28 06:00:00 - Bengkelolor,8.035410788288193
2025-09-28 12:00:00 - Bengkelolor,8.01
2025-09-28 18:00:00 - Bengkelolor,8.01
2025-09-29 06:00:00 - Bengkelolor,8.035410788288193
2025-09-29 12:00:00 - Bengkelolor,8.01
2025-09-29 18:00:00 - Bengkelolor,8.01
2025-09-30 06:00:00 - Bengkelolor,8.035410788288193
2025-09-30 12:00:00 - Bengkelolor,8.01
2025-09-30 18:00:00 - Bengkelolor,8.01
2025-10-01 06:00:00 - Bengkelolor,7.81
2025-10-01 12:00:00 - Bengkelolor,7.81
2025-10-01 18:00:00 - Bengkelolor,7.81
2025-10-02 06:00:00 - Bengkelolor,7.81
2025-10-02 12:00:00 - Bengkelolor,7.81
2025-10-02 18:00:00 - Bengkelolor,7.81
2025-10-03 06:00:00 - Bengkelolor,7.81
2025-10-03 12:00:00 - Bengkelolor,7.81
2025-10-03 18:00:00 - Bengkelolor,7.81
2025-10-04 06:00:00 - Bengkelolor,7.81
2025-10-04 12:00:00 - Bengkelolor,7.81
2025-10-04 18:00:00 - Bengkelolor,7.81
2025-10-05 06:00:00 - Bengkelolor,7.81
2025-10-05 12:00:00 - Bengkelolor,7.81
2025-10-05 18:00:00 - Bengkelolor,7.81
2025-10-06 06:00:00 - Bengkelolor,7.81
2025-10-06 12:00:00 - Bengkelolor,7.81
2025-10-06 18:00:00 - Bengkelolor,7.81
2025-10-07 06:00:00 - Bengkelolor,7.81
2025-10-07 12:00:00 - Bengkelolor,7.81
2025-10-07 18:00:00 - Bengkelolor,7.81
2025-10-08 06:00:00 - Bengkelolor,7.81
2025-10-08 12:00:00 - Bengkelolor,7.81
2025-10-08 18:00:00 - Bengkelolor,7.81
2025-10-09 06:00:00 - Bengkelolor,7.81
2025-10-09 12:00:00 - Bengkelolor,7.81
2025-10-09 18:00:00 - Bengkelolor,7.81
2025-10-10 06:00:00 - Bengkelolor,7.81
2025-10-10 12:00:00 - Bengkelolor,7.81
2025-10-10 18:00:00 - Bengkelolor,7.81
2025-10-11 06:00:00 - Bengkelolor,7.81
2025-10-11 12:00:00 - Bengkelolor,7.81
2025-10-11 18:00:00 - Bengkelolor,7.81
2025-10-12 06:00:00 - Bengkelolor,7.81
2025-10-12 12:00:00 - Bengkelolor,7.81
2025-10-12 18:00:00 - Bengkelolor,7.81
2025-10-13 06:00:00 - Bengkelolor,7.81
2025-10-13 12:00:00 - Bengkelolor,7.81
2025-10-13 18:00:00 - Bengkelolor,7.81
2025-10-14 06:00:00 - Bengkelolor,7.81
2025-10-14 12:00:00 - Bengkelolor,7.81
2025-10-14 18:00:00 - Bengkelolor,7.81
2025-10-15 06:00:00 - Bengkelolor,7.81
2025-10-15 12:00:00 - Bengkelolor,7.81
2025-10-15 18:00:00 - Bengkelolor,7.81
2025-10-16 06:00:00 - Bengkelolor,7.81
2025-10-16 12:00:00 - Bengkelolor,7.81
2025-10-16 18:00:00 - Bengkelolor,7.81
2025-10-17 06:00:00 - Bengkelolor,7.81
2025-10-17 12:00:00 - Bengkelolor,7.81
2025-10-17 18:00:00 - Bengkelolor,7.81
2025-10-18 06:00:00 - Bengkelolor,7.81
2025-10-18 12:00:00 - Bengkelolor,7.81
2025-10-18 18:00:00 - Bengkelolor,7.81
2025-10-19 06:00:00 - Bengkelolor,7.81
2025-10-19 12:00:00 - Bengkelolor,7.81
2025-10-19 18:00:00 - Bengkelolor,7.81
2025-10-20 06:00:00 - Bengkelolor,7.81
2025-10-20 12:00:00 - Bengkelolor,7.81
2025-10-20 18:00:00 - Bengkelolor,7.81
2025-10-21 06:00:00 - Bengkelolor,7.81
2025-10-21 12:00:00 - Bengkelolor,7.81
2025-10-21 18:00:00 - Bengkelolor,7.81
2025-10-22 06:00:00 - Bengkelolor,7.81
2025-10-22 12:00:00 - Bengkelolor,7.81
2025-10-22 18:00:00 - Bengkelolor,7.81
2025-10-23 06:00:00 - Bengkelolor,7.81
2025-10-23 12:00:00 - Bengkelolor,7.81
2025-10-23 18:00:00 - Bengkelolor,7.81
2025-10-24 06:00:00 - Bengkelolor,7.81
2025-10-24 12:00:00 - Bengkelolor,7.81
2025-10-24 18:00:00 - Bengkelolor,7.81
2025-10-25 06:00:00 - Bengkelolor,7.81
2025-10-25 12:00:00 - Bengkelolor,7.81
2025-10-25 18:00:00 - Bengkelolor,7.81
2025-10-26 06:00:00 - Bengkelolor,7.81
2025-10-26 12:00:00 - Bengkelolor,7.81
2025-10-26 18:00:00 - Bengkelolor,7.81
2025-10-27 06:00:00 - Bengkelolor,7.81
2025-10-27 12:00:00 - Bengkelolor,7.81
2025-10-27 18:00:00 - Bengkelolor,7.81
2025-10-28 06:00:00 - Bengkelolor,7.81
2025-10-28 12:00:00 - Bengkelolor,7.81
2025-10-28 18:00:00 - Bengkelolor,7.81
2025-10-29 06:00:00 - Bengkelolor,7.81
2025-10-29 12:00:00 - Bengkelolor,7.81
2025-10-29 18:00:00 - Bengkelolor,7.81
2025-10-30 06:00:00 - Bengkelolor,7.81
2025-10-30 12:00:00 - Bengkelolor,7.81
2025-10-30 18:00:00 - Bengkelolor,7.81
2025-10-31 06:00:00 - Bengkelolor,7.81
2025-10-31 12:00:00 - Bengkelolor,7.81
2025-10-31 18:00:00 - Bengkelolor,7.81
2025-11-01 06:00:00 - Bengkelolor,9.21
2025-11-01 12:00:00 - Bengkelolor,9.21
2025-11-01 18:00:00 - Bengkelolor,9.21
2025-11-02 06:00:00 - Bengkelolor,9.21
2025-11-02 12:00:00 - Bengkelolor,9.21
2025-11-02 18:00:00 - Bengkelolor,9.21
2025-11-03 06:00:00 - Bengkelolor,9.21
2025-11-03 12:00:00 - Bengkelolor,9.21
2025-11-03 18:00:00 - Bengkelolor,9.21
2025-11-04 06:00:00 - Bengkelolor,9.21
2025-11-04 12:00:00 - Bengkelolor,9.21
2025-11-04 18:00:00 - Bengkelolor,9.21
2025-11-05 06:00:00 - Bengkelolor,9.21
2025-11-05 12:00:00 - Bengkelolor,9.21
2025-11-05 18:00:00 - Bengkelolor,9.21
2025-11-06 06:00:00 - Bengkelolor,9.21
2025-11-06 12:00:00 - Bengkelolor,9.21
2025-11-06 18:00:00 - Bengkelolor,9.21
2025-11-07 06:00:00 - Bengkelolor,9.21
2025-11-07 12:00:00 - Bengkelolor,9.21
2025-11-07 18:00:00 - Bengkelolor,9.21
2025-11-08 06:00:00 - Bengkelolor,9.21
2025-11-08 12:00:00 - Bengkelolor,9.21
2025-11-08 18:00:00 - Bengkelolor,9.21
2025-11-09 06:00:00 - Bengkelolor,9.21
2025-11-09 12:00:00 - Bengkelolor,9.21
2025-11-09 18:00:00 - Bengkelolor,9.21
2025-11-10 06:00:00 - Bengkelolor,9.21
2025-11-10 12:00:00 - Bengkelolor,9.21
2025-11-10 18:00:00 - Bengkelolor,9.21
2025-11-11 06:00:00 - Bengkelolor,9.21
2025-11-11 12:00:00 - Bengkelolor,9.21
2025-11-11 18:00:00 - Bengkelolor,9.21
2025-11-12 06:00:00 - Bengkelolor,9.21
2025-11-12 12:00:00 - Bengkelolor,9.21
2025-11-12 18:00:00 - Bengkelolor,9.21
2025-11-13 06:00:00 - Bengkelolor,9.21
2025-11-13 12:00:00 - Bengkelolor,9.21
2025-11-13 18:00:00 - Bengkelolor,9.21
2025-11-14 06:00:00 - Bengkelolor,9.21
2025-11-14 12:00:00 - Bengkelolor,9.21
2025-11-14 18:00:00 - Bengkelolor,9.21
2025-11-15 06:00:00 - Bengkelolor,9.21
2025-11-15 12:00:00 - Bengkelolor,9.21
2025-11-15 18:00:00 - Bengkelolor,9.21
2025-11-16 06:00:00 - Bengkelolor,9.21
2025-11-16 12:00:00 - Bengkelolor,9.21
2025-11-16 18:00:00 - Bengkelolor,9.21
2025-11-17 06:00:00 - Bengkelolor,9.21
2025-11-17 12:00:00 - Bengkelolor,9.21
2025-11-17 18:00:00 - Bengkelolor,9.21
2025-11-18 06:00:00 - Bengkelolor,9.21
2025-11-18 12:00:00 - Bengkelolor,9.21
2025-11-18 18:00:00 - Bengkelolor,9.21
2025-11-19 06:00:00 - Bengkelolor,9.21
2025-11-19 12:00:00 - Bengkelolor,9.21
2025-11-19 18:00:00 - Bengkelolor,9.21
2025-11-20 06:00:00 - Bengkelolor,9.21
2025-11-20 12:00:00 - Bengkelolor,9.21
2025-11-20 18:00:00 - Bengkelolor,9.21
2025-11-21 06:00:00 - Bengkelolor,9.21
2025-11-21 12:00:00 - Bengkelolor,9.21
2025-11-21 18:00:00 - Bengkelolor,9.21
2025-11-22 06:00:00 - Bengkelolor,9.21
2025-11-22 12:00:00 - Bengkelolor,9.21
2025-11-22 18:00:00 - Bengkelolor,9.21
2025-11-23 06:00:00 - Bengkelolor,9.21
2025-11-23 12:00:00 - Bengkelolor,9.21
2025-11-23 18:00:00 - Bengkelolor,9.21
2025-11-24 06:00:00 - Bengkelolor,9.21
2025-11-24 12:00:00 - Bengkelolor,9.21
2025-11-24 18:00:00 - Bengkelolor,9.21
2025-11-25 06:00:00 - Bengkelolor,9.21
2025-11-25 12:00:00 - Bengkelolor,9.21
2025-11-25 18:00:00 - Bengkelolor,9.21
2025-11-26 06:00:00 - Bengkelolor,9.21
2025-11-26 12:00:00 - Bengkelolor,9.21
2025-11-26 18:00:00 - Bengkelolor,9.21
2025-11-27 06:00:00 - Bengkelolor,9.21
2025-11-27 12:00:00 - Bengkelolor,9.21
2025-11-27 18:00:00 - Bengkelolor,9.21
2025-11-28 06:00:00 - Bengkelolor,9.21
2025-11-28 12:00:00 - Bengkelolor,9.21
2025-11-28 18:00:00 - Bengkelolor,9.21
2025-11-29 06:00:00 - Bengkelolor,9.21
2025-11-29 12:00:00 - Bengkelolor,9.21
2025-11-29 18:00:00 - Bengkelolor,9.21
2025-11-30 06:00:00 - Bengkelolor,9.21
2025-11-30 12:00:00 - Bengkelolor,9.21
2025-11-30 18:00:00 - Bengkelolor,9.21
2025-12-01 06:00:00 - Bengkelolor,10.46
2025-12-01 12:00:00 - Bengkelolor,10.36
2025-12-01 18:00:00 - Bengkelolor,10.41
2025-12-02 06:00:00 - Bengkelolor,10.46
2025-12-02 12:00:00 - Bengkelolor,10.36
2025-12-02 18:00:00 - Bengkelolor,10.41
2025-12-03 06:00:00 - Bengkelolor,10.46
2025-12-03 12:00:00 - Bengkelolor,10.36
2025-12-03 18:00:00 - Bengkelolor,10.41
2025-12-04 06:00:00 - Bengkelolor,10.46
2025-12-04 12:00:00 - Bengkelolor,10.36
2025-12-04 18:00:00 - Bengkelolor,10.41
2025-12-05 06:00:00 - Bengkelolor,10.46
2025-12-05 12:00:00 - Bengkelolor,10.36
2025-12-05 18:00:00 - Bengkelolor,10.41
2025-12-06 06:00:00 - Bengkelolor,10.46
2025-12-06 12:00:00 - Bengkelolor,10.36
2025-12-06 18:00:00 - Bengkelolor,10.41
2025-12-07 06:00:00 - Bengkelolor,10.46
2025-12-07 12:00:00 - Bengkelolor,10.36
2025-12-07 18:00:00 - Bengkelolor,10.41
2025-12-08 06:00:00 - Bengkelolor,10.46
2025-12-08 12:00:00 - Bengkelolor,10.36
2025-12-08 18:00:00 - Bengkelolor,10.41
2025-12-09 06:00:00 - Bengkelolor,10.46
2025-12-09 12:00:00 - Bengkelolor,10.36
2025-12-09 18:00:00 - Bengkelolor,10.41
2025-12-10 06:00:00 - Bengkelolor,10.46
2025-12-10 12:00:00 - Bengkelolor,10.36
2025-12-10 18:00:00 - Bengkelolor,10.41
2025-12-11 06:00:00 - Bengkelolor,10.46
2025-12-11 12:00:00 - Bengkelolor,10.36
2025-12-11 18:00:00 - Bengkelolor,10.41
2025-12-12 06:00:00 - Bengkelolor,10.46
2025-12-12 12:00:00 - Bengkelolor,10.36
2025-12-12 18:00:00 - Bengkelolor,10.41
2025-12-13 06:00:00 - Bengkelolor,10.46
2025-12-13 12:00:00 - Bengkelolor,10.36
2025-12-13 18:00:00 - Bengkelolor,10.41
2025-12-14 06:00:00 - Bengkelolor,10.46
2025-12-14 12:00:00 - Bengkelolor,10.36
2025-12-14 18:00:00 - Bengkelolor,10.41
2025-12-15 06:00:00 - Bengkelolor,10.46
2025-12-15 12:00:00 - Bengkelolor,10.36
2025-12-15 18:00:00 - Bengkelolor,10.41
2025-12-16 06:00:00 - Bengkelolor,10.46
2025-12-16 12:00:00 - Bengkelolor,10.36
2025-12-16 18:00:00 - Bengkelolor,10.41
2025-12-17 06:00:00 - Bengkelolor,10.46
2025-12-17 12:00:00 - Bengkelolor,10.36
2025-12-17 18:00:00 - Bengkelolor,10.41
2025-12-18 06:00:00 - Bengkelolor,10.46
2025-12-18 12:00:00 - Bengkelolor,10.36
2025-12-18 18:00:00 - Bengkelolor,10.41
2025-12-19 06:00:00 - Bengkelolor,10.46
2025-12-19 12:00:00 - Bengkelolor,10.36
2025-12-19 18:00:00 - Bengkelolor,10.41
2025-12-20 06:00:00 - Bengkelolor,10.46
2025-12-20 12:00:00 - Bengkelolor,10.36
2025-12-20 18:00:00 - Bengkelolor,10.41
2025-12-21 06:00:00 - Bengkelolor,10.46
2025-12-21 12:00:00 - Bengkelolor,10.36
2025-12-21 18:00:00 - Bengkelolor,10.41
2025-12-22 06:00:00 - Bengkelolor,10.46
2025-12-22 12:00:00 - Bengkelolor,10.36
2025-12-22 18:00:00 - Bengkelolor,10.41
2025-12-23 06:00:00 - Bengkelolor,10.46
2025-12-23 12:00:00 - Bengkelolor,10.36
2025-12-23 18:00:00 - Bengkelolor,10.41
2025-12-24 06:00:00 - Bengkelolor,10.46
2025-12-24 12:00:00 - Bengkelolor,10.36
2025-12-24 18:00:00 - Bengkelolor,10.41
2025-12-25 06:00:00 - Bengkelolor,10.46
2025-12-25 12:00:00 - Bengkelolor,10.36
2025-12-25 18:00:00 - Bengkelolor,10.41
2025-12-26 06:00:00 - Bengkelolor,10.46
2025-12-26 12:00:00 - Bengkelolor,10.36
2025-12-26 18:00:00 - Bengkelolor,10.41
2025-12-27 06:00:00 - Bengkelolor,10.46
2025-12-27 12:00:00 - Bengkelolor,10.36
2025-12-27 18:00:00 - Bengkelolor,10.41
2025-12-28 06:00:00 - Bengkelolor,10.46
2025-12-28 12:00:00 - Bengkelolor,10.36
2025-12-28 18:00:00 - Bengkelolor,10.41
2025-12-29 06:00:00 - Bengkelolor,10.46
2025-12-29 12:00:00 - Bengkelolor,10.36
2025-12-29 18:00:00 - Bengkelolor,10.41
2025-12-30 06:00:00 - Bengkelolor,10.46
2025-12-30 12:00:00 - Bengkelolor,10.36
2025-12-30 18:00:00 - Bengkelolor,10.41
2025-12-31 06:00:00 - Bengkelolor,10.46
2025-12-31 12:00:00 - Bengkelolor,10.36
2025-12-31 18:00:00 - Bengkelolor,10.41
2026-01-01 06:00:00 - Bengkelolor,10.41
2026-01-01 12:00:00 - Bengkelolor,10.41
2026-01-01 18:00:00 - Bengkelolor,10.411821856928851
2026-01-02 06:00:00 - Bengkelolor,10.41
2026-01-02 12:00:00 - Bengkelolor,10.41
2026-01-02 18:00:00 - Bengkelolor,10.411821856928851
2026-01-03 06:00:00 - Bengkelolor,10.41
2026-01-03 12:00:00 - Bengkelolor,10.41
2026-01-03 18:00:00 - Bengkelolor,10.411821856928851
2026-01-04 06:00:00 - Bengkelolor,10.41
2026-01-04 12:00:00 - Bengkelolor,10.41
2026-01-04 18:00:00 - Bengkelolor,10.411821856928851
2026-01-05 06:00:00 - Bengkelolor,10.41
2026-01-05 12:00:00 - Bengkelolor,10.41
2026-01-05 18:00:00 - Bengkelolor,10.411821856928851
2026-01-06 06:00:00 - Bengkelolor,10.41
2026-01-06 12:00:00 - Bengkelolor,10.41
2026-01-06 18:00:00 - Bengkelolor,10.411821856928851
2026-01-07 06:00:00 - Bengkelolor,10.41
2026-01-07 12:00:00 - Bengkelolor,10.41
2026-01-07 18:00:00 - Bengkelolor,10.411821856928851
2026-01-08 06:00:00 - Bengkelolor,10.41
2026-01-08 12:00:00 - Bengkelolor,10.41
2026-01-08 18:00:00 - Bengkelolor,10.411821856928851
2026-01-09 06:00:00 - Bengkelolor,10.41
2026-01-09 12:00:00 - Bengkelolor,10.41
2026-01-09 18:00:00 - Bengkelolor,10.411821856928851
2026-01-10 06:00:00 - Bengkelolor,10.41
2026-01-10 12:00:00 - Bengkelolor,10.41
2026-01-10 18:00:00 - Bengkelolor,10.411821856928851
2026-01-11 06:00:00 - Bengkelolor,10.41
2026-01-11 12:00:00 - Bengkelolor,10.41
2026-01-11 18:00:00 - Bengkelolor,10.411821856928851
2026-01-12 06:00:00 - Bengkelolor,10.41
2026-01-12 12:00:00 - Bengkelolor,10.41
2026-01-12 18:00:00 - Bengkelolor,10.411821856928851
2026-01-13 06:00:00 - Bengkelolor,10.41
2026-01-13 12:00:00 - Bengkelolor,10.41
2026-01-13 18:00:00 - Bengkelolor,10.411821856928851
2026-01-14 06:00:00 - Bengkelolor,10.41
2026-01-14 12:00:00 - Bengkelolor,10.41
2026-01-14 18:00:00 - Bengkelolor,10.411821856928851
2026-01-15 06:00:00 - Bengkelolor,10.41
2026-01-15 12:00:00 - Bengkelolor,10.41
2026-01-15 18:00:00 - Bengkelolor,10.411821856928851
2026-01-16 06:00:00 - Bengkelolor,10.41
2026-01-16 12:00:00 - Bengkelolor,10.41
2026-01-16 18:00:00 - Bengkelolor,10.411821856928851
2026-01-17 06:00:00 - Bengkelolor,10.41
2026-01-17 12:00:00 - Bengkelolor,10.41
2026-01-17 18:00:00 - Bengkelolor,10.411821856928851
2026-01-18 06:00:00 - Bengkelolor,10.41
2026-01-18 12:00:00 - Bengkelolor,10.41
2026-01-18 18:00:00 - Bengkelolor,10.411821856928851
2026-01-19 06:00:00 - Bengkelolor,10.41
2026-01-19 12:00:00 - Bengkelolor,10.41
2026-01-19 18:00:00 - Bengkelolor,10.411821856928851
2026-01-20 06:00:00 - Bengkelolor,10.41
2026-01-20 12:00:00 - Bengkelolor,10.41
2026-01-20 18:00:00 - Bengkelolor,10.411821856928851
2026-01-21 06:00:00 - Bengkelolor,10.41
2026-01-21 12:00:00 - Bengkelolor,10.41
2026-01-21 18:00:00 - Bengkelolor,10.411821856928851
2026-01-22 06:00:00 - Bengkelolor,10.41
2026-01-22 12:00:00 - Bengkelolor,10.41
2026-01-22 18:00:00 - Bengkelolor,10.411821856928851
2026-01-23 06:00:00 - Bengkelolor,10.41
2026-01-23 12:00:00 - Bengkelolor,10.41
2026-01-23 18:00:00 - Bengkelolor,10.411821856928851
2026-01-24 06:00:00 - Bengkelolor,10.41
2026-01-24 12:00:00 - Bengkelolor,10.41
2026-01-24 18:00:00 - Bengkelolor,10.411821856928851
2026-01-25 06:00:00 - Bengkelolor,10.41
2026-01-25 12:00:00 - Bengkelolor,10.41
2026-01-25 18:00:00 - Bengkelolor,10.411821856928851
2026-01-26 06:00:00 - Bengkelolor,10.41
2026-01-26 12:00:00 - Bengkelolor,10.41
2026-01-26 18:00:00 - Bengkelolor,10.411821856928851
2026-01-27 06:00:00 - Bengkelolor,10.41
2026-01-27 12:00:00 - Bengkelolor,10.41
2026-01-27 18:00:00 - Bengkelolor,10.411821856928851
2026-01-28 06:00:00 - Bengkelolor,10.41
2026-01-28 12:00:00 - Bengkelolor,10.41
2026-01-28 18:00:00 - Bengkelolor,10.411821856928851
2026-01-29 06:00:00 - Bengkelolor,10.41
2026-01-29 12:00:00 - Bengkelolor,10.41
2026-01-29 18:00:00 - Bengkelolor,10.411821856928851
2026-01-30 06:00:00 - Bengkelolor,10.41
2026-01-30 12:00:00 - Bengkelolor,10.41
2026-01-30 18:00:00 - Bengkelolor,10.411821856928851
2026-01-31 06:00:00 - Bengkelolor,10.41
2026-01-31 12:00:00 - Bengkelolor,10.41
2026-01-31 18:00:00 - Bengkelolor,10.411821856928851
2026-02-01 06:00:00 - Bengkelolor,11.41
2026-02-01 12:00:00 - Bengkelolor,11.51
2026-02-01 18:00:00 - Bengkelolor,11.21
2026-02-02 06:00:00 - Bengkelolor,11.41
2026-02-02 12:00:00 - Bengkelolor,11.51
2026-02-02 18:00:00 - Bengkelolor,11.21
2026-02-03 06:00:00 - Bengkelolor,11.41
2026-02-03 12:00:00 - Bengkelolor,11.51
2026-02-03 18:00:00 - Bengkelolor,11.21
2026-02-04 06:00:00 - Bengkelolor,11.41
2026-02-04 12:00:00 - Bengkelolor,11.51
2026-02-04 18:00:00 - Bengkelolor,11.21
2026-02-05 06:00:00 - Bengkelolor,11.41
2026-02-05 12:00:00 - Bengkelolor,11.51
2026-02-05 18:00:00 - Bengkelolor,11.21
2026-02-06 06:00:00 - Bengkelolor,11.41
2026-02-06 12:00:00 - Bengkelolor,11.51
2026-02-06 18:00:00 - Bengkelolor,11.21
2026-02-07 06:00:00 - Bengkelolor,11.41
2026-02-07 12:00:00 - Bengkelolor,11.51
2026-02-07 18:00:00 - Bengkelolor,11.21
2026-02-08 06:00:00 - Bengkelolor,11.41
2026-02-08 12:00:00 - Bengkelolor,11.51
2026-02-08 18:00:00 - Bengkelolor,11.21
2026-02-09 06:00:00 - Bengkelolor,11.41
2026-02-09 12:00:00 - Bengkelolor,11.51
2026-02-09 18:00:00 - Bengkelolor,11.21
2026-02-10 06:00:00 - Bengkelolor,11.41
2026-02-10 12:00:00 - Bengkelolor,11.51
2026-02-10 18:00:00 - Bengkelolor,11.21
2026-02-11 06:00:00 - Bengkelolor,11.41
2026-02-11 12:00:00 - Bengkelolor,11.51
2026-02-11 18:00:00 - Bengkelolor,11.21
2026-02-12 06:00:00 - Bengkelolor,11.41
2026-02-12 12:00:00 - Bengkelolor,11.51
2026-02-12 18:00:00 - Bengkelolor,11.21
2026-02-13 06:00:00 - Bengkelolor,11.41
2026-02-13 12:00:00 - Bengkelolor,11.51
2026-02-13 18:00:00 - Bengkelolor,11.21
2026-02-14 06:00:00 - Bengkelolor,11.41
2026-02-14 12:00:00 - Bengkelolor,11.51
2026-02-14 18:00:00 - Bengkelolor,11.21
2026-02-15 06:00:00 - Bengkelolor,11.41
2026-02-15 12:00:00 - Bengkelolor,11.51
2026-02-15 18:00:00 - Bengkelolor,11.21
2026-02-16 06:00:00 - Bengkelolor,11.41
2026-02-16 12:00:00 - Bengkelolor,11.51
2026-02-16 18:00:00 - Bengkelolor,11.21
2026-02-17 06:00:00 - Bengkelolor,11.41
2026-02-17 12:00:00 - Bengkelolor,11.51
2026-02-17 18:00:00 - Bengkelolor,11.21
2026-02-18 06:00:00 - Bengkelolor,11.41
2026-02-18 12:00:00 - Bengkelolor,11.51
2026-02-18 18:00:00 - Bengkelolor,11.21
2026-02-19 06:00:00 - Bengkelolor,11.41
2026-02-19 12:00:00 - Bengkelolor,11.51
2026-02-19 18:00:00 - Bengkelolor,11.21
2026-02-20 06:00:00 - Bengkelolor,11.41
2026-02-20 12:00:00 - Bengkelolor,11.51
2026-02-20 18:00:00 - Bengkelolor,11.21
2026-02-21 06:00:00 - Bengkelolor,11.41
2026-02-21 12:00:00 - Bengkelolor,11.51
2026-02-21 18:00:00 - Bengkelolor,11.21
2026-02-22 06:00:00 - Bengkelolor,11.41
2026-02-22 12:00:00 - Bengkelolor,11.51
2026-02-22 18:00:00 - Bengkelolor,11.21
2026-02-23 06:00:00 - Bengkelolor,11.41
2026-02-23 12:00:00 - Bengkelolor,11.51
2026-02-23 18:00:00 - Bengkelolor,11.21
2026-02-24 06:00:00 - Bengkelolor,11.41
2026-02-24 12:00:00 - Bengkelolor,11.51
2026-02-24 18:00:00 - Bengkelolor,11.21
2026-02-25 06:00:00 - Bengkelolor,11.41
2026-02-25 12:00:00 - Bengkelolor,11.51
2026-02-25 18:00:00 - Bengkelolor,11.21
2026-02-26 06:00:00 - Bengkelolor,11.41
2026-02-26 12:00:00 - Bengkelolor,11.51
2026-02-26 18:00:00 - Bengkelolor,11.21
2026-02-27 06:00:00 - Bengkelolor,11.41
2026-02-27 12:00:00 - Bengkelolor,11.51
2026-02-27 18:00:00 - Bengkelolor,11.21
2026-02-28 06:00:00 - Bengkelolor,11.41
2026-02-28 12:00:00 - Bengkelolor,11.51
2026-02-28 18:00:00 - Bengkelolor,11.21
2026-03-01 06:00:00 - Bengkelolor,10.81
2026-03-01 12:00:00 - Bengkelolor,10.61
2026-03-01 18:00:00 - Bengkelolor,10.71
2026-03-02 06:00:00 - Bengkelolor,10.81
2026-03-02 12:00:00 - Bengkelolor,10.61
2026-03-02 18:00:00 - Bengkelolor,10.71
2026-03-03 06:00:00 - Bengkelolor,10.81
2026-03-03 12:00:00 - Bengkelolor,10.61
2026-03-03 18:00:00 - Bengkelolor,10.71
2026-03-04 06:00:00 - Bengkelolor,10.81
2026-03-04 12:00:00 - Bengkelolor,10.61
2026-03-04 18:00:00 - Bengkelolor,10.71
2026-03-05 06:00:00 - Bengkelolor,10.81
2026-03-05 12:00:00 - Bengkelolor,10.61
2026-03-05 18:00:00 - Bengkelolor,10.71
2026-03-06 06:00:00 - Bengkelolor,10.81
2026-03-06 12:00:00 - Bengkelolor,10.61
2026-03-06 18:00:00 - Bengkelolor,10.71
2026-03-07 06:00:00 - Bengkelolor,10.81
2026-03-07 12:00:00 - Bengkelolor,10.61
2026-03-07 18:00:00 - Bengkelolor,10.71
2026-03-08 06:00:00 - Bengkelolor,10.81
2026-03-08 12:00:00 - Bengkelolor,10.61
2026-03-08 18:00:00 - Bengkelolor,10.71
2026-03-09 06:00:00 - Bengkelolor,10.81
2026-03-09 12:00:00 - Bengkelolor,10.61
2026-03-09 18:00:00 - Bengkelolor,10.71
2026-03-10 06:00:00 - Bengkelolor,10.81
2026-03-10 12:00:00 - Bengkelolor,10.61
2026-03-10 18:00:00 - Bengkelolor,10.71
2026-03-11 06:00:00 - Bengkelolor,10.81
2026-03-11 12:00:00 - Bengkelolor,10.61
2026-03-11 18:00:00 - Bengkelolor,10.71
2026-03-12 06:00:00 - Bengkelolor,10.81
2026-03-12 12:00:00 - Bengkelolor,10.61
2026-03-12 18:00:00 - Bengkelolor,10.71
2026-03-13 06:00:00 - Bengkelolor,10.81
2026-03-13 12:00:00 - Bengkelolor,10.61
2026-03-13 18:00:00 - Bengkelolor,10.71
2026-03-14 06:00:00 - Bengkelolor,10.81
2026-03-14 12:00:00 - Bengkelolor,10.61
2026-03-14 18:00:00 - Bengkelolor,10.71
2026-03-15 06:00:00 - Bengkelolor,10.81
2026-03-15 12:00:00 - Bengkelolor,10.61
2026-03-15 18:00:00 - Bengkelolor,10.71
2026-03-16 06:00:00 - Bengkelolor,10.81
2026-03-16 12:00:00 - Bengkelolor,10.61
2026-03-16 18:00:00 - Bengkelolor,10.71
2026-03-17 06:00:00 - Bengkelolor,10.81
2026-03-17 12:00:00 - Bengkelolor,10.61
2026-03-17 18:00:00 - Bengkelolor,10.71
2026-03-18 06:00:00 - Bengkelolor,10.81
2026-03-18 12:00:00 - Bengkelolor,10.61
2026-03-18 18:00:00 - Bengkelolor,10.71
2026-03-19 06:00:00 - Bengkelolor,10.81
2026-03-19 12:00:00 - Bengkelolor,10.61
2026-03-19 18:00:00 - Bengkelolor,10.71
2026-03-20 06:00:00 - Bengkelolor,10.81
2026-03-20 12:00:00 - Bengkelolor,10.61
2026-03-20 18:00:00 - Bengkelolor,10.71
2026-03-21 06:00:00 - Bengkelolor,10.81
2026-03-21 12:00:00 - Bengkelolor,10.61
2026-03-21 18:00:00 - Bengkelolor,10.71
2026-03-22 06:00:00 - Bengkelolor,10.81
2026-03-22 12:00:00 - Bengkelolor,10.61
2026-03-22 18:00:00 - Bengkelolor,10.71
2026-03-23 06:00:00 - Bengkelolor,10.81
2026-03-23 12:00:00 - Bengkelolor,10.61
2026-03-23 18:00:00 - Bengkelolor,10.71
2026-03-24 06:00:00 - Bengkelolor,10.81
2026-03-24 12:00:00 - Bengkelolor,10.61
2026-03-24 18:00:00 - Bengkelolor,10.71
2026-03-25 06:00:00 - Bengkelolor,10.81
2026-03-25 12:00:00 - Bengkelolor,10.61
2026-03-25 18:00:00 - Bengkelolor,10.71
2026-03-26 06:00:00 - Bengkelolor,10.81
2026-03-26 12:00:00 - Bengkelolor,10.61
2026-03-26 18:00:00 - Bengkelolor,10.71
2026-03-27 06:00:00 - Bengkelolor,10.81
2026-03-27 12:00:00 - Bengkelolor,10.61
2026-03-27 18:00:00 - Bengkelolor,10.71
2026-03-28 06:00:00 - Bengkelolor,10.81
2026-03-28 12:00:00 - Bengkelolor,10.61
2026-03-28 18:00:00 - Bengkelolor,10.71
2026-03-29 06:00:00 - Bengkelolor,10.81
2026-03-29 12:00:00 - Bengkelolor,10.61
2026-03-29 18:00:00 - Bengkelolor,10.71
2026-03-30 06:00:00 - Bengkelolor,10.81
2026-03-30 12:00:00 - Bengkelolor,10.61
2026-03-30 18:00:00 - Bengkelolor,10.71
2026-03-31 06:00:00 - Bengkelolor,10.81
2026-03-31 12:00:00 - Bengkelolor,10.61
2026-03-31 18:00:00 - Bengkelolor,10.71
2026-04-01 06:00:00 - Bengkelolor,10.51
2026-04-01 12:00:00 - Bengkelolor,10.482645778184065
2026-04-01 18:00:00 - Bengkelolor,10.41
2026-04-02 06:00:00 - Bengkelolor,10.51
2026-04-02 12:00:00 - Bengkelolor,10.482645778184065
2026-04-02 18:00:00 - Bengkelolor,10.41
2026-04-03 06:00:00 - Bengkelolor,10.51
2026-04-03 12:00:00 - Bengkelolor,10.482645778184065
2026-04-03 18:00:00 - Bengkelolor,10.41
2026-04-04 06:00:00 - Bengkelolor,10.51
2026-04-04 12:00:00 - Bengkelolor,10.482645778184065
2026-04-04 18:00:00 - Bengkelolor,10.41
2026-04-05 06:00:00 - Bengkelolor,10.51
2026-04-05 12:00:00 - Bengkelolor,10.482645778184065
2026-04-05 18:00:00 - Bengkelolor,10.41
2026-04-06 06:00:00 - Bengkelolor,10.51
2026-04-06 12:00:00 - Bengkelolor,10.482645778184065
2026-04-06 18:00:00 - Bengkelolor,10.41
2026-04-07 06:00:00 - Bengkelolor,10.51
2026-04-07 12:00:00 - Bengkelolor,10.482645778184065
2026-04-07 18:00:00 - Bengkelolor,10.41
2026-04-08 06:00:00 - Bengkelolor,10.51
2026-04-08 12:00:00 - Bengkelolor,10.482645778184065
2026-04-08 18:00:00 - Bengkelolor,10.41
2026-04-09 06:00:00 - Bengkelolor,10.51
2026-04-09 12:00:00 - Bengkelolor,10.482645778184065
2026-04-09 18:00:00 - Bengkelolor,10.41
2026-04-10 06:00:00 - Bengkelolor,10.51
2026-04-10 12:00:00 - Bengkelolor,10.482645778184065
2026-04-10 18:00:00 - Bengkelolor,10.41
2026-04-11 06:00:00 - Bengkelolor,10.51
2026-04-11 12:00:00 - Bengkelolor,10.482645778184065
2026-04-11 18:00:00 - Bengkelolor,10.41
2026-04-12 06:00:00 - Bengkelolor,10.51
2026-04-12 12:00:00 - Bengkelolor,10.482645778184065
2026-04-12 18:00:00 - Bengkelolor,10.41
2026-04-13 06:00:00 - Bengkelolor,10.51
2026-04-13 12:00:00 - Bengkelolor,10.482645778184065
2026-04-13 18:00:00 - Bengkelolor,10.41
2026-04-14 06:00:00 - Bengkelolor,10.51
2026-04-14 12:00:00 - Bengkelolor,10.482645778184065
2026-04-14 18:00:00 - Bengkelolor,10.41
2026-04-15 06:00:00 - Bengkelolor,10.51
2026-04-15 12:00:00 - Bengkelolor,10.482645778184065
2026-04-15 18:00:00 - Bengkelolor,10.41
2026-04-16 06:00:00 - Bengkelolor,10.51
2026-04-16 12:00:00 - Bengkelolor,10.482645778184065
2026-04-16 18:00:00 - Bengkelolor,10.41
2026-04-17 06:00:00 - Bengkelolor,10.51
2026-04-17 12:00:00 - Bengkelolor,10.482645778184065
2026-04-17 18:00:00 - Bengkelolor,10.41
2026-04-18 06:00:00 - Bengkelolor,10.51
2026-04-18 12:00:00 - Bengkelolor,10.482645778184065
2026-04-18 18:00:00 - Bengkelolor,10.41
2026-04-19 06:00:00 - Bengkelolor,10.51
2026-04-19 12:00:00 - Bengkelolor,10.482645778184065
2026-04-19 18:00:00 - Bengkelolor,10.41
2026-04-20 06:00:00 - Bengkelolor,10.51
2026-04-20 12:00:00 - Bengkelolor,10.482645778184065
2026-04-20 18:00:00 - Bengkelolor,10.41
2026-04-21 06:00:00 - Bengkelolor,10.51
2026-04-21 12:00:00 - Bengkelolor,10.482645778184065
2026-04-21 18:00:00 - Bengkelolor,10.41
2026-04-22 06:00:00 - Bengkelolor,10.51
2026-04-22 12:00:00 - Bengkelolor,10.482645778184065
2026-04-22 18:00:00 - Bengkelolor,10.41
2026-04-23 06:00:00 - Bengkelolor,10.51
2026-04-23 12:00:00 - Bengkelolor,10.482645778184065
2026-04-23 18:00:00 - Bengkelolor,10.41
2026-04-24 06:00:00 - Bengkelolor,10.51
2026-04-24 12:00:00 - Bengkelolor,10.482645778184065
2026-04-24 18:00:00 - Bengkelolor,10.41
2026-04-25 06:00:00 - Bengkelolor,10.51
2026-04-25 12:00:00 - Bengkelolor,10.482645778184065
2026-04-25 18:00:00 - Bengkelolor,10.41
2026-04-26 06:00:00 - Bengkelolor,10.51
2026-04-26 12:00:00 - Bengkelolor,10.482645778184065
2026-04-26 18:00:00 - Bengkelolor,10.41
2026-04-27 06:00:00 - Bengkelolor,10.51
2026-04-27 12:00:00 - Bengkelolor,10.482645778184065
2026-04-27 18:00:00 - Bengkelolor,10.41
2026-04-28 06:00:00 - Bengkelolor,10.51
2026-04-28 12:00:00 - Bengkelolor,10.482645778184065
2026-04-28 18:00:00 - Bengkelolor,10.41
2026-04-29 06:00:00 - Bengkelolor,10.51
2026-04-29 12:00:00 - Bengkelolor,10.482645778184065
2026-04-29 18:00:00 - Bengkelolor,10.41
2026-04-30 06:00:00 - Bengkelolor,10.51
2026-04-30 12:00:00 - Bengkelolor,10.482645778184065
2026-04-30 18:00:00 - Bengkelolor,10.41
2026-05-01 06:00:00 - Bengkelolor,9.61
2026-05-01 12:00:00 - Bengkelolor,9.71
2026-05-01 18:00:00 - Bengkelolor,9.71
2026-05-02 06:00:00 - Bengkelolor,9.61
2026-05-02 12:00:00 - Bengkelolor,9.71
2026-05-02 18:00:00 - Bengkelolor,9.71
2026-05-03 06:00:00 - Bengkelolor,9.61
2026-05-03 12:00:00 - Bengkelolor,9.71
2026-05-03 18:00:00 - Bengkelolor,9.71
2026-05-04 06:00:00 - Bengkelolor,9.61
2026-05-04 12:00:00 - Bengkelolor,9.71
2026-05-04 18:00:00 - Bengkelolor,9.71
2026-05-05 06:00:00 - Bengkelolor,9.61
2026-05-05 12:00:00 - Bengkelolor,9.71
2026-05-05 18:00:00 - Bengkelolor,9.71
2026-05-06 06:00:00 - Bengkelolor,9.61
2026-05-06 12:00:00 - Bengkelolor,9.71
2026-05-06 18:00:00 - Bengkelolor,9.71
2026-05-07 06:00:00 - Bengkelolor,9.61
2026-05-07 12:00:00 - Bengkelolor,9.71
2026-05-07 18:00:00 - Bengkelolor,9.71
2026-05-08 06:00:00 - Bengkelolor,9.61
2026-05-08 12:00:00 - Bengkelolor,9.71
2026-05-08 18:00:00 - Bengkelolor,9.71
2026-05-09 06:00:00 - Bengkelolor,9.61
2026-05-09 12:00:00 - Bengkelolor,9.71
2026-05-09 18:00:00 - Bengkelolor,9.71
2026-05-10 06:00:00 - Bengkelolor,9.61
2026-05-10 12:00:00 - Bengkelolor,9.71
2026-05-10 18:00:00 - Bengkelolor,9.71
2026-05-11 06:00:00 - Bengkelolor,9.61
2026-05-11 12:00:00 - Bengkelolor,9.71
2026-05-11 18:00:00 - Bengkelolor,9.71
2026-05-12 06:00:00 - Bengkelolor,9.61
2026-05-12 12:00:00 - Bengkelolor,9.71
2026-05-12 18:00:00 - Bengkelolor,9.71
2026-05-13 06:00:00 - Bengkelolor,9.61
2026-05-13 12:00:00 - Bengkelolor,9.71
2026-05-13 18:00:00 - Bengkelolor,9.71
2026-05-14 06:00:00 - Bengkelolor,9.61
2026-05-14 12:00:00 - Bengkelolor,9.71
2026-05-14 18:00:00 - Bengkelolor,9.71
2026-05-15 06:00:00 - Bengkelolor,9.61
2026-05-15 12:00:00 - Bengkelolor,9.71
2026-05-15 18:00:00 - Bengkelolor,9.71
2026-05-16 06:00:00 - Bengkelolor,9.61
2026-05-16 12:00:00 - Bengkelolor,9.71
2026-05-16 18:00:00 - Bengkelolor,9.71
2026-05-17 06:00:00 - Bengkelolor,9.61
2026-05-17 12:00:00 - Bengkelolor,9.71
2026-05-17 18:00:00 - Bengkelolor,9.71
2026-05-18 06:00:00 - Bengkelolor,9.61
2026-05-18 12:00:00 - Bengkelolor,9.71
2026-05-18 18:00:00 - Bengkelolor,9.71
2025-09-19 06:00:00 - Boboh Kali Lamong,2.990376203233165
2025-09-19 12:00:00 - Boboh Kali Lamong,2.9851819829655284
2025-09-19 18:00:00 - Boboh Kali Lamong,2.98
2025-09-20 06:00:00 - Boboh Kali Lamong,2.990376203233165
2025-09-20 12:00:00 - Boboh Kali Lamong,2.9851819829655284
2025-09-20 18:00:00 - Boboh Kali Lamong,2.98
2025-09-21 06:00:00 - Boboh Kali Lamong,2.990376203233165
2025-09-21 12:00:00 - Boboh Kali Lamong,2.9851819829655284
2025-09-21 18:00:00 - Boboh Kali Lamong,2.98
2025-09-22 06:00:00 - Boboh Kali Lamong,2.990376203233165
2025-09-22 12:00:00 - Boboh Kali Lamong,2.9851819829655284
2025-09-22 18:00:00 - Boboh Kali Lamong,2.98
2025-09-23 06:00:00 - Boboh Kali Lamong,2.990376203233165
2025-09-23 12:00:00 - Boboh Kali Lamong,2.9851819829655284
2025-09-23 18:00:00 - Boboh Kali Lamong,2.98
2025-09-24 06:00:00 - Boboh Kali Lamong,2.990376203233165
2025-09-24 12:00:00 - Boboh Kali Lamong,2.9851819829655284
2025-09-24 18:00:00 - Boboh Kali Lamong,2.98
2025-09-25 06:00:00 - Boboh Kali Lamong,2.990376203233165
2025-09-25 12:00:00 - Boboh Kali Lamong,2.9851819829655284
2025-09-25 18:00:00 - Boboh Kali Lamong,2.98
2025-09-26 06:00:00 - Boboh Kali Lamong,2.990376203233165
2025-09-26 12:00:00 - Boboh Kali Lamong,2.9851819829655284
2025-09-26 18:00:00 - Boboh Kali Lamong,2.98
2025-09-27 06:00:00 - Boboh Kali Lamong,2.990376203233165
2025-09-27 12:00:00 - Boboh Kali Lamong,2.9851819829655284
2025-09-27 18:00:00 - Boboh Kali Lamong,2.98
2025-09-28 06:00:00 - Boboh Kali Lamong,2.990376203233165
2025-09-28 12:00:00 - Boboh Kali Lamong,2.9851819829655284
2025-09-28 18:00:00 - Boboh Kali Lamong,2.98
2025-09-29 06:00:00 - Boboh Kali Lamong,2.990376203233165
2025-09-29 12:00:00 - Boboh Kali Lamong,2.9851819829655284
2025-09-29 18:00:00 - Boboh Kali Lamong,2.98
2025-09-30 06:00:00 - Boboh Kali Lamong,2.990376203233165
2025-09-30 12:00:00 - Boboh Kali Lamong,2.9851819829655284
2025-09-30 18:00:00 - Boboh Kali Lamong,2.98
2025-10-01 06:00:00 - Boboh Kali Lamong,2.98
2025-10-01 12:00:00 - Boboh Kali Lamong,2.9309541847649454
2025-10-01 18:00:00 - Boboh Kali Lamong,2.98
2025-10-02 06:00:00 - Boboh Kali Lamong,2.98
2025-10-02 12:00:00 - Boboh Kali Lamong,2.9309541847649454
2025-10-02 18:00:00 - Boboh Kali Lamong,2.98
2025-10-03 06:00:00 - Boboh Kali Lamong,2.98
2025-10-03 12:00:00 - Boboh Kali Lamong,2.9309541847649454
2025-10-03 18:00:00 - Boboh Kali Lamong,2.98
2025-10-04 06:00:00 - Boboh Kali Lamong,2.98
2025-10-04 12:00:00 - Boboh Kali Lamong,2.9309541847649454
2025-10-04 18:00:00 - Boboh Kali Lamong,2.98
2025-10-05 06:00:00 - Boboh Kali Lamong,2.98
2025-10-05 12:00:00 - Boboh Kali Lamong,2.9309541847649454
2025-10-05 18:00:00 - Boboh Kali Lamong,2.98
2025-10-06 06:00:00 - Boboh Kali Lamong,2.98
2025-10-06 12:00:00 - Boboh Kali Lamong,2.9309541847649454
2025-10-06 18:00:00 - Boboh Kali Lamong,2.98
2025-10-07 06:00:00 - Boboh Kali Lamong,2.98
2025-10-07 12:00:00 - Boboh Kali Lamong,2.9309541847649454
2025-10-07 18:00:00 - Boboh Kali Lamong,2.98
2025-10-08 06:00:00 - Boboh Kali Lamong,2.98
2025-10-08 12:00:00 - Boboh Kali Lamong,2.9309541847649454
2025-10-08 18:00:00 - Boboh Kali Lamong,2.98
2025-10-09 06:00:00 - Boboh Kali Lamong,2.98
2025-10-09 12:00:00 - Boboh Kali Lamong,2.9309541847649454
2025-10-09 18:00:00 - Boboh Kali Lamong,2.98
2025-10-10 06:00:00 - Boboh Kali Lamong,2.98
2025-10-10 12:00:00 - Boboh Kali Lamong,2.9309541847649454
2025-10-10 18:00:00 - Boboh Kali Lamong,2.98
2025-10-11 06:00:00 - Boboh Kali Lamong,2.98
2025-10-11 12:00:00 - Boboh Kali Lamong,2.9309541847649454
2025-10-11 18:00:00 - Boboh Kali Lamong,2.98
2025-10-12 06:00:00 - Boboh Kali Lamong,2.98
2025-10-12 12:00:00 - Boboh Kali Lamong,2.9309541847649454
2025-10-12 18:00:00 - Boboh Kali Lamong,2.98
2025-10-13 06:00:00 - Boboh Kali Lamong,2.98
2025-10-13 12:00:00 - Boboh Kali Lamong,2.9309541847649454
2025-10-13 18:00:00 - Boboh Kali Lamong,2.98
2025-10-14 06:00:00 - Boboh Kali Lamong,2.98
2025-10-14 12:00:00 - Boboh Kali Lamong,2.9309541847649454
2025-10-14 18:00:00 - Boboh Kali Lamong,2.98
2025-10-15 06:00:00 - Boboh Kali Lamong,2.98
2025-10-15 12:00:00 - Boboh Kali Lamong,2.9309541847649454
2025-10-15 18:00:00 - Boboh Kali Lamong,2.98
2025-10-16 06:00:00 - Boboh Kali Lamong,2.98
2025-10-16 12:00:00 - Boboh Kali Lamong,2.9309541847649454
2025-10-16 18:00:00 - Boboh Kali Lamong,2.98
2025-10-17 06:00:00 - Boboh Kali Lamong,2.98
2025-10-17 12:00:00 - Boboh Kali Lamong,2.9309541847649454
2025-10-17 18:00:00 - Boboh Kali Lamong,2.98
2025-10-18 06:00:00 - Boboh Kali Lamong,2.98
2025-10-18 12:00:00 - Boboh Kali Lamong,2.9309541847649454
2025-10-18 18:00:00 - Boboh Kali Lamong,2.98
2025-10-19 06:00:00 - Boboh Kali Lamong,2.98
2025-10-19 12:00:00 - Boboh Kali Lamong,2.9309541847649454
2025-10-19 18:00:00 - Boboh Kali Lamong,2.98
2025-10-20 06:00:00 - Boboh Kali Lamong,2.98
2025-10-20 12:00:00 - Boboh Kali Lamong,2.9309541847649454
2025-10-20 18:00:00 - Boboh Kali Lamong,2.98
2025-10-21 06:00:00 - Boboh Kali Lamong,2.98
2025-10-21 12:00:00 - Boboh Kali Lamong,2.9309541847649454
2025-10-21 18:00:00 - Boboh Kali Lamong,2.98
2025-10-22 06:00:00 - Boboh Kali Lamong,2.98
2025-10-22 12:00:00 - Boboh Kali Lamong,2.9309541847649454
2025-10-22 18:00:00 - Boboh Kali Lamong,2.98
2025-10-23 06:00:00 - Boboh Kali Lamong,2.98
2025-10-23 12:00:00 - Boboh Kali Lamong,2.9309541847649454
2025-10-23 18:00:00 - Boboh Kali Lamong,2.98
2025-10-24 06:00:00 - Boboh Kali Lamong,2.98
2025-10-24 12:00:00 - Boboh Kali Lamong,2.9309541847649454
2025-10-24 18:00:00 - Boboh Kali Lamong,2.98
2025-10-25 06:00:00 - Boboh Kali Lamong,2.98
2025-10-25 12:00:00 - Boboh Kali Lamong,2.9309541847649454
2025-10-25 18:00:00 - Boboh Kali Lamong,2.98
2025-10-26 06:00:00 - Boboh Kali Lamong,2.98
2025-10-26 12:00:00 - Boboh Kali Lamong,2.9309541847649454
2025-10-26 18:00:00 - Boboh Kali Lamong,2.98
2025-10-27 06:00:00 - Boboh Kali Lamong,2.98
2025-10-27 12:00:00 - Boboh Kali Lamong,2.9309541847649454
2025-10-27 18:00:00 - Boboh Kali Lamong,2.98
2025-10-28 06:00:00 - Boboh Kali Lamong,2.98
2025-10-28 12:00:00 - Boboh Kali Lamong,2.9309541847649454
2025-10-28 18:00:00 - Boboh Kali Lamong,2.98
2025-10-29 06:00:00 - Boboh Kali Lamong,2.98
2025-10-29 12:00:00 - Boboh Kali Lamong,2.9309541847649454
2025-10-29 18:00:00 - Boboh Kali Lamong,2.98
2025-10-30 06:00:00 - Boboh Kali Lamong,2.98
2025-10-30 12:00:00 - Boboh Kali Lamong,2.9309541847649454
2025-10-30 18:00:00 - Boboh Kali Lamong,2.98
2025-10-31 06:00:00 - Boboh Kali Lamong,2.98
2025-10-31 12:00:00 - Boboh Kali Lamong,2.9309541847649454
2025-10-31 18:00:00 - Boboh Kali Lamong,2.98
2025-11-01 06:00:00 - Boboh Kali Lamong,2.99
2025-11-01 12:00:00 - Boboh Kali Lamong,2.98
2025-11-01 18:00:00 - Boboh Kali Lamong,2.9940832571544265
2025-11-02 06:00:00 - Boboh Kali Lamong,2.99
2025-11-02 12:00:00 - Boboh Kali Lamong,2.98
2025-11-02 18:00:00 - Boboh Kali Lamong,2.9940832571544265
2025-11-03 06:00:00 - Boboh Kali Lamong,2.99
2025-11-03 12:00:00 - Boboh Kali Lamong,2.98
2025-11-03 18:00:00 - Boboh Kali Lamong,2.9940832571544265
2025-11-04 06:00:00 - Boboh Kali Lamong,2.99
2025-11-04 12:00:00 - Boboh Kali Lamong,2.98
2025-11-04 18:00:00 - Boboh Kali Lamong,2.9940832571544265
2025-11-05 06:00:00 - Boboh Kali Lamong,2.99
2025-11-05 12:00:00 - Boboh Kali Lamong,2.98
2025-11-05 18:00:00 - Boboh Kali Lamong,2.9940832571544265
2025-11-06 06:00:00 - Boboh Kali Lamong,2.99
2025-11-06 12:00:00 - Boboh Kali Lamong,2.98
2025-11-06 18:00:00 - Boboh Kali Lamong,2.9940832571544265
2025-11-07 06:00:00 - Boboh Kali Lamong,2.99
2025-11-07 12:00:00 - Boboh Kali Lamong,2.98
2025-11-07 18:00:00 - Boboh Kali Lamong,2.9940832571544265
2025-11-08 06:00:00 - Boboh Kali Lamong,2.99
2025-11-08 12:00:00 - Boboh Kali Lamong,2.98
2025-11-08 18:00:00 - Boboh Kali Lamong,2.9940832571544265
2025-11-09 06:00:00 - Boboh Kali Lamong,2.99
2025-11-09 12:00:00 - Boboh Kali Lamong,2.98
2025-11-09 18:00:00 - Boboh Kali Lamong,2.9940832571544265
2025-11-10 06:00:00 - Boboh Kali Lamong,2.99
2025-11-10 12:00:00 - Boboh Kali Lamong,2.98
2025-11-10 18:00:00 - Boboh Kali Lamong,2.9940832571544265
2025-11-11 06:00:00 - Boboh Kali Lamong,2.99
2025-11-11 12:00:00 - Boboh Kali Lamong,2.98
2025-11-11 18:00:00 - Boboh Kali Lamong,2.9940832571544265
2025-11-12 06:00:00 - Boboh Kali Lamong,2.99
2025-11-12 12:00:00 - Boboh Kali Lamong,2.98
2025-11-12 18:00:00 - Boboh Kali Lamong,2.9940832571544265
2025-11-13 06:00:00 - Boboh Kali Lamong,2.99
2025-11-13 12:00:00 - Boboh Kali Lamong,2.98
2025-11-13 18:00:00 - Boboh Kali Lamong,2.9940832571544265
2025-11-14 06:00:00 - Boboh Kali Lamong,2.99
2025-11-14 12:00:00 - Boboh Kali Lamong,2.98
2025-11-14 18:00:00 - Boboh Kali Lamong,2.9940832571544265
2025-11-15 06:00:00 - Boboh Kali Lamong,2.99
2025-11-15 12:00:00 - Boboh Kali Lamong,2.98
2025-11-15 18:00:00 - Boboh Kali Lamong,2.9940832571544265
2025-11-16 06:00:00 - Boboh Kali Lamong,2.99
2025-11-16 12:00:00 - Boboh Kali Lamong,2.98
2025-11-16 18:00:00 - Boboh Kali Lamong,2.9940832571544265
2025-11-17 06:00:00 - Boboh Kali Lamong,2.99
2025-11-17 12:00:00 - Boboh Kali Lamong,2.98
2025-11-17 18:00:00 - Boboh Kali Lamong,2.9940832571544265
2025-11-18 06:00:00 - Boboh Kali Lamong,2.99
2025-11-18 12:00:00 - Boboh Kali Lamong,2.98
2025-11-18 18:00:00 - Boboh Kali Lamong,2.9940832571544265
2025-11-19 06:00:00 - Boboh Kali Lamong,2.99
2025-11-19 12:00:00 - Boboh Kali Lamong,2.98
2025-11-19 18:00:00 - Boboh Kali Lamong,2.9940832571544265
2025-11-20 06:00:00 - Boboh Kali Lamong,2.99
2025-11-20 12:00:00 - Boboh Kali Lamong,2.98
2025-11-20 18:00:00 - Boboh Kali Lamong,2.9940832571544265
2025-11-21 06:00:00 - Boboh Kali Lamong,2.99
2025-11-21 12:00:00 - Boboh Kali Lamong,2.98
2025-11-21 18:00:00 - Boboh Kali Lamong,2.9940832571544265
2025-11-22 06:00:00 - Boboh Kali Lamong,2.99
2025-11-22 12:00:00 - Boboh Kali Lamong,2.98
2025-11-22 18:00:00 - Boboh Kali Lamong,2.9940832571544265
2025-11-23 06:00:00 - Boboh Kali Lamong,2.99
2025-11-23 12:00:00 - Boboh Kali Lamong,2.98
2025-11-23 18:00:00 - Boboh Kali Lamong,2.9940832571544265
2025-11-24 06:00:00 - Boboh Kali Lamong,2.99
2025-11-24 12:00:00 - Boboh Kali Lamong,2.98
2025-11-24 18:00:00 - Boboh Kali Lamong,2.9940832571544265
2025-11-25 06:00:00 - Boboh Kali Lamong,2.99
2025-11-25 12:00:00 - Boboh Kali Lamong,2.98
2025-11-25 18:00:00 - Boboh Kali Lamong,2.9940832571544265
2025-11-26 06:00:00 - Boboh Kali Lamong,2.99
2025-11-26 12:00:00 - Boboh Kali Lamong,2.98
2025-11-26 18:00:00 - Boboh Kali Lamong,2.9940832571544265
2025-11-27 06:00:00 - Boboh Kali Lamong,2.99
2025-11-27 12:00:00 - Boboh Kali Lamong,2.98
2025-11-27 18:00:00 - Boboh Kali Lamong,2.9940832571544265
2025-11-28 06:00:00 - Boboh Kali Lamong,2.99
2025-11-28 12:00:00 - Boboh Kali Lamong,2.98
2025-11-28 18:00:00 - Boboh Kali Lamong,2.9940832571544265
2025-11-29 06:00:00 - Boboh Kali Lamong,2.99
2025-11-29 12:00:00 - Boboh Kali Lamong,2.98
2025-11-29 18:00:00 - Boboh Kali Lamong,2.9940832571544265
2025-11-30 06:00:00 - Boboh Kali Lamong,2.99
2025-11-30 12:00:00 - Boboh Kali Lamong,2.98
2025-11-30 18:00:00 - Boboh Kali Lamong,2.9940832571544265
2025-12-01 06:00:00 - Boboh Kali Lamong,4.275
2025-12-01 12:00:00 - Boboh Kali Lamong,4.4
2025-12-01 18:00:00 - Boboh Kali Lamong,4.482329470056139
2025-12-02 06:00:00 - Boboh Kali Lamong,4.275
2025-12-02 12:00:00 - Boboh Kali Lamong,4.4
2025-12-02 18:00:00 - Boboh Kali Lamong,4.482329470056139
2025-12-03 06:00:00 - Boboh Kali Lamong,4.275
2025-12-03 12:00:00 - Boboh Kali Lamong,4.4
2025-12-03 18:00:00 - Boboh Kali Lamong,4.482329470056139
2025-12-04 06:00:00 - Boboh Kali Lamong,4.275
2025-12-04 12:00:00 - Boboh Kali Lamong,4.4
2025-12-04 18:00:00 - Boboh Kali Lamong,4.482329470056139
2025-12-05 06:00:00 - Boboh Kali Lamong,4.275
2025-12-05 12:00:00 - Boboh Kali Lamong,4.4
2025-12-05 18:00:00 - Boboh Kali Lamong,4.482329470056139
2025-12-06 06:00:00 - Boboh Kali Lamong,4.275
2025-12-06 12:00:00 - Boboh Kali Lamong,4.4
2025-12-06 18:00:00 - Boboh Kali Lamong,4.482329470056139
2025-12-07 06:00:00 - Boboh Kali Lamong,4.275
2025-12-07 12:00:00 - Boboh Kali Lamong,4.4
2025-12-07 18:00:00 - Boboh Kali Lamong,4.482329470056139
2025-12-08 06:00:00 - Boboh Kali Lamong,4.275
2025-12-08 12:00:00 - Boboh Kali Lamong,4.4
2025-12-08 18:00:00 - Boboh Kali Lamong,4.482329470056139
2025-12-09 06:00:00 - Boboh Kali Lamong,4.275
2025-12-09 12:00:00 - Boboh Kali Lamong,4.4
2025-12-09 18:00:00 - Boboh Kali Lamong,4.482329470056139
2025-12-10 06:00:00 - Boboh Kali Lamong,4.275
2025-12-10 12:00:00 - Boboh Kali Lamong,4.4
2025-12-10 18:00:00 - Boboh Kali Lamong,4.482329470056139
2025-12-11 06:00:00 - Boboh Kali Lamong,4.275
2025-12-11 12:00:00 - Boboh Kali Lamong,4.4
2025-12-11 18:00:00 - Boboh Kali Lamong,4.482329470056139
2025-12-12 06:00:00 - Boboh Kali Lamong,4.275
2025-12-12 12:00:00 - Boboh Kali Lamong,4.4
2025-12-12 18:00:00 - Boboh Kali Lamong,4.482329470056139
2025-12-13 06:00:00 - Boboh Kali Lamong,4.275
2025-12-13 12:00:00 - Boboh Kali Lamong,4.4
2025-12-13 18:00:00 - Boboh Kali Lamong,4.482329470056139
2025-12-14 06:00:00 - Boboh Kali Lamong,4.275
2025-12-14 12:00:00 - Boboh Kali Lamong,4.4
2025-12-14 18:00:00 - Boboh Kali Lamong,4.482329470056139
2025-12-15 06:00:00 - Boboh Kali Lamong,4.275
2025-12-15 12:00:00 - Boboh Kali Lamong,4.4
2025-12-15 18:00:00 - Boboh Kali Lamong,4.482329470056139
2025-12-16 06:00:00 - Boboh Kali Lamong,4.275
2025-12-16 12:00:00 - Boboh Kali Lamong,4.4
2025-12-16 18:00:00 - Boboh Kali Lamong,4.482329470056139
2025-12-17 06:00:00 - Boboh Kali Lamong,4.275
2025-12-17 12:00:00 - Boboh Kali Lamong,4.4
2025-12-17 18:00:00 - Boboh Kali Lamong,4.482329470056139
2025-12-18 06:00:00 - Boboh Kali Lamong,4.275
2025-12-18 12:00:00 - Boboh Kali Lamong,4.4
2025-12-18 18:00:00 - Boboh Kali Lamong,4.482329470056139
2025-12-19 06:00:00 - Boboh Kali Lamong,4.275
2025-12-19 12:00:00 - Boboh Kali Lamong,4.4
2025-12-19 18:00:00 - Boboh Kali Lamong,4.482329470056139
2025-12-20 06:00:00 - Boboh Kali Lamong,4.275
2025-12-20 12:00:00 - Boboh Kali Lamong,4.4
2025-12-20 18:00:00 - Boboh Kali Lamong,4.482329470056139
2025-12-21 06:00:00 - Boboh Kali Lamong,4.275
2025-12-21 12:00:00 - Boboh Kali Lamong,4.4
2025-12-21 18:00:00 - Boboh Kali Lamong,4.482329470056139
2025-12-22 06:00:00 - Boboh Kali Lamong,4.275
2025-12-22 12:00:00 - Boboh Kali Lamong,4.4
2025-12-22 18:00:00 - Boboh Kali Lamong,4.482329470056139
2025-12-23 06:00:00 - Boboh Kali Lamong,4.275
2025-12-23 12:00:00 - Boboh Kali Lamong,4.4
2025-12-23 18:00:00 - Boboh Kali Lamong,4.482329470056139
2025-12-24 06:00:00 - Boboh Kali Lamong,4.275
2025-12-24 12:00:00 - Boboh Kali Lamong,4.4
2025-12-24 18:00:00 - Boboh Kali Lamong,4.482329470056139
2025-12-25 06:00:00 - Boboh Kali Lamong,4.275
2025-12-25 12:00:00 - Boboh Kali Lamong,4.4
2025-12-25 18:00:00 - Boboh Kali Lamong,4.482329470056139
2025-12-26 06:00:00 - Boboh Kali Lamong,4.275
2025-12-26 12:00:00 - Boboh Kali Lamong,4.4
2025-12-26 18:00:00 - Boboh Kali Lamong,4.482329470056139
2025-12-27 06:00:00 - Boboh Kali Lamong,4.275
2025-12-27 12:00:00 - Boboh Kali Lamong,4.4
2025-12-27 18:00:00 - Boboh Kali Lamong,4.482329470056139
2025-12-28 06:00:00 - Boboh Kali Lamong,4.275
2025-12-28 12:00:00 - Boboh Kali Lamong,4.4
2025-12-28 18:00:00 - Boboh Kali Lamong,4.482329470056139
2025-12-29 06:00:00 - Boboh Kali Lamong,4.275
2025-12-29 12:00:00 - Boboh Kali Lamong,4.4
2025-12-29 18:00:00 - Boboh Kali Lamong,4.482329470056139
2025-12-30 06:00:00 - Boboh Kali Lamong,4.275
2025-12-30 12:00:00 - Boboh Kali Lamong,4.4
2025-12-30 18:00:00 - Boboh Kali Lamong,4.482329470056139
2025-12-31 06:00:00 - Boboh Kali Lamong,4.275
2025-12-31 12:00:00 - Boboh Kali Lamong,4.4
2025-12-31 18:00:00 - Boboh Kali Lamong,4.482329470056139
2026-01-01 06:00:00 - Boboh Kali Lamong,4.4
2026-01-01 12:00:00 - Boboh Kali Lamong,4.43
2026-01-01 18:00:00 - Boboh Kali Lamong,4.4
2026-01-02 06:00:00 - Boboh Kali Lamong,4.4
2026-01-02 12:00:00 - Boboh Kali Lamong,4.43
2026-01-02 18:00:00 - Boboh Kali Lamong,4.4
2026-01-03 06:00:00 - Boboh Kali Lamong,4.4
2026-01-03 12:00:00 - Boboh Kali Lamong,4.43
2026-01-03 18:00:00 - Boboh Kali Lamong,4.4
2026-01-04 06:00:00 - Boboh Kali Lamong,4.4
2026-01-04 12:00:00 - Boboh Kali Lamong,4.43
2026-01-04 18:00:00 - Boboh Kali Lamong,4.4
2026-01-05 06:00:00 - Boboh Kali Lamong,4.4
2026-01-05 12:00:00 - Boboh Kali Lamong,4.43
2026-01-05 18:00:00 - Boboh Kali Lamong,4.4
2026-01-06 06:00:00 - Boboh Kali Lamong,4.4
2026-01-06 12:00:00 - Boboh Kali Lamong,4.43
2026-01-06 18:00:00 - Boboh Kali Lamong,4.4
2026-01-07 06:00:00 - Boboh Kali Lamong,4.4
2026-01-07 12:00:00 - Boboh Kali Lamong,4.43
2026-01-07 18:00:00 - Boboh Kali Lamong,4.4
2026-01-08 06:00:00 - Boboh Kali Lamong,4.4
2026-01-08 12:00:00 - Boboh Kali Lamong,4.43
2026-01-08 18:00:00 - Boboh Kali Lamong,4.4
2026-01-09 06:00:00 - Boboh Kali Lamong,4.4
2026-01-09 12:00:00 - Boboh Kali Lamong,4.43
2026-01-09 18:00:00 - Boboh Kali Lamong,4.4
2026-01-10 06:00:00 - Boboh Kali Lamong,4.4
2026-01-10 12:00:00 - Boboh Kali Lamong,4.43
2026-01-10 18:00:00 - Boboh Kali Lamong,4.4
2026-01-11 06:00:00 - Boboh Kali Lamong,4.4
2026-01-11 12:00:00 - Boboh Kali Lamong,4.43
2026-01-11 18:00:00 - Boboh Kali Lamong,4.4
2026-01-12 06:00:00 - Boboh Kali Lamong,4.4
2026-01-12 12:00:00 - Boboh Kali Lamong,4.43
2026-01-12 18:00:00 - Boboh Kali Lamong,4.4
2026-01-13 06:00:00 - Boboh Kali Lamong,4.4
2026-01-13 12:00:00 - Boboh Kali Lamong,4.43
2026-01-13 18:00:00 - Boboh Kali Lamong,4.4
2026-01-14 06:00:00 - Boboh Kali Lamong,4.4
2026-01-14 12:00:00 - Boboh Kali Lamong,4.43
2026-01-14 18:00:00 - Boboh Kali Lamong,4.4
2026-01-15 06:00:00 - Boboh Kali Lamong,4.4
2026-01-15 12:00:00 - Boboh Kali Lamong,4.43
2026-01-15 18:00:00 - Boboh Kali Lamong,4.4
2026-01-16 06:00:00 - Boboh Kali Lamong,4.4
2026-01-16 12:00:00 - Boboh Kali Lamong,4.43
2026-01-16 18:00:00 - Boboh Kali Lamong,4.4
2026-01-17 06:00:00 - Boboh Kali Lamong,4.4
2026-01-17 12:00:00 - Boboh Kali Lamong,4.43
2026-01-17 18:00:00 - Boboh Kali Lamong,4.4
2026-01-18 06:00:00 - Boboh Kali Lamong,4.4
2026-01-18 12:00:00 - Boboh Kali Lamong,4.43
2026-01-18 18:00:00 - Boboh Kali Lamong,4.4
2026-01-19 06:00:00 - Boboh Kali Lamong,4.4
2026-01-19 12:00:00 - Boboh Kali Lamong,4.43
2026-01-19 18:00:00 - Boboh Kali Lamong,4.4
2026-01-20 06:00:00 - Boboh Kali Lamong,4.4
2026-01-20 12:00:00 - Boboh Kali Lamong,4.43
2026-01-20 18:00:00 - Boboh Kali Lamong,4.4
2026-01-21 06:00:00 - Boboh Kali Lamong,4.4
2026-01-21 12:00:00 - Boboh Kali Lamong,4.43
2026-01-21 18:00:00 - Boboh Kali Lamong,4.4
2026-01-22 06:00:00 - Boboh Kali Lamong,4.4
2026-01-22 12:00:00 - Boboh Kali Lamong,4.43
2026-01-22 18:00:00 - Boboh Kali Lamong,4.4
2026-01-23 06:00:00 - Boboh Kali Lamong,4.4
2026-01-23 12:00:00 - Boboh Kali Lamong,4.43
2026-01-23 18:00:00 - Boboh Kali Lamong,4.4
2026-01-24 06:00:00 - Boboh Kali Lamong,4.4
2026-01-24 12:00:00 - Boboh Kali Lamong,4.43
2026-01-24 18:00:00 - Boboh Kali Lamong,4.4
2026-01-25 06:00:00 - Boboh Kali Lamong,4.4
2026-01-25 12:00:00 - Boboh Kali Lamong,4.43
2026-01-25 18:00:00 - Boboh Kali Lamong,4.4
2026-01-26 06:00:00 - Boboh Kali Lamong,4.4
2026-01-26 12:00:00 - Boboh Kali Lamong,4.43
2026-01-26 18:00:00 - Boboh Kali Lamong,4.4
2026-01-27 06:00:00 - Boboh Kali Lamong,4.4
2026-01-27 12:00:00 - Boboh Kali Lamong,4.43
2026-01-27 18:00:00 - Boboh Kali Lamong,4.4
2026-01-28 06:00:00 - Boboh Kali Lamong,4.4
2026-01-28 12:00:00 - Boboh Kali Lamong,4.43
2026-01-28 18:00:00 - Boboh Kali Lamong,4.4
2026-01-29 06:00:00 - Boboh Kali Lamong,4.4
2026-01-29 12:00:00 - Boboh Kali Lamong,4.43
2026-01-29 18:00:00 - Boboh Kali Lamong,4.4
2026-01-30 06:00:00 - Boboh Kali Lamong,4.4
2026-01-30 12:00:00 - Boboh Kali Lamong,4.43
2026-01-30 18:00:00 - Boboh Kali Lamong,4.4
2026-01-31 06:00:00 - Boboh Kali Lamong,4.4
2026-01-31 12:00:00 - Boboh Kali Lamong,4.43
2026-01-31 18:00:00 - Boboh Kali Lamong,4.4
2026-02-01 06:00:00 - Boboh Kali Lamong,6.27
2026-02-01 12:00:00 - Boboh Kali Lamong,6.243657564297517
2026-02-01 18:00:00 - Boboh Kali Lamong,6.3
2026-02-02 06:00:00 - Boboh Kali Lamong,6.27
2026-02-02 12:00:00 - Boboh Kali Lamong,6.243657564297517
2026-02-02 18:00:00 - Boboh Kali Lamong,6.3
2026-02-03 06:00:00 - Boboh Kali Lamong,6.27
2026-02-03 12:00:00 - Boboh Kali Lamong,6.243657564297517
2026-02-03 18:00:00 - Boboh Kali Lamong,6.3
2026-02-04 06:00:00 - Boboh Kali Lamong,6.27
2026-02-04 12:00:00 - Boboh Kali Lamong,6.243657564297517
2026-02-04 18:00:00 - Boboh Kali Lamong,6.3
2026-02-05 06:00:00 - Boboh Kali Lamong,6.27
2026-02-05 12:00:00 - Boboh Kali Lamong,6.243657564297517
2026-02-05 18:00:00 - Boboh Kali Lamong,6.3
2026-02-06 06:00:00 - Boboh Kali Lamong,6.27
2026-02-06 12:00:00 - Boboh Kali Lamong,6.243657564297517
2026-02-06 18:00:00 - Boboh Kali Lamong,6.3
2026-02-07 06:00:00 - Boboh Kali Lamong,6.27
2026-02-07 12:00:00 - Boboh Kali Lamong,6.243657564297517
2026-02-07 18:00:00 - Boboh Kali Lamong,6.3
2026-02-08 06:00:00 - Boboh Kali Lamong,6.27
2026-02-08 12:00:00 - Boboh Kali Lamong,6.243657564297517
2026-02-08 18:00:00 - Boboh Kali Lamong,6.3
2026-02-09 06:00:00 - Boboh Kali Lamong,6.27
2026-02-09 12:00:00 - Boboh Kali Lamong,6.243657564297517
2026-02-09 18:00:00 - Boboh Kali Lamong,6.3
2026-02-10 06:00:00 - Boboh Kali Lamong,6.27
2026-02-10 12:00:00 - Boboh Kali Lamong,6.243657564297517
2026-02-10 18:00:00 - Boboh Kali Lamong,6.3
2026-02-11 06:00:00 - Boboh Kali Lamong,6.27
2026-02-11 12:00:00 - Boboh Kali Lamong,6.243657564297517
2026-02-11 18:00:00 - Boboh Kali Lamong,6.3
2026-02-12 06:00:00 - Boboh Kali Lamong,6.27
2026-02-12 12:00:00 - Boboh Kali Lamong,6.243657564297517
2026-02-12 18:00:00 - Boboh Kali Lamong,6.3
2026-02-13 06:00:00 - Boboh Kali Lamong,6.27
2026-02-13 12:00:00 - Boboh Kali Lamong,6.243657564297517
2026-02-13 18:00:00 - Boboh Kali Lamong,6.3
2026-02-14 06:00:00 - Boboh Kali Lamong,6.27
2026-02-14 12:00:00 - Boboh Kali Lamong,6.243657564297517
2026-02-14 18:00:00 - Boboh Kali Lamong,6.3
2026-02-15 06:00:00 - Boboh Kali Lamong,6.27
2026-02-15 12:00:00 - Boboh Kali Lamong,6.243657564297517
2026-02-15 18:00:00 - Boboh Kali Lamong,6.3
2026-02-16 06:00:00 - Boboh Kali Lamong,6.27
2026-02-16 12:00:00 - Boboh Kali Lamong,6.243657564297517
2026-02-16 18:00:00 - Boboh Kali Lamong,6.3
2026-02-17 06:00:00 - Boboh Kali Lamong,6.27
2026-02-17 12:00:00 - Boboh Kali Lamong,6.243657564297517
2026-02-17 18:00:00 - Boboh Kali Lamong,6.3
2026-02-18 06:00:00 - Boboh Kali Lamong,6.27
2026-02-18 12:00:00 - Boboh Kali Lamong,6.243657564297517
2026-02-18 18:00:00 - Boboh Kali Lamong,6.3
2026-02-19 06:00:00 - Boboh Kali Lamong,6.27
2026-02-19 12:00:00 - Boboh Kali Lamong,6.243657564297517
2026-02-19 18:00:00 - Boboh Kali Lamong,6.3
2026-02-20 06:00:00 - Boboh Kali Lamong,6.27
2026-02-20 12:00:00 - Boboh Kali Lamong,6.243657564297517
2026-02-20 18:00:00 - Boboh Kali Lamong,6.3
2026-02-21 06:00:00 - Boboh Kali Lamong,6.27
2026-02-21 12:00:00 - Boboh Kali Lamong,6.243657564297517
2026-02-21 18:00:00 - Boboh Kali Lamong,6.3
2026-02-22 06:00:00 - Boboh Kali Lamong,6.27
2026-02-22 12:00:00 - Boboh Kali Lamong,6.243657564297517
2026-02-22 18:00:00 - Boboh Kali Lamong,6.3
2026-02-23 06:00:00 - Boboh Kali Lamong,6.27
2026-02-23 12:00:00 - Boboh Kali Lamong,6.243657564297517
2026-02-23 18:00:00 - Boboh Kali Lamong,6.3
2026-02-24 06:00:00 - Boboh Kali Lamong,6.27
2026-02-24 12:00:00 - Boboh Kali Lamong,6.243657564297517
2026-02-24 18:00:00 - Boboh Kali Lamong,6.3
2026-02-25 06:00:00 - Boboh Kali Lamong,6.27
2026-02-25 12:00:00 - Boboh Kali Lamong,6.243657564297517
2026-02-25 18:00:00 - Boboh Kali Lamong,6.3
2026-02-26 06:00:00 - Boboh Kali Lamong,6.27
2026-02-26 12:00:00 - Boboh Kali Lamong,6.243657564297517
2026-02-26 18:00:00 - Boboh Kali Lamong,6.3
2026-02-27 06:00:00 - Boboh Kali Lamong,6.27
2026-02-27 12:00:00 - Boboh Kali Lamong,6.243657564297517
2026-02-27 18:00:00 - Boboh Kali Lamong,6.3
2026-02-28 06:00:00 - Boboh Kali Lamong,6.27
2026-02-28 12:00:00 - Boboh Kali Lamong,6.243657564297517
2026-02-28 18:00:00 - Boboh Kali Lamong,6.3
2026-03-01 06:00:00 - Boboh Kali Lamong,5.27
2026-03-01 12:00:00 - Boboh Kali Lamong,5.3
2026-03-01 18:00:00 - Boboh Kali Lamong,5.23
2026-03-02 06:00:00 - Boboh Kali Lamong,5.27
2026-03-02 12:00:00 - Boboh Kali Lamong,5.3
2026-03-02 18:00:00 - Boboh Kali Lamong,5.23
2026-03-03 06:00:00 - Boboh Kali Lamong,5.27
2026-03-03 12:00:00 - Boboh Kali Lamong,5.3
2026-03-03 18:00:00 - Boboh Kali Lamong,5.23
2026-03-04 06:00:00 - Boboh Kali Lamong,5.27
2026-03-04 12:00:00 - Boboh Kali Lamong,5.3
2026-03-04 18:00:00 - Boboh Kali Lamong,5.23
2026-03-05 06:00:00 - Boboh Kali Lamong,5.27
2026-03-05 12:00:00 - Boboh Kali Lamong,5.3
2026-03-05 18:00:00 - Boboh Kali Lamong,5.23
2026-03-06 06:00:00 - Boboh Kali Lamong,5.27
2026-03-06 12:00:00 - Boboh Kali Lamong,5.3
2026-03-06 18:00:00 - Boboh Kali Lamong,5.23
2026-03-07 06:00:00 - Boboh Kali Lamong,5.27
2026-03-07 12:00:00 - Boboh Kali Lamong,5.3
2026-03-07 18:00:00 - Boboh Kali Lamong,5.23
2026-03-08 06:00:00 - Boboh Kali Lamong,5.27
2026-03-08 12:00:00 - Boboh Kali Lamong,5.3
2026-03-08 18:00:00 - Boboh Kali Lamong,5.23
2026-03-09 06:00:00 - Boboh Kali Lamong,5.27
2026-03-09 12:00:00 - Boboh Kali Lamong,5.3
2026-03-09 18:00:00 - Boboh Kali Lamong,5.23
2026-03-10 06:00:00 - Boboh Kali Lamong,5.27
2026-03-10 12:00:00 - Boboh Kali Lamong,5.3
2026-03-10 18:00:00 - Boboh Kali Lamong,5.23
2026-03-11 06:00:00 - Boboh Kali Lamong,5.27
2026-03-11 12:00:00 - Boboh Kali Lamong,5.3
2026-03-11 18:00:00 - Boboh Kali Lamong,5.23
2026-03-12 06:00:00 - Boboh Kali Lamong,5.27
2026-03-12 12:00:00 - Boboh Kali Lamong,5.3
2026-03-12 18:00:00 - Boboh Kali Lamong,5.23
2026-03-13 06:00:00 - Boboh Kali Lamong,5.27
2026-03-13 12:00:00 - Boboh Kali Lamong,5.3
2026-03-13 18:00:00 - Boboh Kali Lamong,5.23
2026-03-14 06:00:00 - Boboh Kali Lamong,5.27
2026-03-14 12:00:00 - Boboh Kali Lamong,5.3
2026-03-14 18:00:00 - Boboh Kali Lamong,5.23
2026-03-15 06:00:00 - Boboh Kali Lamong,5.27
2026-03-15 12:00:00 - Boboh Kali Lamong,5.3
2026-03-15 18:00:00 - Boboh Kali Lamong,5.23
2026-03-16 06:00:00 - Boboh Kali Lamong,5.27
2026-03-16 12:00:00 - Boboh Kali Lamong,5.3
2026-03-16 18:00:00 - Boboh Kali Lamong,5.23
2026-03-17 06:00:00 - Boboh Kali Lamong,5.27
2026-03-17 12:00:00 - Boboh Kali Lamong,5.3
2026-03-17 18:00:00 - Boboh Kali Lamong,5.23
2026-03-18 06:00:00 - Boboh Kali Lamong,5.27
2026-03-18 12:00:00 - Boboh Kali Lamong,5.3
2026-03-18 18:00:00 - Boboh Kali Lamong,5.23
2026-03-19 06:00:00 - Boboh Kali Lamong,5.27
2026-03-19 12:00:00 - Boboh Kali Lamong,5.3
2026-03-19 18:00:00 - Boboh Kali Lamong,5.23
2026-03-20 06:00:00 - Boboh Kali Lamong,5.27
2026-03-20 12:00:00 - Boboh Kali Lamong,5.3
2026-03-20 18:00:00 - Boboh Kali Lamong,5.23
2026-03-21 06:00:00 - Boboh Kali Lamong,5.27
2026-03-21 12:00:00 - Boboh Kali Lamong,5.3
2026-03-21 18:00:00 - Boboh Kali Lamong,5.23
2026-03-22 06:00:00 - Boboh Kali Lamong,5.27
2026-03-22 12:00:00 - Boboh Kali Lamong,5.3
2026-03-22 18:00:00 - Boboh Kali Lamong,5.23
2026-03-23 06:00:00 - Boboh Kali Lamong,5.27
2026-03-23 12:00:00 - Boboh Kali Lamong,5.3
2026-03-23 18:00:00 - Boboh Kali Lamong,5.23
2026-03-24 06:00:00 - Boboh Kali Lamong,5.27
2026-03-24 12:00:00 - Boboh Kali Lamong,5.3
2026-03-24 18:00:00 - Boboh Kali Lamong,5.23
2026-03-25 06:00:00 - Boboh Kali Lamong,5.27
2026-03-25 12:00:00 - Boboh Kali Lamong,5.3
2026-03-25 18:00:00 - Boboh Kali Lamong,5.23
2026-03-26 06:00:00 - Boboh Kali Lamong,5.27
2026-03-26 12:00:00 - Boboh Kali Lamong,5.3
2026-03-26 18:00:00 - Boboh Kali Lamong,5.23
2026-03-27 06:00:00 - Boboh Kali Lamong,5.27
2026-03-27 12:00:00 - Boboh Kali Lamong,5.3
2026-03-27 18:00:00 - Boboh Kali Lamong,5.23
2026-03-28 06:00:00 - Boboh Kali Lamong,5.27
2026-03-28 12:00:00 - Boboh Kali Lamong,5.3
2026-03-28 18:00:00 - Boboh Kali Lamong,5.23
2026-03-29 06:00:00 - Boboh Kali Lamong,5.27
2026-03-29 12:00:00 - Boboh Kali Lamong,5.3
2026-03-29 18:00:00 - Boboh Kali Lamong,5.23
2026-03-30 06:00:00 - Boboh Kali Lamong,5.27
2026-03-30 12:00:00 - Boboh Kali Lamong,5.3
2026-03-30 18:00:00 - Boboh Kali Lamong,5.23
2026-03-31 06:00:00 - Boboh Kali Lamong,5.27
2026-03-31 12:00:00 - Boboh Kali Lamong,5.3
2026-03-31 18:00:00 - Boboh Kali Lamong,5.23
2026-04-01 06:00:00 - Boboh Kali Lamong,4.63
2026-04-01 12:00:00 - Boboh Kali Lamong,4.8149999999999995
2026-04-01 18:00:00 - Boboh Kali Lamong,4.7
2026-04-02 06:00:00 - Boboh Kali Lamong,4.63
2026-04-02 12:00:00 - Boboh Kali Lamong,4.8149999999999995
2026-04-02 18:00:00 - Boboh Kali Lamong,4.7
2026-04-03 06:00:00 - Boboh Kali Lamong,4.63
2026-04-03 12:00:00 - Boboh Kali Lamong,4.8149999999999995
2026-04-03 18:00:00 - Boboh Kali Lamong,4.7
2026-04-04 06:00:00 - Boboh Kali Lamong,4.63
2026-04-04 12:00:00 - Boboh Kali Lamong,4.8149999999999995
2026-04-04 18:00:00 - Boboh Kali Lamong,4.7
2026-04-05 06:00:00 - Boboh Kali Lamong,4.63
2026-04-05 12:00:00 - Boboh Kali Lamong,4.8149999999999995
2026-04-05 18:00:00 - Boboh Kali Lamong,4.7
2026-04-06 06:00:00 - Boboh Kali Lamong,4.63
2026-04-06 12:00:00 - Boboh Kali Lamong,4.8149999999999995
2026-04-06 18:00:00 - Boboh Kali Lamong,4.7
2026-04-07 06:00:00 - Boboh Kali Lamong,4.63
2026-04-07 12:00:00 - Boboh Kali Lamong,4.8149999999999995
2026-04-07 18:00:00 - Boboh Kali Lamong,4.7
2026-04-08 06:00:00 - Boboh Kali Lamong,4.63
2026-04-08 12:00:00 - Boboh Kali Lamong,4.8149999999999995
2026-04-08 18:00:00 - Boboh Kali Lamong,4.7
2026-04-09 06:00:00 - Boboh Kali Lamong,4.63
2026-04-09 12:00:00 - Boboh Kali Lamong,4.8149999999999995
2026-04-09 18:00:00 - Boboh Kali Lamong,4.7
2026-04-10 06:00:00 - Boboh Kali Lamong,4.63
2026-04-10 12:00:00 - Boboh Kali Lamong,4.8149999999999995
2026-04-10 18:00:00 - Boboh Kali Lamong,4.7
2026-04-11 06:00:00 - Boboh Kali Lamong,4.63
2026-04-11 12:00:00 - Boboh Kali Lamong,4.8149999999999995
2026-04-11 18:00:00 - Boboh Kali Lamong,4.7
2026-04-12 06:00:00 - Boboh Kali Lamong,4.63
2026-04-12 12:00:00 - Boboh Kali Lamong,4.8149999999999995
2026-04-12 18:00:00 - Boboh Kali Lamong,4.7
2026-04-13 06:00:00 - Boboh Kali Lamong,4.63
2026-04-13 12:00:00 - Boboh Kali Lamong,4.8149999999999995
2026-04-13 18:00:00 - Boboh Kali Lamong,4.7
2026-04-14 06:00:00 - Boboh Kali Lamong,4.63
2026-04-14 12:00:00 - Boboh Kali Lamong,4.8149999999999995
2026-04-14 18:00:00 - Boboh Kali Lamong,4.7
2026-04-15 06:00:00 - Boboh Kali Lamong,4.63
2026-04-15 12:00:00 - Boboh Kali Lamong,4.8149999999999995
2026-04-15 18:00:00 - Boboh Kali Lamong,4.7
2026-04-16 06:00:00 - Boboh Kali Lamong,4.63
2026-04-16 12:00:00 - Boboh Kali Lamong,4.8149999999999995
2026-04-16 18:00:00 - Boboh Kali Lamong,4.7
2026-04-17 06:00:00 - Boboh Kali Lamong,4.63
2026-04-17 12:00:00 - Boboh Kali Lamong,4.8149999999999995
2026-04-17 18:00:00 - Boboh Kali Lamong,4.7
2026-04-18 06:00:00 - Boboh Kali Lamong,4.63
2026-04-18 12:00:00 - Boboh Kali Lamong,4.8149999999999995
2026-04-18 18:00:00 - Boboh Kali Lamong,4.7
2026-04-19 06:00:00 - Boboh Kali Lamong,4.63
2026-04-19 12:00:00 - Boboh Kali Lamong,4.8149999999999995
2026-04-19 18:00:00 - Boboh Kali Lamong,4.7
2026-04-20 06:00:00 - Boboh Kali Lamong,4.63
2026-04-20 12:00:00 - Boboh Kali Lamong,4.8149999999999995
2026-04-20 18:00:00 - Boboh Kali Lamong,4.7
2026-04-21 06:00:00 - Boboh Kali Lamong,4.63
2026-04-21 12:00:00 - Boboh Kali Lamong,4.8149999999999995
2026-04-21 18:00:00 - Boboh Kali Lamong,4.7
2026-04-22 06:00:00 - Boboh Kali Lamong,4.63
2026-04-22 12:00:00 - Boboh Kali Lamong,4.8149999999999995
2026-04-22 18:00:00 - Boboh Kali Lamong,4.7
2026-04-23 06:00:00 - Boboh Kali Lamong,4.63
2026-04-23 12:00:00 - Boboh Kali Lamong,4.8149999999999995
2026-04-23 18:00:00 - Boboh Kali Lamong,4.7
2026-04-24 06:00:00 - Boboh Kali Lamong,4.63
2026-04-24 12:00:00 - Boboh Kali Lamong,4.8149999999999995
2026-04-24 18:00:00 - Boboh Kali Lamong,4.7
2026-04-25 06:00:00 - Boboh Kali Lamong,4.63
2026-04-25 12:00:00 - Boboh Kali Lamong,4.8149999999999995
2026-04-25 18:00:00 - Boboh Kali Lamong,4.7
2026-04-26 06:00:00 - Boboh Kali Lamong,4.63
2026-04-26 12:00:00 - Boboh Kali Lamong,4.8149999999999995
2026-04-26 18:00:00 - Boboh Kali Lamong,4.7
2026-04-27 06:00:00 - Boboh Kali Lamong,4.63
2026-04-27 12:00:00 - Boboh Kali Lamong,4.8149999999999995
2026-04-27 18:00:00 - Boboh Kali Lamong,4.7
2026-04-28 06:00:00 - Boboh Kali Lamong,4.63
2026-04-28 12:00:00 - Boboh Kali Lamong,4.8149999999999995
2026-04-28 18:00:00 - Boboh Kali Lamong,4.7
2026-04-29 06:00:00 - Boboh Kali Lamong,4.63
2026-04-29 12:00:00 - Boboh Kali Lamong,4.8149999999999995
2026-04-29 18:00:00 - Boboh Kali Lamong,4.7
2026-04-30 06:00:00 - Boboh Kali Lamong,4.63
2026-04-30 12:00:00 - Boboh Kali Lamong,4.8149999999999995
2026-04-30 18:00:00 - Boboh Kali Lamong,4.7
2026-05-01 06:00:00 - Boboh Kali Lamong,3.4
2026-05-01 12:00:00 - Boboh Kali Lamong,3.440605421892988
2026-05-01 18:00:00 - Boboh Kali Lamong,3.4
2026-05-02 06:00:00 - Boboh Kali Lamong,3.4
2026-05-02 12:00:00 - Boboh Kali Lamong,3.440605421892988
2026-05-02 18:00:00 - Boboh Kali Lamong,3.4
2026-05-03 06:00:00 - Boboh Kali Lamong,3.4
2026-05-03 12:00:00 - Boboh Kali Lamong,3.440605421892988
2026-05-03 18:00:00 - Boboh Kali Lamong,3.4
2026-05-04 06:00:00 - Boboh Kali Lamong,3.4
2026-05-04 12:00:00 - Boboh Kali Lamong,3.440605421892988
2026-05-04 18:00:00 - Boboh Kali Lamong,3.4
2026-05-05 06:00:00 - Boboh Kali Lamong,3.4
2026-05-05 12:00:00 - Boboh Kali Lamong,3.440605421892988
2026-05-05 18:00:00 - Boboh Kali Lamong,3.4
2026-05-06 06:00:00 - Boboh Kali Lamong,3.4
2026-05-06 12:00:00 - Boboh Kali Lamong,3.440605421892988
2026-05-06 18:00:00 - Boboh Kali Lamong,3.4
2026-05-07 06:00:00 - Boboh Kali Lamong,3.4
2026-05-07 12:00:00 - Boboh Kali Lamong,3.440605421892988
2026-05-07 18:00:00 - Boboh Kali Lamong,3.4
2026-05-08 06:00:00 - Boboh Kali Lamong,3.4
2026-05-08 12:00:00 - Boboh Kali Lamong,3.440605421892988
2026-05-08 18:00:00 - Boboh Kali Lamong,3.4
2026-05-09 06:00:00 - Boboh Kali Lamong,3.4
2026-05-09 12:00:00 - Boboh Kali Lamong,3.440605421892988
2026-05-09 18:00:00 - Boboh Kali Lamong,3.4
2026-05-10 06:00:00 - Boboh Kali Lamong,3.4
2026-05-10 12:00:00 - Boboh Kali Lamong,3.440605421892988
2026-05-10 18:00:00 - Boboh Kali Lamong,3.4
2026-05-11 06:00:00 - Boboh Kali Lamong,3.4
2026-05-11 12:00:00 - Boboh Kali Lamong,3.440605421892988
2026-05-11 18:00:00 - Boboh Kali Lamong,3.4
2026-05-12 06:00:00 - Boboh Kali Lamong,3.4
2026-05-12 12:00:00 - Boboh Kali Lamong,3.440605421892988
2026-05-12 18:00:00 - Boboh Kali Lamong,3.4
2026-05-13 06:00:00 - Boboh Kali Lamong,3.4
2026-05-13 12:00:00 - Boboh Kali Lamong,3.440605421892988
2026-05-13 18:00:00 - Boboh Kali Lamong,3.4
2026-05-14 06:00:00 - Boboh Kali Lamong,3.4
2026-05-14 12:00:00 - Boboh Kali Lamong,3.440605421892988
2026-05-14 18:00:00 - Boboh Kali Lamong,3.4
2026-05-15 06:00:00 - Boboh Kali Lamong,3.4
2026-05-15 12:00:00 - Boboh Kali Lamong,3.440605421892988
2026-05-15 18:00:00 - Boboh Kali Lamong,3.4
2026-05-16 06:00:00 - Boboh Kali Lamong,3.4
2026-05-16 12:00:00 - Boboh Kali Lamong,3.440605421892988
2026-05-16 18:00:00 - Boboh Kali Lamong,3.4
2026-05-17 06:00:00 - Boboh Kali Lamong,3.4
2026-05-17 12:00:00 - Boboh Kali Lamong,3.440605421892988
2026-05-17 18:00:00 - Boboh Kali Lamong,3.4
2026-05-18 06:00:00 - Boboh Kali Lamong,3.4
2026-05-18 12:00:00 - Boboh Kali Lamong,3.440605421892988
2026-05-18 18:00:00 - Boboh Kali Lamong,3.4
2025-09-19 06:00:00 - Bojonegoro - Kali Kethek,6.91
2025-09-19 12:00:00 - Bojonegoro - Kali Kethek,6.915
2025-09-19 18:00:00 - Bojonegoro - Kali Kethek,6.91
2025-09-20 06:00:00 - Bojonegoro - Kali Kethek,6.91
2025-09-20 12:00:00 - Bojonegoro - Kali Kethek,6.915
2025-09-20 18:00:00 - Bojonegoro - Kali Kethek,6.91
2025-09-21 06:00:00 - Bojonegoro - Kali Kethek,6.91
2025-09-21 12:00:00 - Bojonegoro - Kali Kethek,6.915
2025-09-21 18:00:00 - Bojonegoro - Kali Kethek,6.91
2025-09-22 06:00:00 - Bojonegoro - Kali Kethek,6.91
2025-09-22 12:00:00 - Bojonegoro - Kali Kethek,6.915
2025-09-22 18:00:00 - Bojonegoro - Kali Kethek,6.91
2025-09-23 06:00:00 - Bojonegoro - Kali Kethek,6.91
2025-09-23 12:00:00 - Bojonegoro - Kali Kethek,6.915
2025-09-23 18:00:00 - Bojonegoro - Kali Kethek,6.91
2025-09-24 06:00:00 - Bojonegoro - Kali Kethek,6.91
2025-09-24 12:00:00 - Bojonegoro - Kali Kethek,6.915
2025-09-24 18:00:00 - Bojonegoro - Kali Kethek,6.91
2025-09-25 06:00:00 - Bojonegoro - Kali Kethek,6.91
2025-09-25 12:00:00 - Bojonegoro - Kali Kethek,6.915
2025-09-25 18:00:00 - Bojonegoro - Kali Kethek,6.91
2025-09-26 06:00:00 - Bojonegoro - Kali Kethek,6.91
2025-09-26 12:00:00 - Bojonegoro - Kali Kethek,6.915
2025-09-26 18:00:00 - Bojonegoro - Kali Kethek,6.91
2025-09-27 06:00:00 - Bojonegoro - Kali Kethek,6.91
2025-09-27 12:00:00 - Bojonegoro - Kali Kethek,6.915
2025-09-27 18:00:00 - Bojonegoro - Kali Kethek,6.91
2025-09-28 06:00:00 - Bojonegoro - Kali Kethek,6.91
2025-09-28 12:00:00 - Bojonegoro - Kali Kethek,6.915
2025-09-28 18:00:00 - Bojonegoro - Kali Kethek,6.91
2025-09-29 06:00:00 - Bojonegoro - Kali Kethek,6.91
2025-09-29 12:00:00 - Bojonegoro - Kali Kethek,6.915
2025-09-29 18:00:00 - Bojonegoro - Kali Kethek,6.91
2025-09-30 06:00:00 - Bojonegoro - Kali Kethek,6.91
2025-09-30 12:00:00 - Bojonegoro - Kali Kethek,6.915
2025-09-30 18:00:00 - Bojonegoro - Kali Kethek,6.91
2025-10-01 06:00:00 - Bojonegoro - Kali Kethek,6.655
2025-10-01 12:00:00 - Bojonegoro - Kali Kethek,6.61
2025-10-01 18:00:00 - Bojonegoro - Kali Kethek,6.61
2025-10-02 06:00:00 - Bojonegoro - Kali Kethek,6.655
2025-10-02 12:00:00 - Bojonegoro - Kali Kethek,6.61
2025-10-02 18:00:00 - Bojonegoro - Kali Kethek,6.61
2025-10-03 06:00:00 - Bojonegoro - Kali Kethek,6.655
2025-10-03 12:00:00 - Bojonegoro - Kali Kethek,6.61
2025-10-03 18:00:00 - Bojonegoro - Kali Kethek,6.61
2025-10-04 06:00:00 - Bojonegoro - Kali Kethek,6.655
2025-10-04 12:00:00 - Bojonegoro - Kali Kethek,6.61
2025-10-04 18:00:00 - Bojonegoro - Kali Kethek,6.61
2025-10-05 06:00:00 - Bojonegoro - Kali Kethek,6.655
2025-10-05 12:00:00 - Bojonegoro - Kali Kethek,6.61
2025-10-05 18:00:00 - Bojonegoro - Kali Kethek,6.61
2025-10-06 06:00:00 - Bojonegoro - Kali Kethek,6.655
2025-10-06 12:00:00 - Bojonegoro - Kali Kethek,6.61
2025-10-06 18:00:00 - Bojonegoro - Kali Kethek,6.61
2025-10-07 06:00:00 - Bojonegoro - Kali Kethek,6.655
2025-10-07 12:00:00 - Bojonegoro - Kali Kethek,6.61
2025-10-07 18:00:00 - Bojonegoro - Kali Kethek,6.61
2025-10-08 06:00:00 - Bojonegoro - Kali Kethek,6.655
2025-10-08 12:00:00 - Bojonegoro - Kali Kethek,6.61
2025-10-08 18:00:00 - Bojonegoro - Kali Kethek,6.61
2025-10-09 06:00:00 - Bojonegoro - Kali Kethek,6.655
2025-10-09 12:00:00 - Bojonegoro - Kali Kethek,6.61
2025-10-09 18:00:00 - Bojonegoro - Kali Kethek,6.61
2025-10-10 06:00:00 - Bojonegoro - Kali Kethek,6.655
2025-10-10 12:00:00 - Bojonegoro - Kali Kethek,6.61
2025-10-10 18:00:00 - Bojonegoro - Kali Kethek,6.61
2025-10-11 06:00:00 - Bojonegoro - Kali Kethek,6.655
2025-10-11 12:00:00 - Bojonegoro - Kali Kethek,6.61
2025-10-11 18:00:00 - Bojonegoro - Kali Kethek,6.61
2025-10-12 06:00:00 - Bojonegoro - Kali Kethek,6.655
2025-10-12 12:00:00 - Bojonegoro - Kali Kethek,6.61
2025-10-12 18:00:00 - Bojonegoro - Kali Kethek,6.61
2025-10-13 06:00:00 - Bojonegoro - Kali Kethek,6.655
2025-10-13 12:00:00 - Bojonegoro - Kali Kethek,6.61
2025-10-13 18:00:00 - Bojonegoro - Kali Kethek,6.61
2025-10-14 06:00:00 - Bojonegoro - Kali Kethek,6.655
2025-10-14 12:00:00 - Bojonegoro - Kali Kethek,6.61
2025-10-14 18:00:00 - Bojonegoro - Kali Kethek,6.61
2025-10-15 06:00:00 - Bojonegoro - Kali Kethek,6.655
2025-10-15 12:00:00 - Bojonegoro - Kali Kethek,6.61
2025-10-15 18:00:00 - Bojonegoro - Kali Kethek,6.61
2025-10-16 06:00:00 - Bojonegoro - Kali Kethek,6.655
2025-10-16 12:00:00 - Bojonegoro - Kali Kethek,6.61
2025-10-16 18:00:00 - Bojonegoro - Kali Kethek,6.61
2025-10-17 06:00:00 - Bojonegoro - Kali Kethek,6.655
2025-10-17 12:00:00 - Bojonegoro - Kali Kethek,6.61
2025-10-17 18:00:00 - Bojonegoro - Kali Kethek,6.61
2025-10-18 06:00:00 - Bojonegoro - Kali Kethek,6.655
2025-10-18 12:00:00 - Bojonegoro - Kali Kethek,6.61
2025-10-18 18:00:00 - Bojonegoro - Kali Kethek,6.61
2025-10-19 06:00:00 - Bojonegoro - Kali Kethek,6.655
2025-10-19 12:00:00 - Bojonegoro - Kali Kethek,6.61
2025-10-19 18:00:00 - Bojonegoro - Kali Kethek,6.61
2025-10-20 06:00:00 - Bojonegoro - Kali Kethek,6.655
2025-10-20 12:00:00 - Bojonegoro - Kali Kethek,6.61
2025-10-20 18:00:00 - Bojonegoro - Kali Kethek,6.61
2025-10-21 06:00:00 - Bojonegoro - Kali Kethek,6.655
2025-10-21 12:00:00 - Bojonegoro - Kali Kethek,6.61
2025-10-21 18:00:00 - Bojonegoro - Kali Kethek,6.61
2025-10-22 06:00:00 - Bojonegoro - Kali Kethek,6.655
2025-10-22 12:00:00 - Bojonegoro - Kali Kethek,6.61
2025-10-22 18:00:00 - Bojonegoro - Kali Kethek,6.61
2025-10-23 06:00:00 - Bojonegoro - Kali Kethek,6.655
2025-10-23 12:00:00 - Bojonegoro - Kali Kethek,6.61
2025-10-23 18:00:00 - Bojonegoro - Kali Kethek,6.61
2025-10-24 06:00:00 - Bojonegoro - Kali Kethek,6.655
2025-10-24 12:00:00 - Bojonegoro - Kali Kethek,6.61
2025-10-24 18:00:00 - Bojonegoro - Kali Kethek,6.61
2025-10-25 06:00:00 - Bojonegoro - Kali Kethek,6.655
2025-10-25 12:00:00 - Bojonegoro - Kali Kethek,6.61
2025-10-25 18:00:00 - Bojonegoro - Kali Kethek,6.61
2025-10-26 06:00:00 - Bojonegoro - Kali Kethek,6.655
2025-10-26 12:00:00 - Bojonegoro - Kali Kethek,6.61
2025-10-26 18:00:00 - Bojonegoro - Kali Kethek,6.61
2025-10-27 06:00:00 - Bojonegoro - Kali Kethek,6.655
2025-10-27 12:00:00 - Bojonegoro - Kali Kethek,6.61
2025-10-27 18:00:00 - Bojonegoro - Kali Kethek,6.61
2025-10-28 06:00:00 - Bojonegoro - Kali Kethek,6.655
2025-10-28 12:00:00 - Bojonegoro - Kali Kethek,6.61
2025-10-28 18:00:00 - Bojonegoro - Kali Kethek,6.61
2025-10-29 06:00:00 - Bojonegoro - Kali Kethek,6.655
2025-10-29 12:00:00 - Bojonegoro - Kali Kethek,6.61
2025-10-29 18:00:00 - Bojonegoro - Kali Kethek,6.61
2025-10-30 06:00:00 - Bojonegoro - Kali Kethek,6.655
2025-10-30 12:00:00 - Bojonegoro - Kali Kethek,6.61
2025-10-30 18:00:00 - Bojonegoro - Kali Kethek,6.61
2025-10-31 06:00:00 - Bojonegoro - Kali Kethek,6.655
2025-10-31 12:00:00 - Bojonegoro - Kali Kethek,6.61
2025-10-31 18:00:00 - Bojonegoro - Kali Kethek,6.61
2025-11-01 06:00:00 - Bojonegoro - Kali Kethek,7.106821746172829
2025-11-01 12:00:00 - Bojonegoro - Kali Kethek,7.095
2025-11-01 18:00:00 - Bojonegoro - Kali Kethek,7.182721774891254
2025-11-02 06:00:00 - Bojonegoro - Kali Kethek,7.106821746172829
2025-11-02 12:00:00 - Bojonegoro - Kali Kethek,7.095
2025-11-02 18:00:00 - Bojonegoro - Kali Kethek,7.182721774891254
2025-11-03 06:00:00 - Bojonegoro - Kali Kethek,7.106821746172829
2025-11-03 12:00:00 - Bojonegoro - Kali Kethek,7.095
2025-11-03 18:00:00 - Bojonegoro - Kali Kethek,7.182721774891254
2025-11-04 06:00:00 - Bojonegoro - Kali Kethek,7.106821746172829
2025-11-04 12:00:00 - Bojonegoro - Kali Kethek,7.095
2025-11-04 18:00:00 - Bojonegoro - Kali Kethek,7.182721774891254
2025-11-05 06:00:00 - Bojonegoro - Kali Kethek,7.106821746172829
2025-11-05 12:00:00 - Bojonegoro - Kali Kethek,7.095
2025-11-05 18:00:00 - Bojonegoro - Kali Kethek,7.182721774891254
2025-11-06 06:00:00 - Bojonegoro - Kali Kethek,7.106821746172829
2025-11-06 12:00:00 - Bojonegoro - Kali Kethek,7.095
2025-11-06 18:00:00 - Bojonegoro - Kali Kethek,7.182721774891254
2025-11-07 06:00:00 - Bojonegoro - Kali Kethek,7.106821746172829
2025-11-07 12:00:00 - Bojonegoro - Kali Kethek,7.095
2025-11-07 18:00:00 - Bojonegoro - Kali Kethek,7.182721774891254
2025-11-08 06:00:00 - Bojonegoro - Kali Kethek,7.106821746172829
2025-11-08 12:00:00 - Bojonegoro - Kali Kethek,7.095
2025-11-08 18:00:00 - Bojonegoro - Kali Kethek,7.182721774891254
2025-11-09 06:00:00 - Bojonegoro - Kali Kethek,7.106821746172829
2025-11-09 12:00:00 - Bojonegoro - Kali Kethek,7.095
2025-11-09 18:00:00 - Bojonegoro - Kali Kethek,7.182721774891254
2025-11-10 06:00:00 - Bojonegoro - Kali Kethek,7.106821746172829
2025-11-10 12:00:00 - Bojonegoro - Kali Kethek,7.095
2025-11-10 18:00:00 - Bojonegoro - Kali Kethek,7.182721774891254
2025-11-11 06:00:00 - Bojonegoro - Kali Kethek,7.106821746172829
2025-11-11 12:00:00 - Bojonegoro - Kali Kethek,7.095
2025-11-11 18:00:00 - Bojonegoro - Kali Kethek,7.182721774891254
2025-11-12 06:00:00 - Bojonegoro - Kali Kethek,7.106821746172829
2025-11-12 12:00:00 - Bojonegoro - Kali Kethek,7.095
2025-11-12 18:00:00 - Bojonegoro - Kali Kethek,7.182721774891254
2025-11-13 06:00:00 - Bojonegoro - Kali Kethek,7.106821746172829
2025-11-13 12:00:00 - Bojonegoro - Kali Kethek,7.095
2025-11-13 18:00:00 - Bojonegoro - Kali Kethek,7.182721774891254
2025-11-14 06:00:00 - Bojonegoro - Kali Kethek,7.106821746172829
2025-11-14 12:00:00 - Bojonegoro - Kali Kethek,7.095
2025-11-14 18:00:00 - Bojonegoro - Kali Kethek,7.182721774891254
2025-11-15 06:00:00 - Bojonegoro - Kali Kethek,7.106821746172829
2025-11-15 12:00:00 - Bojonegoro - Kali Kethek,7.095
2025-11-15 18:00:00 - Bojonegoro - Kali Kethek,7.182721774891254
2025-11-16 06:00:00 - Bojonegoro - Kali Kethek,7.106821746172829
2025-11-16 12:00:00 - Bojonegoro - Kali Kethek,7.095
2025-11-16 18:00:00 - Bojonegoro - Kali Kethek,7.182721774891254
2025-11-17 06:00:00 - Bojonegoro - Kali Kethek,7.106821746172829
2025-11-17 12:00:00 - Bojonegoro - Kali Kethek,7.095
2025-11-17 18:00:00 - Bojonegoro - Kali Kethek,7.182721774891254
2025-11-18 06:00:00 - Bojonegoro - Kali Kethek,7.106821746172829
2025-11-18 12:00:00 - Bojonegoro - Kali Kethek,7.095
2025-11-18 18:00:00 - Bojonegoro - Kali Kethek,7.182721774891254
2025-11-19 06:00:00 - Bojonegoro - Kali Kethek,7.106821746172829
2025-11-19 12:00:00 - Bojonegoro - Kali Kethek,7.095
2025-11-19 18:00:00 - Bojonegoro - Kali Kethek,7.182721774891254
2025-11-20 06:00:00 - Bojonegoro - Kali Kethek,7.106821746172829
2025-11-20 12:00:00 - Bojonegoro - Kali Kethek,7.095
2025-11-20 18:00:00 - Bojonegoro - Kali Kethek,7.182721774891254
2025-11-21 06:00:00 - Bojonegoro - Kali Kethek,7.106821746172829
2025-11-21 12:00:00 - Bojonegoro - Kali Kethek,7.095
2025-11-21 18:00:00 - Bojonegoro - Kali Kethek,7.182721774891254
2025-11-22 06:00:00 - Bojonegoro - Kali Kethek,7.106821746172829
2025-11-22 12:00:00 - Bojonegoro - Kali Kethek,7.095
2025-11-22 18:00:00 - Bojonegoro - Kali Kethek,7.182721774891254
2025-11-23 06:00:00 - Bojonegoro - Kali Kethek,7.106821746172829
2025-11-23 12:00:00 - Bojonegoro - Kali Kethek,7.095
2025-11-23 18:00:00 - Bojonegoro - Kali Kethek,7.182721774891254
2025-11-24 06:00:00 - Bojonegoro - Kali Kethek,7.106821746172829
2025-11-24 12:00:00 - Bojonegoro - Kali Kethek,7.095
2025-11-24 18:00:00 - Bojonegoro - Kali Kethek,7.182721774891254
2025-11-25 06:00:00 - Bojonegoro - Kali Kethek,7.106821746172829
2025-11-25 12:00:00 - Bojonegoro - Kali Kethek,7.095
2025-11-25 18:00:00 - Bojonegoro - Kali Kethek,7.182721774891254
2025-11-26 06:00:00 - Bojonegoro - Kali Kethek,7.106821746172829
2025-11-26 12:00:00 - Bojonegoro - Kali Kethek,7.095
2025-11-26 18:00:00 - Bojonegoro - Kali Kethek,7.182721774891254
2025-11-27 06:00:00 - Bojonegoro - Kali Kethek,7.106821746172829
2025-11-27 12:00:00 - Bojonegoro - Kali Kethek,7.095
2025-11-27 18:00:00 - Bojonegoro - Kali Kethek,7.182721774891254
2025-11-28 06:00:00 - Bojonegoro - Kali Kethek,7.106821746172829
2025-11-28 12:00:00 - Bojonegoro - Kali Kethek,7.095
2025-11-28 18:00:00 - Bojonegoro - Kali Kethek,7.182721774891254
2025-11-29 06:00:00 - Bojonegoro - Kali Kethek,7.106821746172829
2025-11-29 12:00:00 - Bojonegoro - Kali Kethek,7.095
2025-11-29 18:00:00 - Bojonegoro - Kali Kethek,7.182721774891254
2025-11-30 06:00:00 - Bojonegoro - Kali Kethek,7.106821746172829
2025-11-30 12:00:00 - Bojonegoro - Kali Kethek,7.095
2025-11-30 18:00:00 - Bojonegoro - Kali Kethek,7.182721774891254
2025-12-01 06:00:00 - Bojonegoro - Kali Kethek,9.07
2025-12-01 12:00:00 - Bojonegoro - Kali Kethek,9.17
2025-12-01 18:00:00 - Bojonegoro - Kali Kethek,9.245000000000001
2025-12-02 06:00:00 - Bojonegoro - Kali Kethek,9.07
2025-12-02 12:00:00 - Bojonegoro - Kali Kethek,9.17
2025-12-02 18:00:00 - Bojonegoro - Kali Kethek,9.245000000000001
2025-12-03 06:00:00 - Bojonegoro - Kali Kethek,9.07
2025-12-03 12:00:00 - Bojonegoro - Kali Kethek,9.17
2025-12-03 18:00:00 - Bojonegoro - Kali Kethek,9.245000000000001
2025-12-04 06:00:00 - Bojonegoro - Kali Kethek,9.07
2025-12-04 12:00:00 - Bojonegoro - Kali Kethek,9.17
2025-12-04 18:00:00 - Bojonegoro - Kali Kethek,9.245000000000001
2025-12-05 06:00:00 - Bojonegoro - Kali Kethek,9.07
2025-12-05 12:00:00 - Bojonegoro - Kali Kethek,9.17
2025-12-05 18:00:00 - Bojonegoro - Kali Kethek,9.245000000000001
2025-12-06 06:00:00 - Bojonegoro - Kali Kethek,9.07
2025-12-06 12:00:00 - Bojonegoro - Kali Kethek,9.17
2025-12-06 18:00:00 - Bojonegoro - Kali Kethek,9.245000000000001
2025-12-07 06:00:00 - Bojonegoro - Kali Kethek,9.07
2025-12-07 12:00:00 - Bojonegoro - Kali Kethek,9.17
2025-12-07 18:00:00 - Bojonegoro - Kali Kethek,9.245000000000001
2025-12-08 06:00:00 - Bojonegoro - Kali Kethek,9.07
2025-12-08 12:00:00 - Bojonegoro - Kali Kethek,9.17
2025-12-08 18:00:00 - Bojonegoro - Kali Kethek,9.245000000000001
2025-12-09 06:00:00 - Bojonegoro - Kali Kethek,9.07
2025-12-09 12:00:00 - Bojonegoro - Kali Kethek,9.17
2025-12-09 18:00:00 - Bojonegoro - Kali Kethek,9.245000000000001
2025-12-10 06:00:00 - Bojonegoro - Kali Kethek,9.07
2025-12-10 12:00:00 - Bojonegoro - Kali Kethek,9.17
2025-12-10 18:00:00 - Bojonegoro - Kali Kethek,9.245000000000001
2025-12-11 06:00:00 - Bojonegoro - Kali Kethek,9.07
2025-12-11 12:00:00 - Bojonegoro - Kali Kethek,9.17
2025-12-11 18:00:00 - Bojonegoro - Kali Kethek,9.245000000000001
2025-12-12 06:00:00 - Bojonegoro - Kali Kethek,9.07
2025-12-12 12:00:00 - Bojonegoro - Kali Kethek,9.17
2025-12-12 18:00:00 - Bojonegoro - Kali Kethek,9.245000000000001
2025-12-13 06:00:00 - Bojonegoro - Kali Kethek,9.07
2025-12-13 12:00:00 - Bojonegoro - Kali Kethek,9.17
2025-12-13 18:00:00 - Bojonegoro - Kali Kethek,9.245000000000001
2025-12-14 06:00:00 - Bojonegoro - Kali Kethek,9.07
2025-12-14 12:00:00 - Bojonegoro - Kali Kethek,9.17
2025-12-14 18:00:00 - Bojonegoro - Kali Kethek,9.245000000000001
2025-12-15 06:00:00 - Bojonegoro - Kali Kethek,9.07
2025-12-15 12:00:00 - Bojonegoro - Kali Kethek,9.17
2025-12-15 18:00:00 - Bojonegoro - Kali Kethek,9.245000000000001
2025-12-16 06:00:00 - Bojonegoro - Kali Kethek,9.07
2025-12-16 12:00:00 - Bojonegoro - Kali Kethek,9.17
2025-12-16 18:00:00 - Bojonegoro - Kali Kethek,9.245000000000001
2025-12-17 06:00:00 - Bojonegoro - Kali Kethek,9.07
2025-12-17 12:00:00 - Bojonegoro - Kali Kethek,9.17
2025-12-17 18:00:00 - Bojonegoro - Kali Kethek,9.245000000000001
2025-12-18 06:00:00 - Bojonegoro - Kali Kethek,9.07
2025-12-18 12:00:00 - Bojonegoro - Kali Kethek,9.17
2025-12-18 18:00:00 - Bojonegoro - Kali Kethek,9.245000000000001
2025-12-19 06:00:00 - Bojonegoro - Kali Kethek,9.07
2025-12-19 12:00:00 - Bojonegoro - Kali Kethek,9.17
2025-12-19 18:00:00 - Bojonegoro - Kali Kethek,9.245000000000001
2025-12-20 06:00:00 - Bojonegoro - Kali Kethek,9.07
2025-12-20 12:00:00 - Bojonegoro - Kali Kethek,9.17
2025-12-20 18:00:00 - Bojonegoro - Kali Kethek,9.245000000000001
2025-12-21 06:00:00 - Bojonegoro - Kali Kethek,9.07
2025-12-21 12:00:00 - Bojonegoro - Kali Kethek,9.17
2025-12-21 18:00:00 - Bojonegoro - Kali Kethek,9.245000000000001
2025-12-22 06:00:00 - Bojonegoro - Kali Kethek,9.07
2025-12-22 12:00:00 - Bojonegoro - Kali Kethek,9.17
2025-12-22 18:00:00 - Bojonegoro - Kali Kethek,9.245000000000001
2025-12-23 06:00:00 - Bojonegoro - Kali Kethek,9.07
2025-12-23 12:00:00 - Bojonegoro - Kali Kethek,9.17
2025-12-23 18:00:00 - Bojonegoro - Kali Kethek,9.245000000000001
2025-12-24 06:00:00 - Bojonegoro - Kali Kethek,9.07
2025-12-24 12:00:00 - Bojonegoro - Kali Kethek,9.17
2025-12-24 18:00:00 - Bojonegoro - Kali Kethek,9.245000000000001
2025-12-25 06:00:00 - Bojonegoro - Kali Kethek,9.07
2025-12-25 12:00:00 - Bojonegoro - Kali Kethek,9.17
2025-12-25 18:00:00 - Bojonegoro - Kali Kethek,9.245000000000001
2025-12-26 06:00:00 - Bojonegoro - Kali Kethek,9.07
2025-12-26 12:00:00 - Bojonegoro - Kali Kethek,9.17
2025-12-26 18:00:00 - Bojonegoro - Kali Kethek,9.245000000000001
2025-12-27 06:00:00 - Bojonegoro - Kali Kethek,9.07
2025-12-27 12:00:00 - Bojonegoro - Kali Kethek,9.17
2025-12-27 18:00:00 - Bojonegoro - Kali Kethek,9.245000000000001
2025-12-28 06:00:00 - Bojonegoro - Kali Kethek,9.07
2025-12-28 12:00:00 - Bojonegoro - Kali Kethek,9.17
2025-12-28 18:00:00 - Bojonegoro - Kali Kethek,9.245000000000001
2025-12-29 06:00:00 - Bojonegoro - Kali Kethek,9.07
2025-12-29 12:00:00 - Bojonegoro - Kali Kethek,9.17
2025-12-29 18:00:00 - Bojonegoro - Kali Kethek,9.245000000000001
2025-12-30 06:00:00 - Bojonegoro - Kali Kethek,9.07
2025-12-30 12:00:00 - Bojonegoro - Kali Kethek,9.17
2025-12-30 18:00:00 - Bojonegoro - Kali Kethek,9.245000000000001
2025-12-31 06:00:00 - Bojonegoro - Kali Kethek,9.07
2025-12-31 12:00:00 - Bojonegoro - Kali Kethek,9.17
2025-12-31 18:00:00 - Bojonegoro - Kali Kethek,9.245000000000001
2026-01-01 06:00:00 - Bojonegoro - Kali Kethek,9.954689624358894
2026-01-01 12:00:00 - Bojonegoro - Kali Kethek,9.826445287849294
2026-01-01 18:00:00 - Bojonegoro - Kali Kethek,9.89
2026-01-02 06:00:00 - Bojonegoro - Kali Kethek,9.954689624358894
2026-01-02 12:00:00 - Bojonegoro - Kali Kethek,9.826445287849294
2026-01-02 18:00:00 - Bojonegoro - Kali Kethek,9.89
2026-01-03 06:00:00 - Bojonegoro - Kali Kethek,9.954689624358894
2026-01-03 12:00:00 - Bojonegoro - Kali Kethek,9.826445287849294
2026-01-03 18:00:00 - Bojonegoro - Kali Kethek,9.89
2026-01-04 06:00:00 - Bojonegoro - Kali Kethek,9.954689624358894
2026-01-04 12:00:00 - Bojonegoro - Kali Kethek,9.826445287849294
2026-01-04 18:00:00 - Bojonegoro - Kali Kethek,9.89
2026-01-05 06:00:00 - Bojonegoro - Kali Kethek,9.954689624358894
2026-01-05 12:00:00 - Bojonegoro - Kali Kethek,9.826445287849294
2026-01-05 18:00:00 - Bojonegoro - Kali Kethek,9.89
2026-01-06 06:00:00 - Bojonegoro - Kali Kethek,9.954689624358894
2026-01-06 12:00:00 - Bojonegoro - Kali Kethek,9.826445287849294
2026-01-06 18:00:00 - Bojonegoro - Kali Kethek,9.89
2026-01-07 06:00:00 - Bojonegoro - Kali Kethek,9.954689624358894
2026-01-07 12:00:00 - Bojonegoro - Kali Kethek,9.826445287849294
2026-01-07 18:00:00 - Bojonegoro - Kali Kethek,9.89
2026-01-08 06:00:00 - Bojonegoro - Kali Kethek,9.954689624358894
2026-01-08 12:00:00 - Bojonegoro - Kali Kethek,9.826445287849294
2026-01-08 18:00:00 - Bojonegoro - Kali Kethek,9.89
2026-01-09 06:00:00 - Bojonegoro - Kali Kethek,9.954689624358894
2026-01-09 12:00:00 - Bojonegoro - Kali Kethek,9.826445287849294
2026-01-09 18:00:00 - Bojonegoro - Kali Kethek,9.89
2026-01-10 06:00:00 - Bojonegoro - Kali Kethek,9.954689624358894
2026-01-10 12:00:00 - Bojonegoro - Kali Kethek,9.826445287849294
2026-01-10 18:00:00 - Bojonegoro - Kali Kethek,9.89
2026-01-11 06:00:00 - Bojonegoro - Kali Kethek,9.954689624358894
2026-01-11 12:00:00 - Bojonegoro - Kali Kethek,9.826445287849294
2026-01-11 18:00:00 - Bojonegoro - Kali Kethek,9.89
2026-01-12 06:00:00 - Bojonegoro - Kali Kethek,9.954689624358894
2026-01-12 12:00:00 - Bojonegoro - Kali Kethek,9.826445287849294
2026-01-12 18:00:00 - Bojonegoro - Kali Kethek,9.89
2026-01-13 06:00:00 - Bojonegoro - Kali Kethek,9.954689624358894
2026-01-13 12:00:00 - Bojonegoro - Kali Kethek,9.826445287849294
2026-01-13 18:00:00 - Bojonegoro - Kali Kethek,9.89
2026-01-14 06:00:00 - Bojonegoro - Kali Kethek,9.954689624358894
2026-01-14 12:00:00 - Bojonegoro - Kali Kethek,9.826445287849294
2026-01-14 18:00:00 - Bojonegoro - Kali Kethek,9.89
2026-01-15 06:00:00 - Bojonegoro - Kali Kethek,9.954689624358894
2026-01-15 12:00:00 - Bojonegoro - Kali Kethek,9.826445287849294
2026-01-15 18:00:00 - Bojonegoro - Kali Kethek,9.89
2026-01-16 06:00:00 - Bojonegoro - Kali Kethek,9.954689624358894
2026-01-16 12:00:00 - Bojonegoro - Kali Kethek,9.826445287849294
2026-01-16 18:00:00 - Bojonegoro - Kali Kethek,9.89
2026-01-17 06:00:00 - Bojonegoro - Kali Kethek,9.954689624358894
2026-01-17 12:00:00 - Bojonegoro - Kali Kethek,9.826445287849294
2026-01-17 18:00:00 - Bojonegoro - Kali Kethek,9.89
2026-01-18 06:00:00 - Bojonegoro - Kali Kethek,9.954689624358894
2026-01-18 12:00:00 - Bojonegoro - Kali Kethek,9.826445287849294
2026-01-18 18:00:00 - Bojonegoro - Kali Kethek,9.89
2026-01-19 06:00:00 - Bojonegoro - Kali Kethek,9.954689624358894
2026-01-19 12:00:00 - Bojonegoro - Kali Kethek,9.826445287849294
2026-01-19 18:00:00 - Bojonegoro - Kali Kethek,9.89
2026-01-20 06:00:00 - Bojonegoro - Kali Kethek,9.954689624358894
2026-01-20 12:00:00 - Bojonegoro - Kali Kethek,9.826445287849294
2026-01-20 18:00:00 - Bojonegoro - Kali Kethek,9.89
2026-01-21 06:00:00 - Bojonegoro - Kali Kethek,9.954689624358894
2026-01-21 12:00:00 - Bojonegoro - Kali Kethek,9.826445287849294
2026-01-21 18:00:00 - Bojonegoro - Kali Kethek,9.89
2026-01-22 06:00:00 - Bojonegoro - Kali Kethek,9.954689624358894
2026-01-22 12:00:00 - Bojonegoro - Kali Kethek,9.826445287849294
2026-01-22 18:00:00 - Bojonegoro - Kali Kethek,9.89
2026-01-23 06:00:00 - Bojonegoro - Kali Kethek,9.954689624358894
2026-01-23 12:00:00 - Bojonegoro - Kali Kethek,9.826445287849294
2026-01-23 18:00:00 - Bojonegoro - Kali Kethek,9.89
2026-01-24 06:00:00 - Bojonegoro - Kali Kethek,9.954689624358894
2026-01-24 12:00:00 - Bojonegoro - Kali Kethek,9.826445287849294
2026-01-24 18:00:00 - Bojonegoro - Kali Kethek,9.89
2026-01-25 06:00:00 - Bojonegoro - Kali Kethek,9.954689624358894
2026-01-25 12:00:00 - Bojonegoro - Kali Kethek,9.826445287849294
2026-01-25 18:00:00 - Bojonegoro - Kali Kethek,9.89
2026-01-26 06:00:00 - Bojonegoro - Kali Kethek,9.954689624358894
2026-01-26 12:00:00 - Bojonegoro - Kali Kethek,9.826445287849294
2026-01-26 18:00:00 - Bojonegoro - Kali Kethek,9.89
2026-01-27 06:00:00 - Bojonegoro - Kali Kethek,9.954689624358894
2026-01-27 12:00:00 - Bojonegoro - Kali Kethek,9.826445287849294
2026-01-27 18:00:00 - Bojonegoro - Kali Kethek,9.89
2026-01-28 06:00:00 - Bojonegoro - Kali Kethek,9.954689624358894
2026-01-28 12:00:00 - Bojonegoro - Kali Kethek,9.826445287849294
2026-01-28 18:00:00 - Bojonegoro - Kali Kethek,9.89
2026-01-29 06:00:00 - Bojonegoro - Kali Kethek,9.954689624358894
2026-01-29 12:00:00 - Bojonegoro - Kali Kethek,9.826445287849294
2026-01-29 18:00:00 - Bojonegoro - Kali Kethek,9.89
2026-01-30 06:00:00 - Bojonegoro - Kali Kethek,9.954689624358894
2026-01-30 12:00:00 - Bojonegoro - Kali Kethek,9.826445287849294
2026-01-30 18:00:00 - Bojonegoro - Kali Kethek,9.89
2026-01-31 06:00:00 - Bojonegoro - Kali Kethek,9.954689624358894
2026-01-31 12:00:00 - Bojonegoro - Kali Kethek,9.826445287849294
2026-01-31 18:00:00 - Bojonegoro - Kali Kethek,9.89
2026-02-01 06:00:00 - Bojonegoro - Kali Kethek,11.42
2026-02-01 12:00:00 - Bojonegoro - Kali Kethek,11.385
2026-02-01 18:00:00 - Bojonegoro - Kali Kethek,11.485
2026-02-02 06:00:00 - Bojonegoro - Kali Kethek,11.42
2026-02-02 12:00:00 - Bojonegoro - Kali Kethek,11.385
2026-02-02 18:00:00 - Bojonegoro - Kali Kethek,11.485
2026-02-03 06:00:00 - Bojonegoro - Kali Kethek,11.42
2026-02-03 12:00:00 - Bojonegoro - Kali Kethek,11.385
2026-02-03 18:00:00 - Bojonegoro - Kali Kethek,11.485
2026-02-04 06:00:00 - Bojonegoro - Kali Kethek,11.42
2026-02-04 12:00:00 - Bojonegoro - Kali Kethek,11.385
2026-02-04 18:00:00 - Bojonegoro - Kali Kethek,11.485
2026-02-05 06:00:00 - Bojonegoro - Kali Kethek,11.42
2026-02-05 12:00:00 - Bojonegoro - Kali Kethek,11.385
2026-02-05 18:00:00 - Bojonegoro - Kali Kethek,11.485
2026-02-06 06:00:00 - Bojonegoro - Kali Kethek,11.42
2026-02-06 12:00:00 - Bojonegoro - Kali Kethek,11.385
2026-02-06 18:00:00 - Bojonegoro - Kali Kethek,11.485
2026-02-07 06:00:00 - Bojonegoro - Kali Kethek,11.42
2026-02-07 12:00:00 - Bojonegoro - Kali Kethek,11.385
2026-02-07 18:00:00 - Bojonegoro - Kali Kethek,11.485
2026-02-08 06:00:00 - Bojonegoro - Kali Kethek,11.42
2026-02-08 12:00:00 - Bojonegoro - Kali Kethek,11.385
2026-02-08 18:00:00 - Bojonegoro - Kali Kethek,11.485
2026-02-09 06:00:00 - Bojonegoro - Kali Kethek,11.42
2026-02-09 12:00:00 - Bojonegoro - Kali Kethek,11.385
2026-02-09 18:00:00 - Bojonegoro - Kali Kethek,11.485
2026-02-10 06:00:00 - Bojonegoro - Kali Kethek,11.42
2026-02-10 12:00:00 - Bojonegoro - Kali Kethek,11.385
2026-02-10 18:00:00 - Bojonegoro - Kali Kethek,11.485
2026-02-11 06:00:00 - Bojonegoro - Kali Kethek,11.42
2026-02-11 12:00:00 - Bojonegoro - Kali Kethek,11.385
2026-02-11 18:00:00 - Bojonegoro - Kali Kethek,11.485
2026-02-12 06:00:00 - Bojonegoro - Kali Kethek,11.42
2026-02-12 12:00:00 - Bojonegoro - Kali Kethek,11.385
2026-02-12 18:00:00 - Bojonegoro - Kali Kethek,11.485
2026-02-13 06:00:00 - Bojonegoro - Kali Kethek,11.42
2026-02-13 12:00:00 - Bojonegoro - Kali Kethek,11.385
2026-02-13 18:00:00 - Bojonegoro - Kali Kethek,11.485
2026-02-14 06:00:00 - Bojonegoro - Kali Kethek,11.42
2026-02-14 12:00:00 - Bojonegoro - Kali Kethek,11.385
2026-02-14 18:00:00 - Bojonegoro - Kali Kethek,11.485
2026-02-15 06:00:00 - Bojonegoro - Kali Kethek,11.42
2026-02-15 12:00:00 - Bojonegoro - Kali Kethek,11.385
2026-02-15 18:00:00 - Bojonegoro - Kali Kethek,11.485
2026-02-16 06:00:00 - Bojonegoro - Kali Kethek,11.42
2026-02-16 12:00:00 - Bojonegoro - Kali Kethek,11.385
2026-02-16 18:00:00 - Bojonegoro - Kali Kethek,11.485
2026-02-17 06:00:00 - Bojonegoro - Kali Kethek,11.42
2026-02-17 12:00:00 - Bojonegoro - Kali Kethek,11.385
2026-02-17 18:00:00 - Bojonegoro - Kali Kethek,11.485
2026-02-18 06:00:00 - Bojonegoro - Kali Kethek,11.42
2026-02-18 12:00:00 - Bojonegoro - Kali Kethek,11.385
2026-02-18 18:00:00 - Bojonegoro - Kali Kethek,11.485
2026-02-19 06:00:00 - Bojonegoro - Kali Kethek,11.42
2026-02-19 12:00:00 - Bojonegoro - Kali Kethek,11.385
2026-02-19 18:00:00 - Bojonegoro - Kali Kethek,11.485
2026-02-20 06:00:00 - Bojonegoro - Kali Kethek,11.42
2026-02-20 12:00:00 - Bojonegoro - Kali Kethek,11.385
2026-02-20 18:00:00 - Bojonegoro - Kali Kethek,11.485
2026-02-21 06:00:00 - Bojonegoro - Kali Kethek,11.42
2026-02-21 12:00:00 - Bojonegoro - Kali Kethek,11.385
2026-02-21 18:00:00 - Bojonegoro - Kali Kethek,11.485
2026-02-22 06:00:00 - Bojonegoro - Kali Kethek,11.42
2026-02-22 12:00:00 - Bojonegoro - Kali Kethek,11.385
2026-02-22 18:00:00 - Bojonegoro - Kali Kethek,11.485
2026-02-23 06:00:00 - Bojonegoro - Kali Kethek,11.42
2026-02-23 12:00:00 - Bojonegoro - Kali Kethek,11.385
2026-02-23 18:00:00 - Bojonegoro - Kali Kethek,11.485
2026-02-24 06:00:00 - Bojonegoro - Kali Kethek,11.42
2026-02-24 12:00:00 - Bojonegoro - Kali Kethek,11.385
2026-02-24 18:00:00 - Bojonegoro - Kali Kethek,11.485
2026-02-25 06:00:00 - Bojonegoro - Kali Kethek,11.42
2026-02-25 12:00:00 - Bojonegoro - Kali Kethek,11.385
2026-02-25 18:00:00 - Bojonegoro - Kali Kethek,11.485
2026-02-26 06:00:00 - Bojonegoro - Kali Kethek,11.42
2026-02-26 12:00:00 - Bojonegoro - Kali Kethek,11.385
2026-02-26 18:00:00 - Bojonegoro - Kali Kethek,11.485
2026-02-27 06:00:00 - Bojonegoro - Kali Kethek,11.42
2026-02-27 12:00:00 - Bojonegoro - Kali Kethek,11.385
2026-02-27 18:00:00 - Bojonegoro - Kali Kethek,11.485
2026-02-28 06:00:00 - Bojonegoro - Kali Kethek,11.42
2026-02-28 12:00:00 - Bojonegoro - Kali Kethek,11.385
2026-02-28 18:00:00 - Bojonegoro - Kali Kethek,11.485
2026-03-01 06:00:00 - Bojonegoro - Kali Kethek,11.36
2026-03-01 12:00:00 - Bojonegoro - Kali Kethek,11.36
2026-03-01 18:00:00 - Bojonegoro - Kali Kethek,11.27
2026-03-02 06:00:00 - Bojonegoro - Kali Kethek,11.36
2026-03-02 12:00:00 - Bojonegoro - Kali Kethek,11.36
2026-03-02 18:00:00 - Bojonegoro - Kali Kethek,11.27
2026-03-03 06:00:00 - Bojonegoro - Kali Kethek,11.36
2026-03-03 12:00:00 - Bojonegoro - Kali Kethek,11.36
2026-03-03 18:00:00 - Bojonegoro - Kali Kethek,11.27
2026-03-04 06:00:00 - Bojonegoro - Kali Kethek,11.36
2026-03-04 12:00:00 - Bojonegoro - Kali Kethek,11.36
2026-03-04 18:00:00 - Bojonegoro - Kali Kethek,11.27
2026-03-05 06:00:00 - Bojonegoro - Kali Kethek,11.36
2026-03-05 12:00:00 - Bojonegoro - Kali Kethek,11.36
2026-03-05 18:00:00 - Bojonegoro - Kali Kethek,11.27
2026-03-06 06:00:00 - Bojonegoro - Kali Kethek,11.36
2026-03-06 12:00:00 - Bojonegoro - Kali Kethek,11.36
2026-03-06 18:00:00 - Bojonegoro - Kali Kethek,11.27
2026-03-07 06:00:00 - Bojonegoro - Kali Kethek,11.36
2026-03-07 12:00:00 - Bojonegoro - Kali Kethek,11.36
2026-03-07 18:00:00 - Bojonegoro - Kali Kethek,11.27
2026-03-08 06:00:00 - Bojonegoro - Kali Kethek,11.36
2026-03-08 12:00:00 - Bojonegoro - Kali Kethek,11.36
2026-03-08 18:00:00 - Bojonegoro - Kali Kethek,11.27
2026-03-09 06:00:00 - Bojonegoro - Kali Kethek,11.36
2026-03-09 12:00:00 - Bojonegoro - Kali Kethek,11.36
2026-03-09 18:00:00 - Bojonegoro - Kali Kethek,11.27
2026-03-10 06:00:00 - Bojonegoro - Kali Kethek,11.36
2026-03-10 12:00:00 - Bojonegoro - Kali Kethek,11.36
2026-03-10 18:00:00 - Bojonegoro - Kali Kethek,11.27
2026-03-11 06:00:00 - Bojonegoro - Kali Kethek,11.36
2026-03-11 12:00:00 - Bojonegoro - Kali Kethek,11.36
2026-03-11 18:00:00 - Bojonegoro - Kali Kethek,11.27
2026-03-12 06:00:00 - Bojonegoro - Kali Kethek,11.36
2026-03-12 12:00:00 - Bojonegoro - Kali Kethek,11.36
2026-03-12 18:00:00 - Bojonegoro - Kali Kethek,11.27
2026-03-13 06:00:00 - Bojonegoro - Kali Kethek,11.36
2026-03-13 12:00:00 - Bojonegoro - Kali Kethek,11.36
2026-03-13 18:00:00 - Bojonegoro - Kali Kethek,11.27
2026-03-14 06:00:00 - Bojonegoro - Kali Kethek,11.36
2026-03-14 12:00:00 - Bojonegoro - Kali Kethek,11.36
2026-03-14 18:00:00 - Bojonegoro - Kali Kethek,11.27
2026-03-15 06:00:00 - Bojonegoro - Kali Kethek,11.36
2026-03-15 12:00:00 - Bojonegoro - Kali Kethek,11.36
2026-03-15 18:00:00 - Bojonegoro - Kali Kethek,11.27
2026-03-16 06:00:00 - Bojonegoro - Kali Kethek,11.36
2026-03-16 12:00:00 - Bojonegoro - Kali Kethek,11.36
2026-03-16 18:00:00 - Bojonegoro - Kali Kethek,11.27
2026-03-17 06:00:00 - Bojonegoro - Kali Kethek,11.36
2026-03-17 12:00:00 - Bojonegoro - Kali Kethek,11.36
2026-03-17 18:00:00 - Bojonegoro - Kali Kethek,11.27
2026-03-18 06:00:00 - Bojonegoro - Kali Kethek,11.36
2026-03-18 12:00:00 - Bojonegoro - Kali Kethek,11.36
2026-03-18 18:00:00 - Bojonegoro - Kali Kethek,11.27
2026-03-19 06:00:00 - Bojonegoro - Kali Kethek,11.36
2026-03-19 12:00:00 - Bojonegoro - Kali Kethek,11.36
2026-03-19 18:00:00 - Bojonegoro - Kali Kethek,11.27
2026-03-20 06:00:00 - Bojonegoro - Kali Kethek,11.36
2026-03-20 12:00:00 - Bojonegoro - Kali Kethek,11.36
2026-03-20 18:00:00 - Bojonegoro - Kali Kethek,11.27
2026-03-21 06:00:00 - Bojonegoro - Kali Kethek,11.36
2026-03-21 12:00:00 - Bojonegoro - Kali Kethek,11.36
2026-03-21 18:00:00 - Bojonegoro - Kali Kethek,11.27
2026-03-22 06:00:00 - Bojonegoro - Kali Kethek,11.36
2026-03-22 12:00:00 - Bojonegoro - Kali Kethek,11.36
2026-03-22 18:00:00 - Bojonegoro - Kali Kethek,11.27
2026-03-23 06:00:00 - Bojonegoro - Kali Kethek,11.36
2026-03-23 12:00:00 - Bojonegoro - Kali Kethek,11.36
2026-03-23 18:00:00 - Bojonegoro - Kali Kethek,11.27
2026-03-24 06:00:00 - Bojonegoro - Kali Kethek,11.36
2026-03-24 12:00:00 - Bojonegoro - Kali Kethek,11.36
2026-03-24 18:00:00 - Bojonegoro - Kali Kethek,11.27
2026-03-25 06:00:00 - Bojonegoro - Kali Kethek,11.36
2026-03-25 12:00:00 - Bojonegoro - Kali Kethek,11.36
2026-03-25 18:00:00 - Bojonegoro - Kali Kethek,11.27
2026-03-26 06:00:00 - Bojonegoro - Kali Kethek,11.36
2026-03-26 12:00:00 - Bojonegoro - Kali Kethek,11.36
2026-03-26 18:00:00 - Bojonegoro - Kali Kethek,11.27
2026-03-27 06:00:00 - Bojonegoro - Kali Kethek,11.36
2026-03-27 12:00:00 - Bojonegoro - Kali Kethek,11.36
2026-03-27 18:00:00 - Bojonegoro - Kali Kethek,11.27
2026-03-28 06:00:00 - Bojonegoro - Kali Kethek,11.36
2026-03-28 12:00:00 - Bojonegoro - Kali Kethek,11.36
2026-03-28 18:00:00 - Bojonegoro - Kali Kethek,11.27
2026-03-29 06:00:00 - Bojonegoro - Kali Kethek,11.36
2026-03-29 12:00:00 - Bojonegoro - Kali Kethek,11.36
2026-03-29 18:00:00 - Bojonegoro - Kali Kethek,11.27
2026-03-30 06:00:00 - Bojonegoro - Kali Kethek,11.36
2026-03-30 12:00:00 - Bojonegoro - Kali Kethek,11.36
2026-03-30 18:00:00 - Bojonegoro - Kali Kethek,11.27
2026-03-31 06:00:00 - Bojonegoro - Kali Kethek,11.36
2026-03-31 12:00:00 - Bojonegoro - Kali Kethek,11.36
2026-03-31 18:00:00 - Bojonegoro - Kali Kethek,11.27
2026-04-01 06:00:00 - Bojonegoro - Kali Kethek,9.78
2026-04-01 12:00:00 - Bojonegoro - Kali Kethek,9.73
2026-04-01 18:00:00 - Bojonegoro - Kali Kethek,9.695
2026-04-02 06:00:00 - Bojonegoro - Kali Kethek,9.78
2026-04-02 12:00:00 - Bojonegoro - Kali Kethek,9.73
2026-04-02 18:00:00 - Bojonegoro - Kali Kethek,9.695
2026-04-03 06:00:00 - Bojonegoro - Kali Kethek,9.78
2026-04-03 12:00:00 - Bojonegoro - Kali Kethek,9.73
2026-04-03 18:00:00 - Bojonegoro - Kali Kethek,9.695
2026-04-04 06:00:00 - Bojonegoro - Kali Kethek,9.78
2026-04-04 12:00:00 - Bojonegoro - Kali Kethek,9.73
2026-04-04 18:00:00 - Bojonegoro - Kali Kethek,9.695
2026-04-05 06:00:00 - Bojonegoro - Kali Kethek,9.78
2026-04-05 12:00:00 - Bojonegoro - Kali Kethek,9.73
2026-04-05 18:00:00 - Bojonegoro - Kali Kethek,9.695
2026-04-06 06:00:00 - Bojonegoro - Kali Kethek,9.78
2026-04-06 12:00:00 - Bojonegoro - Kali Kethek,9.73
2026-04-06 18:00:00 - Bojonegoro - Kali Kethek,9.695
2026-04-07 06:00:00 - Bojonegoro - Kali Kethek,9.78
2026-04-07 12:00:00 - Bojonegoro - Kali Kethek,9.73
2026-04-07 18:00:00 - Bojonegoro - Kali Kethek,9.695
2026-04-08 06:00:00 - Bojonegoro - Kali Kethek,9.78
2026-04-08 12:00:00 - Bojonegoro - Kali Kethek,9.73
2026-04-08 18:00:00 - Bojonegoro - Kali Kethek,9.695
2026-04-09 06:00:00 - Bojonegoro - Kali Kethek,9.78
2026-04-09 12:00:00 - Bojonegoro - Kali Kethek,9.73
2026-04-09 18:00:00 - Bojonegoro - Kali Kethek,9.695
2026-04-10 06:00:00 - Bojonegoro - Kali Kethek,9.78
2026-04-10 12:00:00 - Bojonegoro - Kali Kethek,9.73
2026-04-10 18:00:00 - Bojonegoro - Kali Kethek,9.695
2026-04-11 06:00:00 - Bojonegoro - Kali Kethek,9.78
2026-04-11 12:00:00 - Bojonegoro - Kali Kethek,9.73
2026-04-11 18:00:00 - Bojonegoro - Kali Kethek,9.695
2026-04-12 06:00:00 - Bojonegoro - Kali Kethek,9.78
2026-04-12 12:00:00 - Bojonegoro - Kali Kethek,9.73
2026-04-12 18:00:00 - Bojonegoro - Kali Kethek,9.695
2026-04-13 06:00:00 - Bojonegoro - Kali Kethek,9.78
2026-04-13 12:00:00 - Bojonegoro - Kali Kethek,9.73
2026-04-13 18:00:00 - Bojonegoro - Kali Kethek,9.695
2026-04-14 06:00:00 - Bojonegoro - Kali Kethek,9.78
2026-04-14 12:00:00 - Bojonegoro - Kali Kethek,9.73
2026-04-14 18:00:00 - Bojonegoro - Kali Kethek,9.695
2026-04-15 06:00:00 - Bojonegoro - Kali Kethek,9.78
2026-04-15 12:00:00 - Bojonegoro - Kali Kethek,9.73
2026-04-15 18:00:00 - Bojonegoro - Kali Kethek,9.695
2026-04-16 06:00:00 - Bojonegoro - Kali Kethek,9.78
2026-04-16 12:00:00 - Bojonegoro - Kali Kethek,9.73
2026-04-16 18:00:00 - Bojonegoro - Kali Kethek,9.695
2026-04-17 06:00:00 - Bojonegoro - Kali Kethek,9.78
2026-04-17 12:00:00 - Bojonegoro - Kali Kethek,9.73
2026-04-17 18:00:00 - Bojonegoro - Kali Kethek,9.695
2026-04-18 06:00:00 - Bojonegoro - Kali Kethek,9.78
2026-04-18 12:00:00 - Bojonegoro - Kali Kethek,9.73
2026-04-18 18:00:00 - Bojonegoro - Kali Kethek,9.695
2026-04-19 06:00:00 - Bojonegoro - Kali Kethek,9.78
2026-04-19 12:00:00 - Bojonegoro - Kali Kethek,9.73
2026-04-19 18:00:00 - Bojonegoro - Kali Kethek,9.695
2026-04-20 06:00:00 - Bojonegoro - Kali Kethek,9.78
2026-04-20 12:00:00 - Bojonegoro - Kali Kethek,9.73
2026-04-20 18:00:00 - Bojonegoro - Kali Kethek,9.695
2026-04-21 06:00:00 - Bojonegoro - Kali Kethek,9.78
2026-04-21 12:00:00 - Bojonegoro - Kali Kethek,9.73
2026-04-21 18:00:00 - Bojonegoro - Kali Kethek,9.695
2026-04-22 06:00:00 - Bojonegoro - Kali Kethek,9.78
2026-04-22 12:00:00 - Bojonegoro - Kali Kethek,9.73
2026-04-22 18:00:00 - Bojonegoro - Kali Kethek,9.695
2026-04-23 06:00:00 - Bojonegoro - Kali Kethek,9.78
2026-04-23 12:00:00 - Bojonegoro - Kali Kethek,9.73
2026-04-23 18:00:00 - Bojonegoro - Kali Kethek,9.695
2026-04-24 06:00:00 - Bojonegoro - Kali Kethek,9.78
2026-04-24 12:00:00 - Bojonegoro - Kali Kethek,9.73
2026-04-24 18:00:00 - Bojonegoro - Kali Kethek,9.695
2026-04-25 06:00:00 - Bojonegoro - Kali Kethek,9.78
2026-04-25 12:00:00 - Bojonegoro - Kali Kethek,9.73
2026-04-25 18:00:00 - Bojonegoro - Kali Kethek,9.695
2026-04-26 06:00:00 - Bojonegoro - Kali Kethek,9.78
2026-04-26 12:00:00 - Bojonegoro - Kali Kethek,9.73
2026-04-26 18:00:00 - Bojonegoro - Kali Kethek,9.695
2026-04-27 06:00:00 - Bojonegoro - Kali Kethek,9.78
2026-04-27 12:00:00 - Bojonegoro - Kali Kethek,9.73
2026-04-27 18:00:00 - Bojonegoro - Kali Kethek,9.695
2026-04-28 06:00:00 - Bojonegoro - Kali Kethek,9.78
2026-04-28 12:00:00 - Bojonegoro - Kali Kethek,9.73
2026-04-28 18:00:00 - Bojonegoro - Kali Kethek,9.695
2026-04-29 06:00:00 - Bojonegoro - Kali Kethek,9.78
2026-04-29 12:00:00 - Bojonegoro - Kali Kethek,9.73
2026-04-29 18:00:00 - Bojonegoro - Kali Kethek,9.695
2026-04-30 06:00:00 - Bojonegoro - Kali Kethek,9.78
2026-04-30 12:00:00 - Bojonegoro - Kali Kethek,9.73
2026-04-30 18:00:00 - Bojonegoro - Kali Kethek,9.695
2026-05-01 06:00:00 - Bojonegoro - Kali Kethek,8.25
2026-05-01 12:00:00 - Bojonegoro - Kali Kethek,8.203015044418546
2026-05-01 18:00:00 - Bojonegoro - Kali Kethek,8.15
2026-05-02 06:00:00 - Bojonegoro - Kali Kethek,8.25
2026-05-02 12:00:00 - Bojonegoro - Kali Kethek,8.203015044418546
2026-05-02 18:00:00 - Bojonegoro - Kali Kethek,8.15
2026-05-03 06:00:00 - Bojonegoro - Kali Kethek,8.25
2026-05-03 12:00:00 - Bojonegoro - Kali Kethek,8.203015044418546
2026-05-03 18:00:00 - Bojonegoro - Kali Kethek,8.15
2026-05-04 06:00:00 - Bojonegoro - Kali Kethek,8.25
2026-05-04 12:00:00 - Bojonegoro - Kali Kethek,8.203015044418546
2026-05-04 18:00:00 - Bojonegoro - Kali Kethek,8.15
2026-05-05 06:00:00 - Bojonegoro - Kali Kethek,8.25
2026-05-05 12:00:00 - Bojonegoro - Kali Kethek,8.203015044418546
2026-05-05 18:00:00 - Bojonegoro - Kali Kethek,8.15
2026-05-06 06:00:00 - Bojonegoro - Kali Kethek,8.25
2026-05-06 12:00:00 - Bojonegoro - Kali Kethek,8.203015044418546
2026-05-06 18:00:00 - Bojonegoro - Kali Kethek,8.15
2026-05-07 06:00:00 - Bojonegoro - Kali Kethek,8.25
2026-05-07 12:00:00 - Bojonegoro - Kali Kethek,8.203015044418546
2026-05-07 18:00:00 - Bojonegoro - Kali Kethek,8.15
2026-05-08 06:00:00 - Bojonegoro - Kali Kethek,8.25
2026-05-08 12:00:00 - Bojonegoro - Kali Kethek,8.203015044418546
2026-05-08 18:00:00 - Bojonegoro - Kali Kethek,8.15
2026-05-09 06:00:00 - Bojonegoro - Kali Kethek,8.25
2026-05-09 12:00:00 - Bojonegoro - Kali Kethek,8.203015044418546
2026-05-09 18:00:00 - Bojonegoro - Kali Kethek,8.15
2026-05-10 06:00:00 - Bojonegoro - Kali Kethek,8.25
2026-05-10 12:00:00 - Bojonegoro - Kali Kethek,8.203015044418546
2026-05-10 18:00:00 - Bojonegoro - Kali Kethek,8.15
2026-05-11 06:00:00 - Bojonegoro - Kali Kethek,8.25
2026-05-11 12:00:00 - Bojonegoro - Kali Kethek,8.203015044418546
2026-05-11 18:00:00 - Bojonegoro - Kali Kethek,8.15
2026-05-12 06:00:00 - Bojonegoro - Kali Kethek,8.25
2026-05-12 12:00:00 - Bojonegoro - Kali Kethek,8.203015044418546
2026-05-12 18:00:00 - Bojonegoro - Kali Kethek,8.15
2026-05-13 06:00:00 - Bojonegoro - Kali Kethek,8.25
2026-05-13 12:00:00 - Bojonegoro - Kali Kethek,8.203015044418546
2026-05-13 18:00:00 - Bojonegoro - Kali Kethek,8.15
2026-05-14 06:00:00 - Bojonegoro - Kali Kethek,8.25
2026-05-14 12:00:00 - Bojonegoro - Kali Kethek,8.203015044418546
2026-05-14 18:00:00 - Bojonegoro - Kali Kethek,8.15
2026-05-15 06:00:00 - Bojonegoro - Kali Kethek,8.25
2026-05-15 12:00:00 - Bojonegoro - Kali Kethek,8.203015044418546
2026-05-15 18:00:00 - Bojonegoro - Kali Kethek,8.15
2026-05-16 06:00:00 - Bojonegoro - Kali Kethek,8.25
2026-05-16 12:00:00 - Bojonegoro - Kali Kethek,8.203015044418546
2026-05-16 18:00:00 - Bojonegoro - Kali Kethek,8.15
2026-05-17 06:00:00 - Bojonegoro - Kali Kethek,8.25
2026-05-17 12:00:00 - Bojonegoro - Kali Kethek,8.203015044418546
2026-05-17 18:00:00 - Bojonegoro - Kali Kethek,8.15
2026-05-18 06:00:00 - Bojonegoro - Kali Kethek,8.25
2026-05-18 12:00:00 - Bojonegoro - Kali Kethek,8.203015044418546
2026-05-18 18:00:00 - Bojonegoro - Kali Kethek,8.15
2025-09-19 06:00:00 - Brangkal,12.27
2025-09-19 12:00:00 - Brangkal,12.28
2025-09-19 18:00:00 - Brangkal,12.27
2025-09-20 06:00:00 - Brangkal,12.27
2025-09-20 12:00:00 - Brangkal,12.28
2025-09-20 18:00:00 - Brangkal,12.27
2025-09-21 06:00:00 - Brangkal,12.27
2025-09-21 12:00:00 - Brangkal,12.28
2025-09-21 18:00:00 - Brangkal,12.27
2025-09-22 06:00:00 - Brangkal,12.27
2025-09-22 12:00:00 - Brangkal,12.28
2025-09-22 18:00:00 - Brangkal,12.27
2025-09-23 06:00:00 - Brangkal,12.27
2025-09-23 12:00:00 - Brangkal,12.28
2025-09-23 18:00:00 - Brangkal,12.27
2025-09-24 06:00:00 - Brangkal,12.27
2025-09-24 12:00:00 - Brangkal,12.28
2025-09-24 18:00:00 - Brangkal,12.27
2025-09-25 06:00:00 - Brangkal,12.27
2025-09-25 12:00:00 - Brangkal,12.28
2025-09-25 18:00:00 - Brangkal,12.27
2025-09-26 06:00:00 - Brangkal,12.27
2025-09-26 12:00:00 - Brangkal,12.28
2025-09-26 18:00:00 - Brangkal,12.27
2025-09-27 06:00:00 - Brangkal,12.27
2025-09-27 12:00:00 - Brangkal,12.28
2025-09-27 18:00:00 - Brangkal,12.27
2025-09-28 06:00:00 - Brangkal,12.27
2025-09-28 12:00:00 - Brangkal,12.28
2025-09-28 18:00:00 - Brangkal,12.27
2025-09-29 06:00:00 - Brangkal,12.27
2025-09-29 12:00:00 - Brangkal,12.28
2025-09-29 18:00:00 - Brangkal,12.27
2025-09-30 06:00:00 - Brangkal,12.27
2025-09-30 12:00:00 - Brangkal,12.28
2025-09-30 18:00:00 - Brangkal,12.27
2025-10-01 06:00:00 - Brangkal,12.149605494585192
2025-10-01 12:00:00 - Brangkal,12.138794401574437
2025-10-01 18:00:00 - Brangkal,12.149485589929895
2025-10-02 06:00:00 - Brangkal,12.149605494585192
2025-10-02 12:00:00 - Brangkal,12.138794401574437
2025-10-02 18:00:00 - Brangkal,12.149485589929895
2025-10-03 06:00:00 - Brangkal,12.149605494585192
2025-10-03 12:00:00 - Brangkal,12.138794401574437
2025-10-03 18:00:00 - Brangkal,12.149485589929895
2025-10-04 06:00:00 - Brangkal,12.149605494585192
2025-10-04 12:00:00 - Brangkal,12.138794401574437
2025-10-04 18:00:00 - Brangkal,12.149485589929895
2025-10-05 06:00:00 - Brangkal,12.149605494585192
2025-10-05 12:00:00 - Brangkal,12.138794401574437
2025-10-05 18:00:00 - Brangkal,12.149485589929895
2025-10-06 06:00:00 - Brangkal,12.149605494585192
2025-10-06 12:00:00 - Brangkal,12.138794401574437
2025-10-06 18:00:00 - Brangkal,12.149485589929895
2025-10-07 06:00:00 - Brangkal,12.149605494585192
2025-10-07 12:00:00 - Brangkal,12.138794401574437
2025-10-07 18:00:00 - Brangkal,12.149485589929895
2025-10-08 06:00:00 - Brangkal,12.149605494585192
2025-10-08 12:00:00 - Brangkal,12.138794401574437
2025-10-08 18:00:00 - Brangkal,12.149485589929895
2025-10-09 06:00:00 - Brangkal,12.149605494585192
2025-10-09 12:00:00 - Brangkal,12.138794401574437
2025-10-09 18:00:00 - Brangkal,12.149485589929895
2025-10-10 06:00:00 - Brangkal,12.149605494585192
2025-10-10 12:00:00 - Brangkal,12.138794401574437
2025-10-10 18:00:00 - Brangkal,12.149485589929895
2025-10-11 06:00:00 - Brangkal,12.149605494585192
2025-10-11 12:00:00 - Brangkal,12.138794401574437
2025-10-11 18:00:00 - Brangkal,12.149485589929895
2025-10-12 06:00:00 - Brangkal,12.149605494585192
2025-10-12 12:00:00 - Brangkal,12.138794401574437
2025-10-12 18:00:00 - Brangkal,12.149485589929895
2025-10-13 06:00:00 - Brangkal,12.149605494585192
2025-10-13 12:00:00 - Brangkal,12.138794401574437
2025-10-13 18:00:00 - Brangkal,12.149485589929895
2025-10-14 06:00:00 - Brangkal,12.149605494585192
2025-10-14 12:00:00 - Brangkal,12.138794401574437
2025-10-14 18:00:00 - Brangkal,12.149485589929895
2025-10-15 06:00:00 - Brangkal,12.149605494585192
2025-10-15 12:00:00 - Brangkal,12.138794401574437
2025-10-15 18:00:00 - Brangkal,12.149485589929895
2025-10-16 06:00:00 - Brangkal,12.149605494585192
2025-10-16 12:00:00 - Brangkal,12.138794401574437
2025-10-16 18:00:00 - Brangkal,12.149485589929895
2025-10-17 06:00:00 - Brangkal,12.149605494585192
2025-10-17 12:00:00 - Brangkal,12.138794401574437
2025-10-17 18:00:00 - Brangkal,12.149485589929895
2025-10-18 06:00:00 - Brangkal,12.149605494585192
2025-10-18 12:00:00 - Brangkal,12.138794401574437
2025-10-18 18:00:00 - Brangkal,12.149485589929895
2025-10-19 06:00:00 - Brangkal,12.149605494585192
2025-10-19 12:00:00 - Brangkal,12.138794401574437
2025-10-19 18:00:00 - Brangkal,12.149485589929895
2025-10-20 06:00:00 - Brangkal,12.149605494585192
2025-10-20 12:00:00 - Brangkal,12.138794401574437
2025-10-20 18:00:00 - Brangkal,12.149485589929895
2025-10-21 06:00:00 - Brangkal,12.149605494585192
2025-10-21 12:00:00 - Brangkal,12.138794401574437
2025-10-21 18:00:00 - Brangkal,12.149485589929895
2025-10-22 06:00:00 - Brangkal,12.149605494585192
2025-10-22 12:00:00 - Brangkal,12.138794401574437
2025-10-22 18:00:00 - Brangkal,12.149485589929895
2025-10-23 06:00:00 - Brangkal,12.149605494585192
2025-10-23 12:00:00 - Brangkal,12.138794401574437
2025-10-23 18:00:00 - Brangkal,12.149485589929895
2025-10-24 06:00:00 - Brangkal,12.149605494585192
2025-10-24 12:00:00 - Brangkal,12.138794401574437
2025-10-24 18:00:00 - Brangkal,12.149485589929895
2025-10-25 06:00:00 - Brangkal,12.149605494585192
2025-10-25 12:00:00 - Brangkal,12.138794401574437
2025-10-25 18:00:00 - Brangkal,12.149485589929895
2025-10-26 06:00:00 - Brangkal,12.149605494585192
2025-10-26 12:00:00 - Brangkal,12.138794401574437
2025-10-26 18:00:00 - Brangkal,12.149485589929895
2025-10-27 06:00:00 - Brangkal,12.149605494585192
2025-10-27 12:00:00 - Brangkal,12.138794401574437
2025-10-27 18:00:00 - Brangkal,12.149485589929895
2025-10-28 06:00:00 - Brangkal,12.149605494585192
2025-10-28 12:00:00 - Brangkal,12.138794401574437
2025-10-28 18:00:00 - Brangkal,12.149485589929895
2025-10-29 06:00:00 - Brangkal,12.149605494585192
2025-10-29 12:00:00 - Brangkal,12.138794401574437
2025-10-29 18:00:00 - Brangkal,12.149485589929895
2025-10-30 06:00:00 - Brangkal,12.149605494585192
2025-10-30 12:00:00 - Brangkal,12.138794401574437
2025-10-30 18:00:00 - Brangkal,12.149485589929895
2025-10-31 06:00:00 - Brangkal,12.149605494585192
2025-10-31 12:00:00 - Brangkal,12.138794401574437
2025-10-31 18:00:00 - Brangkal,12.149485589929895
2025-11-01 06:00:00 - Brangkal,12.295
2025-11-01 12:00:00 - Brangkal,12.28
2025-11-01 18:00:00 - Brangkal,12.28
2025-11-02 06:00:00 - Brangkal,12.295
2025-11-02 12:00:00 - Brangkal,12.28
2025-11-02 18:00:00 - Brangkal,12.28
2025-11-03 06:00:00 - Brangkal,12.295
2025-11-03 12:00:00 - Brangkal,12.28
2025-11-03 18:00:00 - Brangkal,12.28
2025-11-04 06:00:00 - Brangkal,12.295
2025-11-04 12:00:00 - Brangkal,12.28
2025-11-04 18:00:00 - Brangkal,12.28
2025-11-05 06:00:00 - Brangkal,12.295
2025-11-05 12:00:00 - Brangkal,12.28
2025-11-05 18:00:00 - Brangkal,12.28
2025-11-06 06:00:00 - Brangkal,12.295
2025-11-06 12:00:00 - Brangkal,12.28
2025-11-06 18:00:00 - Brangkal,12.28
2025-11-07 06:00:00 - Brangkal,12.295
2025-11-07 12:00:00 - Brangkal,12.28
2025-11-07 18:00:00 - Brangkal,12.28
2025-11-08 06:00:00 - Brangkal,12.295
2025-11-08 12:00:00 - Brangkal,12.28
2025-11-08 18:00:00 - Brangkal,12.28
2025-11-09 06:00:00 - Brangkal,12.295
2025-11-09 12:00:00 - Brangkal,12.28
2025-11-09 18:00:00 - Brangkal,12.28
2025-11-10 06:00:00 - Brangkal,12.295
2025-11-10 12:00:00 - Brangkal,12.28
2025-11-10 18:00:00 - Brangkal,12.28
2025-11-11 06:00:00 - Brangkal,12.295
2025-11-11 12:00:00 - Brangkal,12.28
2025-11-11 18:00:00 - Brangkal,12.28
2025-11-12 06:00:00 - Brangkal,12.295
2025-11-12 12:00:00 - Brangkal,12.28
2025-11-12 18:00:00 - Brangkal,12.28
2025-11-13 06:00:00 - Brangkal,12.295
2025-11-13 12:00:00 - Brangkal,12.28
2025-11-13 18:00:00 - Brangkal,12.28
2025-11-14 06:00:00 - Brangkal,12.295
2025-11-14 12:00:00 - Brangkal,12.28
2025-11-14 18:00:00 - Brangkal,12.28
2025-11-15 06:00:00 - Brangkal,12.295
2025-11-15 12:00:00 - Brangkal,12.28
2025-11-15 18:00:00 - Brangkal,12.28
2025-11-16 06:00:00 - Brangkal,12.295
2025-11-16 12:00:00 - Brangkal,12.28
2025-11-16 18:00:00 - Brangkal,12.28
2025-11-17 06:00:00 - Brangkal,12.295
2025-11-17 12:00:00 - Brangkal,12.28
2025-11-17 18:00:00 - Brangkal,12.28
2025-11-18 06:00:00 - Brangkal,12.295
2025-11-18 12:00:00 - Brangkal,12.28
2025-11-18 18:00:00 - Brangkal,12.28
2025-11-19 06:00:00 - Brangkal,12.295
2025-11-19 12:00:00 - Brangkal,12.28
2025-11-19 18:00:00 - Brangkal,12.28
2025-11-20 06:00:00 - Brangkal,12.295
2025-11-20 12:00:00 - Brangkal,12.28
2025-11-20 18:00:00 - Brangkal,12.28
2025-11-21 06:00:00 - Brangkal,12.295
2025-11-21 12:00:00 - Brangkal,12.28
2025-11-21 18:00:00 - Brangkal,12.28
2025-11-22 06:00:00 - Brangkal,12.295
2025-11-22 12:00:00 - Brangkal,12.28
2025-11-22 18:00:00 - Brangkal,12.28
2025-11-23 06:00:00 - Brangkal,12.295
2025-11-23 12:00:00 - Brangkal,12.28
2025-11-23 18:00:00 - Brangkal,12.28
2025-11-24 06:00:00 - Brangkal,12.295
2025-11-24 12:00:00 - Brangkal,12.28
2025-11-24 18:00:00 - Brangkal,12.28
2025-11-25 06:00:00 - Brangkal,12.295
2025-11-25 12:00:00 - Brangkal,12.28
2025-11-25 18:00:00 - Brangkal,12.28
2025-11-26 06:00:00 - Brangkal,12.295
2025-11-26 12:00:00 - Brangkal,12.28
2025-11-26 18:00:00 - Brangkal,12.28
2025-11-27 06:00:00 - Brangkal,12.295
2025-11-27 12:00:00 - Brangkal,12.28
2025-11-27 18:00:00 - Brangkal,12.28
2025-11-28 06:00:00 - Brangkal,12.295
2025-11-28 12:00:00 - Brangkal,12.28
2025-11-28 18:00:00 - Brangkal,12.28
2025-11-29 06:00:00 - Brangkal,12.295
2025-11-29 12:00:00 - Brangkal,12.28
2025-11-29 18:00:00 - Brangkal,12.28
2025-11-30 06:00:00 - Brangkal,12.295
2025-11-30 12:00:00 - Brangkal,12.28
2025-11-30 18:00:00 - Brangkal,12.28
2025-12-01 06:00:00 - Brangkal,12.88
2025-12-01 12:00:00 - Brangkal,12.88
2025-12-01 18:00:00 - Brangkal,12.867376947087525
2025-12-02 06:00:00 - Brangkal,12.88
2025-12-02 12:00:00 - Brangkal,12.88
2025-12-02 18:00:00 - Brangkal,12.867376947087525
2025-12-03 06:00:00 - Brangkal,12.88
2025-12-03 12:00:00 - Brangkal,12.88
2025-12-03 18:00:00 - Brangkal,12.867376947087525
2025-12-04 06:00:00 - Brangkal,12.88
2025-12-04 12:00:00 - Brangkal,12.88
2025-12-04 18:00:00 - Brangkal,12.867376947087525
2025-12-05 06:00:00 - Brangkal,12.88
2025-12-05 12:00:00 - Brangkal,12.88
2025-12-05 18:00:00 - Brangkal,12.867376947087525
2025-12-06 06:00:00 - Brangkal,12.88
2025-12-06 12:00:00 - Brangkal,12.88
2025-12-06 18:00:00 - Brangkal,12.867376947087525
2025-12-07 06:00:00 - Brangkal,12.88
2025-12-07 12:00:00 - Brangkal,12.88
2025-12-07 18:00:00 - Brangkal,12.867376947087525
2025-12-08 06:00:00 - Brangkal,12.88
2025-12-08 12:00:00 - Brangkal,12.88
2025-12-08 18:00:00 - Brangkal,12.867376947087525
2025-12-09 06:00:00 - Brangkal,12.88
2025-12-09 12:00:00 - Brangkal,12.88
2025-12-09 18:00:00 - Brangkal,12.867376947087525
2025-12-10 06:00:00 - Brangkal,12.88
2025-12-10 12:00:00 - Brangkal,12.88
2025-12-10 18:00:00 - Brangkal,12.867376947087525
2025-12-11 06:00:00 - Brangkal,12.88
2025-12-11 12:00:00 - Brangkal,12.88
2025-12-11 18:00:00 - Brangkal,12.867376947087525
2025-12-12 06:00:00 - Brangkal,12.88
2025-12-12 12:00:00 - Brangkal,12.88
2025-12-12 18:00:00 - Brangkal,12.867376947087525
2025-12-13 06:00:00 - Brangkal,12.88
2025-12-13 12:00:00 - Brangkal,12.88
2025-12-13 18:00:00 - Brangkal,12.867376947087525
2025-12-14 06:00:00 - Brangkal,12.88
2025-12-14 12:00:00 - Brangkal,12.88
2025-12-14 18:00:00 - Brangkal,12.867376947087525
2025-12-15 06:00:00 - Brangkal,12.88
2025-12-15 12:00:00 - Brangkal,12.88
2025-12-15 18:00:00 - Brangkal,12.867376947087525
2025-12-16 06:00:00 - Brangkal,12.88
2025-12-16 12:00:00 - Brangkal,12.88
2025-12-16 18:00:00 - Brangkal,12.867376947087525
2025-12-17 06:00:00 - Brangkal,12.88
2025-12-17 12:00:00 - Brangkal,12.88
2025-12-17 18:00:00 - Brangkal,12.867376947087525
2025-12-18 06:00:00 - Brangkal,12.88
2025-12-18 12:00:00 - Brangkal,12.88
2025-12-18 18:00:00 - Brangkal,12.867376947087525
2025-12-19 06:00:00 - Brangkal,12.88
2025-12-19 12:00:00 - Brangkal,12.88
2025-12-19 18:00:00 - Brangkal,12.867376947087525
2025-12-20 06:00:00 - Brangkal,12.88
2025-12-20 12:00:00 - Brangkal,12.88
2025-12-20 18:00:00 - Brangkal,12.867376947087525
2025-12-21 06:00:00 - Brangkal,12.88
2025-12-21 12:00:00 - Brangkal,12.88
2025-12-21 18:00:00 - Brangkal,12.867376947087525
2025-12-22 06:00:00 - Brangkal,12.88
2025-12-22 12:00:00 - Brangkal,12.88
2025-12-22 18:00:00 - Brangkal,12.867376947087525
2025-12-23 06:00:00 - Brangkal,12.88
2025-12-23 12:00:00 - Brangkal,12.88
2025-12-23 18:00:00 - Brangkal,12.867376947087525
2025-12-24 06:00:00 - Brangkal,12.88
2025-12-24 12:00:00 - Brangkal,12.88
2025-12-24 18:00:00 - Brangkal,12.867376947087525
2025-12-25 06:00:00 - Brangkal,12.88
2025-12-25 12:00:00 - Brangkal,12.88
2025-12-25 18:00:00 - Brangkal,12.867376947087525
2025-12-26 06:00:00 - Brangkal,12.88
2025-12-26 12:00:00 - Brangkal,12.88
2025-12-26 18:00:00 - Brangkal,12.867376947087525
2025-12-27 06:00:00 - Brangkal,12.88
2025-12-27 12:00:00 - Brangkal,12.88
2025-12-27 18:00:00 - Brangkal,12.867376947087525
2025-12-28 06:00:00 - Brangkal,12.88
2025-12-28 12:00:00 - Brangkal,12.88
2025-12-28 18:00:00 - Brangkal,12.867376947087525
2025-12-29 06:00:00 - Brangkal,12.88
2025-12-29 12:00:00 - Brangkal,12.88
2025-12-29 18:00:00 - Brangkal,12.867376947087525
2025-12-30 06:00:00 - Brangkal,12.88
2025-12-30 12:00:00 - Brangkal,12.88
2025-12-30 18:00:00 - Brangkal,12.867376947087525
2025-12-31 06:00:00 - Brangkal,12.88
2025-12-31 12:00:00 - Brangkal,12.88
2025-12-31 18:00:00 - Brangkal,12.867376947087525
2026-01-01 06:00:00 - Brangkal,13.18
2026-01-01 12:00:00 - Brangkal,13.18
2026-01-01 18:00:00 - Brangkal,13.24650921931325
2026-01-02 06:00:00 - Brangkal,13.18
2026-01-02 12:00:00 - Brangkal,13.18
2026-01-02 18:00:00 - Brangkal,13.24650921931325
2026-01-03 06:00:00 - Brangkal,13.18
2026-01-03 12:00:00 - Brangkal,13.18
2026-01-03 18:00:00 - Brangkal,13.24650921931325
2026-01-04 06:00:00 - Brangkal,13.18
2026-01-04 12:00:00 - Brangkal,13.18
2026-01-04 18:00:00 - Brangkal,13.24650921931325
2026-01-05 06:00:00 - Brangkal,13.18
2026-01-05 12:00:00 - Brangkal,13.18
2026-01-05 18:00:00 - Brangkal,13.24650921931325
2026-01-06 06:00:00 - Brangkal,13.18
2026-01-06 12:00:00 - Brangkal,13.18
2026-01-06 18:00:00 - Brangkal,13.24650921931325
2026-01-07 06:00:00 - Brangkal,13.18
2026-01-07 12:00:00 - Brangkal,13.18
2026-01-07 18:00:00 - Brangkal,13.24650921931325
2026-01-08 06:00:00 - Brangkal,13.18
2026-01-08 12:00:00 - Brangkal,13.18
2026-01-08 18:00:00 - Brangkal,13.24650921931325
2026-01-09 06:00:00 - Brangkal,13.18
2026-01-09 12:00:00 - Brangkal,13.18
2026-01-09 18:00:00 - Brangkal,13.24650921931325
2026-01-10 06:00:00 - Brangkal,13.18
2026-01-10 12:00:00 - Brangkal,13.18
2026-01-10 18:00:00 - Brangkal,13.24650921931325
2026-01-11 06:00:00 - Brangkal,13.18
2026-01-11 12:00:00 - Brangkal,13.18
2026-01-11 18:00:00 - Brangkal,13.24650921931325
2026-01-12 06:00:00 - Brangkal,13.18
2026-01-12 12:00:00 - Brangkal,13.18
2026-01-12 18:00:00 - Brangkal,13.24650921931325
2026-01-13 06:00:00 - Brangkal,13.18
2026-01-13 12:00:00 - Brangkal,13.18
2026-01-13 18:00:00 - Brangkal,13.24650921931325
2026-01-14 06:00:00 - Brangkal,13.18
2026-01-14 12:00:00 - Brangkal,13.18
2026-01-14 18:00:00 - Brangkal,13.24650921931325
2026-01-15 06:00:00 - Brangkal,13.18
2026-01-15 12:00:00 - Brangkal,13.18
2026-01-15 18:00:00 - Brangkal,13.24650921931325
2026-01-16 06:00:00 - Brangkal,13.18
2026-01-16 12:00:00 - Brangkal,13.18
2026-01-16 18:00:00 - Brangkal,13.24650921931325
2026-01-17 06:00:00 - Brangkal,13.18
2026-01-17 12:00:00 - Brangkal,13.18
2026-01-17 18:00:00 - Brangkal,13.24650921931325
2026-01-18 06:00:00 - Brangkal,13.18
2026-01-18 12:00:00 - Brangkal,13.18
2026-01-18 18:00:00 - Brangkal,13.24650921931325
2026-01-19 06:00:00 - Brangkal,13.18
2026-01-19 12:00:00 - Brangkal,13.18
2026-01-19 18:00:00 - Brangkal,13.24650921931325
2026-01-20 06:00:00 - Brangkal,13.18
2026-01-20 12:00:00 - Brangkal,13.18
2026-01-20 18:00:00 - Brangkal,13.24650921931325
2026-01-21 06:00:00 - Brangkal,13.18
2026-01-21 12:00:00 - Brangkal,13.18
2026-01-21 18:00:00 - Brangkal,13.24650921931325
2026-01-22 06:00:00 - Brangkal,13.18
2026-01-22 12:00:00 - Brangkal,13.18
2026-01-22 18:00:00 - Brangkal,13.24650921931325
2026-01-23 06:00:00 - Brangkal,13.18
2026-01-23 12:00:00 - Brangkal,13.18
2026-01-23 18:00:00 - Brangkal,13.24650921931325
2026-01-24 06:00:00 - Brangkal,13.18
2026-01-24 12:00:00 - Brangkal,13.18
2026-01-24 18:00:00 - Brangkal,13.24650921931325
2026-01-25 06:00:00 - Brangkal,13.18
2026-01-25 12:00:00 - Brangkal,13.18
2026-01-25 18:00:00 - Brangkal,13.24650921931325
2026-01-26 06:00:00 - Brangkal,13.18
2026-01-26 12:00:00 - Brangkal,13.18
2026-01-26 18:00:00 - Brangkal,13.24650921931325
2026-01-27 06:00:00 - Brangkal,13.18
2026-01-27 12:00:00 - Brangkal,13.18
2026-01-27 18:00:00 - Brangkal,13.24650921931325
2026-01-28 06:00:00 - Brangkal,13.18
2026-01-28 12:00:00 - Brangkal,13.18
2026-01-28 18:00:00 - Brangkal,13.24650921931325
2026-01-29 06:00:00 - Brangkal,13.18
2026-01-29 12:00:00 - Brangkal,13.18
2026-01-29 18:00:00 - Brangkal,13.24650921931325
2026-01-30 06:00:00 - Brangkal,13.18
2026-01-30 12:00:00 - Brangkal,13.18
2026-01-30 18:00:00 - Brangkal,13.24650921931325
2026-01-31 06:00:00 - Brangkal,13.18
2026-01-31 12:00:00 - Brangkal,13.18
2026-01-31 18:00:00 - Brangkal,13.24650921931325
2026-02-01 06:00:00 - Brangkal,13.38
2026-02-01 12:00:00 - Brangkal,13.322076690412453
2026-02-01 18:00:00 - Brangkal,13.310671473041126
2026-02-02 06:00:00 - Brangkal,13.38
2026-02-02 12:00:00 - Brangkal,13.322076690412453
2026-02-02 18:00:00 - Brangkal,13.310671473041126
2026-02-03 06:00:00 - Brangkal,13.38
2026-02-03 12:00:00 - Brangkal,13.322076690412453
2026-02-03 18:00:00 - Brangkal,13.310671473041126
2026-02-04 06:00:00 - Brangkal,13.38
2026-02-04 12:00:00 - Brangkal,13.322076690412453
2026-02-04 18:00:00 - Brangkal,13.310671473041126
2026-02-05 06:00:00 - Brangkal,13.38
2026-02-05 12:00:00 - Brangkal,13.322076690412453
2026-02-05 18:00:00 - Brangkal,13.310671473041126
2026-02-06 06:00:00 - Brangkal,13.38
2026-02-06 12:00:00 - Brangkal,13.322076690412453
2026-02-06 18:00:00 - Brangkal,13.310671473041126
2026-02-07 06:00:00 - Brangkal,13.38
2026-02-07 12:00:00 - Brangkal,13.322076690412453
2026-02-07 18:00:00 - Brangkal,13.310671473041126
2026-02-08 06:00:00 - Brangkal,13.38
2026-02-08 12:00:00 - Brangkal,13.322076690412453
2026-02-08 18:00:00 - Brangkal,13.310671473041126
2026-02-09 06:00:00 - Brangkal,13.38
2026-02-09 12:00:00 - Brangkal,13.322076690412453
2026-02-09 18:00:00 - Brangkal,13.310671473041126
2026-02-10 06:00:00 - Brangkal,13.38
2026-02-10 12:00:00 - Brangkal,13.322076690412453
2026-02-10 18:00:00 - Brangkal,13.310671473041126
2026-02-11 06:00:00 - Brangkal,13.38
2026-02-11 12:00:00 - Brangkal,13.322076690412453
2026-02-11 18:00:00 - Brangkal,13.310671473041126
2026-02-12 06:00:00 - Brangkal,13.38
2026-02-12 12:00:00 - Brangkal,13.322076690412453
2026-02-12 18:00:00 - Brangkal,13.310671473041126
2026-02-13 06:00:00 - Brangkal,13.38
2026-02-13 12:00:00 - Brangkal,13.322076690412453
2026-02-13 18:00:00 - Brangkal,13.310671473041126
2026-02-14 06:00:00 - Brangkal,13.38
2026-02-14 12:00:00 - Brangkal,13.322076690412453
2026-02-14 18:00:00 - Brangkal,13.310671473041126
2026-02-15 06:00:00 - Brangkal,13.38
2026-02-15 12:00:00 - Brangkal,13.322076690412453
2026-02-15 18:00:00 - Brangkal,13.310671473041126
2026-02-16 06:00:00 - Brangkal,13.38
2026-02-16 12:00:00 - Brangkal,13.322076690412453
2026-02-16 18:00:00 - Brangkal,13.310671473041126
2026-02-17 06:00:00 - Brangkal,13.38
2026-02-17 12:00:00 - Brangkal,13.322076690412453
2026-02-17 18:00:00 - Brangkal,13.310671473041126
2026-02-18 06:00:00 - Brangkal,13.38
2026-02-18 12:00:00 - Brangkal,13.322076690412453
2026-02-18 18:00:00 - Brangkal,13.310671473041126
2026-02-19 06:00:00 - Brangkal,13.38
2026-02-19 12:00:00 - Brangkal,13.322076690412453
2026-02-19 18:00:00 - Brangkal,13.310671473041126
2026-02-20 06:00:00 - Brangkal,13.38
2026-02-20 12:00:00 - Brangkal,13.322076690412453
2026-02-20 18:00:00 - Brangkal,13.310671473041126
2026-02-21 06:00:00 - Brangkal,13.38
2026-02-21 12:00:00 - Brangkal,13.322076690412453
2026-02-21 18:00:00 - Brangkal,13.310671473041126
2026-02-22 06:00:00 - Brangkal,13.38
2026-02-22 12:00:00 - Brangkal,13.322076690412453
2026-02-22 18:00:00 - Brangkal,13.310671473041126
2026-02-23 06:00:00 - Brangkal,13.38
2026-02-23 12:00:00 - Brangkal,13.322076690412453
2026-02-23 18:00:00 - Brangkal,13.310671473041126
2026-02-24 06:00:00 - Brangkal,13.38
2026-02-24 12:00:00 - Brangkal,13.322076690412453
2026-02-24 18:00:00 - Brangkal,13.310671473041126
2026-02-25 06:00:00 - Brangkal,13.38
2026-02-25 12:00:00 - Brangkal,13.322076690412453
2026-02-25 18:00:00 - Brangkal,13.310671473041126
2026-02-26 06:00:00 - Brangkal,13.38
2026-02-26 12:00:00 - Brangkal,13.322076690412453
2026-02-26 18:00:00 - Brangkal,13.310671473041126
2026-02-27 06:00:00 - Brangkal,13.38
2026-02-27 12:00:00 - Brangkal,13.322076690412453
2026-02-27 18:00:00 - Brangkal,13.310671473041126
2026-02-28 06:00:00 - Brangkal,13.38
2026-02-28 12:00:00 - Brangkal,13.322076690412453
2026-02-28 18:00:00 - Brangkal,13.310671473041126
2026-03-01 06:00:00 - Brangkal,13.48
2026-03-01 12:00:00 - Brangkal,13.48
2026-03-01 18:00:00 - Brangkal,13.48
2026-03-02 06:00:00 - Brangkal,13.48
2026-03-02 12:00:00 - Brangkal,13.48
2026-03-02 18:00:00 - Brangkal,13.48
2026-03-03 06:00:00 - Brangkal,13.48
2026-03-03 12:00:00 - Brangkal,13.48
2026-03-03 18:00:00 - Brangkal,13.48
2026-03-04 06:00:00 - Brangkal,13.48
2026-03-04 12:00:00 - Brangkal,13.48
2026-03-04 18:00:00 - Brangkal,13.48
2026-03-05 06:00:00 - Brangkal,13.48
2026-03-05 12:00:00 - Brangkal,13.48
2026-03-05 18:00:00 - Brangkal,13.48
2026-03-06 06:00:00 - Brangkal,13.48
2026-03-06 12:00:00 - Brangkal,13.48
2026-03-06 18:00:00 - Brangkal,13.48
2026-03-07 06:00:00 - Brangkal,13.48
2026-03-07 12:00:00 - Brangkal,13.48
2026-03-07 18:00:00 - Brangkal,13.48
2026-03-08 06:00:00 - Brangkal,13.48
2026-03-08 12:00:00 - Brangkal,13.48
2026-03-08 18:00:00 - Brangkal,13.48
2026-03-09 06:00:00 - Brangkal,13.48
2026-03-09 12:00:00 - Brangkal,13.48
2026-03-09 18:00:00 - Brangkal,13.48
2026-03-10 06:00:00 - Brangkal,13.48
2026-03-10 12:00:00 - Brangkal,13.48
2026-03-10 18:00:00 - Brangkal,13.48
2026-03-11 06:00:00 - Brangkal,13.48
2026-03-11 12:00:00 - Brangkal,13.48
2026-03-11 18:00:00 - Brangkal,13.48
2026-03-12 06:00:00 - Brangkal,13.48
2026-03-12 12:00:00 - Brangkal,13.48
2026-03-12 18:00:00 - Brangkal,13.48
2026-03-13 06:00:00 - Brangkal,13.48
2026-03-13 12:00:00 - Brangkal,13.48
2026-03-13 18:00:00 - Brangkal,13.48
2026-03-14 06:00:00 - Brangkal,13.48
2026-03-14 12:00:00 - Brangkal,13.48
2026-03-14 18:00:00 - Brangkal,13.48
2026-03-15 06:00:00 - Brangkal,13.48
2026-03-15 12:00:00 - Brangkal,13.48
2026-03-15 18:00:00 - Brangkal,13.48
2026-03-16 06:00:00 - Brangkal,13.48
2026-03-16 12:00:00 - Brangkal,13.48
2026-03-16 18:00:00 - Brangkal,13.48
2026-03-17 06:00:00 - Brangkal,13.48
2026-03-17 12:00:00 - Brangkal,13.48
2026-03-17 18:00:00 - Brangkal,13.48
2026-03-18 06:00:00 - Brangkal,13.48
2026-03-18 12:00:00 - Brangkal,13.48
2026-03-18 18:00:00 - Brangkal,13.48
2026-03-19 06:00:00 - Brangkal,13.48
2026-03-19 12:00:00 - Brangkal,13.48
2026-03-19 18:00:00 - Brangkal,13.48
2026-03-20 06:00:00 - Brangkal,13.48
2026-03-20 12:00:00 - Brangkal,13.48
2026-03-20 18:00:00 - Brangkal,13.48
2026-03-21 06:00:00 - Brangkal,13.48
2026-03-21 12:00:00 - Brangkal,13.48
2026-03-21 18:00:00 - Brangkal,13.48
2026-03-22 06:00:00 - Brangkal,13.48
2026-03-22 12:00:00 - Brangkal,13.48
2026-03-22 18:00:00 - Brangkal,13.48
2026-03-23 06:00:00 - Brangkal,13.48
2026-03-23 12:00:00 - Brangkal,13.48
2026-03-23 18:00:00 - Brangkal,13.48
2026-03-24 06:00:00 - Brangkal,13.48
2026-03-24 12:00:00 - Brangkal,13.48
2026-03-24 18:00:00 - Brangkal,13.48
2026-03-25 06:00:00 - Brangkal,13.48
2026-03-25 12:00:00 - Brangkal,13.48
2026-03-25 18:00:00 - Brangkal,13.48
2026-03-26 06:00:00 - Brangkal,13.48
2026-03-26 12:00:00 - Brangkal,13.48
2026-03-26 18:00:00 - Brangkal,13.48
2026-03-27 06:00:00 - Brangkal,13.48
2026-03-27 12:00:00 - Brangkal,13.48
2026-03-27 18:00:00 - Brangkal,13.48
2026-03-28 06:00:00 - Brangkal,13.48
2026-03-28 12:00:00 - Brangkal,13.48
2026-03-28 18:00:00 - Brangkal,13.48
2026-03-29 06:00:00 - Brangkal,13.48
2026-03-29 12:00:00 - Brangkal,13.48
2026-03-29 18:00:00 - Brangkal,13.48
2026-03-30 06:00:00 - Brangkal,13.48
2026-03-30 12:00:00 - Brangkal,13.48
2026-03-30 18:00:00 - Brangkal,13.48
2026-03-31 06:00:00 - Brangkal,13.48
2026-03-31 12:00:00 - Brangkal,13.48
2026-03-31 18:00:00 - Brangkal,13.48
2026-04-01 06:00:00 - Brangkal,13.38
2026-04-01 12:00:00 - Brangkal,13.33
2026-04-01 18:00:00 - Brangkal,13.28
2026-04-02 06:00:00 - Brangkal,13.38
2026-04-02 12:00:00 - Brangkal,13.33
2026-04-02 18:00:00 - Brangkal,13.28
2026-04-03 06:00:00 - Brangkal,13.38
2026-04-03 12:00:00 - Brangkal,13.33
2026-04-03 18:00:00 - Brangkal,13.28
2026-04-04 06:00:00 - Brangkal,13.38
2026-04-04 12:00:00 - Brangkal,13.33
2026-04-04 18:00:00 - Brangkal,13.28
2026-04-05 06:00:00 - Brangkal,13.38
2026-04-05 12:00:00 - Brangkal,13.33
2026-04-05 18:00:00 - Brangkal,13.28
2026-04-06 06:00:00 - Brangkal,13.38
2026-04-06 12:00:00 - Brangkal,13.33
2026-04-06 18:00:00 - Brangkal,13.28
2026-04-07 06:00:00 - Brangkal,13.38
2026-04-07 12:00:00 - Brangkal,13.33
2026-04-07 18:00:00 - Brangkal,13.28
2026-04-08 06:00:00 - Brangkal,13.38
2026-04-08 12:00:00 - Brangkal,13.33
2026-04-08 18:00:00 - Brangkal,13.28
2026-04-09 06:00:00 - Brangkal,13.38
2026-04-09 12:00:00 - Brangkal,13.33
2026-04-09 18:00:00 - Brangkal,13.28
2026-04-10 06:00:00 - Brangkal,13.38
2026-04-10 12:00:00 - Brangkal,13.33
2026-04-10 18:00:00 - Brangkal,13.28
2026-04-11 06:00:00 - Brangkal,13.38
2026-04-11 12:00:00 - Brangkal,13.33
2026-04-11 18:00:00 - Brangkal,13.28
2026-04-12 06:00:00 - Brangkal,13.38
2026-04-12 12:00:00 - Brangkal,13.33
2026-04-12 18:00:00 - Brangkal,13.28
2026-04-13 06:00:00 - Brangkal,13.38
2026-04-13 12:00:00 - Brangkal,13.33
2026-04-13 18:00:00 - Brangkal,13.28
2026-04-14 06:00:00 - Brangkal,13.38
2026-04-14 12:00:00 - Brangkal,13.33
2026-04-14 18:00:00 - Brangkal,13.28
2026-04-15 06:00:00 - Brangkal,13.38
2026-04-15 12:00:00 - Brangkal,13.33
2026-04-15 18:00:00 - Brangkal,13.28
2026-04-16 06:00:00 - Brangkal,13.38
2026-04-16 12:00:00 - Brangkal,13.33
2026-04-16 18:00:00 - Brangkal,13.28
2026-04-17 06:00:00 - Brangkal,13.38
2026-04-17 12:00:00 - Brangkal,13.33
2026-04-17 18:00:00 - Brangkal,13.28
2026-04-18 06:00:00 - Brangkal,13.38
2026-04-18 12:00:00 - Brangkal,13.33
2026-04-18 18:00:00 - Brangkal,13.28
2026-04-19 06:00:00 - Brangkal,13.38
2026-04-19 12:00:00 - Brangkal,13.33
2026-04-19 18:00:00 - Brangkal,13.28
2026-04-20 06:00:00 - Brangkal,13.38
2026-04-20 12:00:00 - Brangkal,13.33
2026-04-20 18:00:00 - Brangkal,13.28
2026-04-21 06:00:00 - Brangkal,13.38
2026-04-21 12:00:00 - Brangkal,13.33
2026-04-21 18:00:00 - Brangkal,13.28
2026-04-22 06:00:00 - Brangkal,13.38
2026-04-22 12:00:00 - Brangkal,13.33
2026-04-22 18:00:00 - Brangkal,13.28
2026-04-23 06:00:00 - Brangkal,13.38
2026-04-23 12:00:00 - Brangkal,13.33
2026-04-23 18:00:00 - Brangkal,13.28
2026-04-24 06:00:00 - Brangkal,13.38
2026-04-24 12:00:00 - Brangkal,13.33
2026-04-24 18:00:00 - Brangkal,13.28
2026-04-25 06:00:00 - Brangkal,13.38
2026-04-25 12:00:00 - Brangkal,13.33
2026-04-25 18:00:00 - Brangkal,13.28
2026-04-26 06:00:00 - Brangkal,13.38
2026-04-26 12:00:00 - Brangkal,13.33
2026-04-26 18:00:00 - Brangkal,13.28
2026-04-27 06:00:00 - Brangkal,13.38
2026-04-27 12:00:00 - Brangkal,13.33
2026-04-27 18:00:00 - Brangkal,13.28
2026-04-28 06:00:00 - Brangkal,13.38
2026-04-28 12:00:00 - Brangkal,13.33
2026-04-28 18:00:00 - Brangkal,13.28
2026-04-29 06:00:00 - Brangkal,13.38
2026-04-29 12:00:00 - Brangkal,13.33
2026-04-29 18:00:00 - Brangkal,13.28
2026-04-30 06:00:00 - Brangkal,13.38
2026-04-30 12:00:00 - Brangkal,13.33
2026-04-30 18:00:00 - Brangkal,13.28
2026-05-01 06:00:00 - Brangkal,12.78
2026-05-01 12:00:00 - Brangkal,12.700821798320426
2026-05-01 18:00:00 - Brangkal,12.68
2026-05-02 06:00:00 - Brangkal,12.78
2026-05-02 12:00:00 - Brangkal,12.700821798320426
2026-05-02 18:00:00 - Brangkal,12.68
2026-05-03 06:00:00 - Brangkal,12.78
2026-05-03 12:00:00 - Brangkal,12.700821798320426
2026-05-03 18:00:00 - Brangkal,12.68
2026-05-04 06:00:00 - Brangkal,12.78
2026-05-04 12:00:00 - Brangkal,12.700821798320426
2026-05-04 18:00:00 - Brangkal,12.68
2026-05-05 06:00:00 - Brangkal,12.78
2026-05-05 12:00:00 - Brangkal,12.700821798320426
2026-05-05 18:00:00 - Brangkal,12.68
2026-05-06 06:00:00 - Brangkal,12.78
2026-05-06 12:00:00 - Brangkal,12.700821798320426
2026-05-06 18:00:00 - Brangkal,12.68
2026-05-07 06:00:00 - Brangkal,12.78
2026-05-07 12:00:00 - Brangkal,12.700821798320426
2026-05-07 18:00:00 - Brangkal,12.68
2026-05-08 06:00:00 - Brangkal,12.78
2026-05-08 12:00:00 - Brangkal,12.700821798320426
2026-05-08 18:00:00 - Brangkal,12.68
2026-05-09 06:00:00 - Brangkal,12.78
2026-05-09 12:00:00 - Brangkal,12.700821798320426
2026-05-09 18:00:00 - Brangkal,12.68
2026-05-10 06:00:00 - Brangkal,12.78
2026-05-10 12:00:00 - Brangkal,12.700821798320426
2026-05-10 18:00:00 - Brangkal,12.68
2026-05-11 06:00:00 - Brangkal,12.78
2026-05-11 12:00:00 - Brangkal,12.700821798320426
2026-05-11 18:00:00 - Brangkal,12.68
2026-05-12 06:00:00 - Brangkal,12.78
2026-05-12 12:00:00 - Brangkal,12.700821798320426
2026-05-12 18:00:00 - Brangkal,12.68
2026-05-13 06:00:00 - Brangkal,12.78
2026-05-13 12:00:00 - Brangkal,12.700821798320426
2026-05-13 18:00:00 - Brangkal,12.68
2026-05-14 06:00:00 - Brangkal,12.78
2026-05-14 12:00:00 - Brangkal,12.700821798320426
2026-05-14 18:00:00 - Brangkal,12.68
2026-05-15 06:00:00 - Brangkal,12.78
2026-05-15 12:00:00 - Brangkal,12.700821798320426
2026-05-15 18:00:00 - Brangkal,12.68
2026-05-16 06:00:00 - Brangkal,12.78
2026-05-16 12:00:00 - Brangkal,12.700821798320426
2026-05-16 18:00:00 - Brangkal,12.68
2026-05-17 06:00:00 - Brangkal,12.78
2026-05-17 12:00:00 - Brangkal,12.700821798320426
2026-05-17 18:00:00 - Brangkal,12.68
2026-05-18 06:00:00 - Brangkal,12.78
2026-05-18 12:00:00 - Brangkal,12.700821798320426
2026-05-18 18:00:00 - Brangkal,12.68
2025-09-19 06:00:00 - Cepu,16.244999999999997
2025-09-19 12:00:00 - Cepu,16.23
2025-09-19 18:00:00 - Cepu,16.24
2025-09-20 06:00:00 - Cepu,16.244999999999997
2025-09-20 12:00:00 - Cepu,16.23
2025-09-20 18:00:00 - Cepu,16.24
2025-09-21 06:00:00 - Cepu,16.244999999999997
2025-09-21 12:00:00 - Cepu,16.23
2025-09-21 18:00:00 - Cepu,16.24
2025-09-22 06:00:00 - Cepu,16.244999999999997
2025-09-22 12:00:00 - Cepu,16.23
2025-09-22 18:00:00 - Cepu,16.24
2025-09-23 06:00:00 - Cepu,16.244999999999997
2025-09-23 12:00:00 - Cepu,16.23
2025-09-23 18:00:00 - Cepu,16.24
2025-09-24 06:00:00 - Cepu,16.244999999999997
2025-09-24 12:00:00 - Cepu,16.23
2025-09-24 18:00:00 - Cepu,16.24
2025-09-25 06:00:00 - Cepu,16.244999999999997
2025-09-25 12:00:00 - Cepu,16.23
2025-09-25 18:00:00 - Cepu,16.24
2025-09-26 06:00:00 - Cepu,16.244999999999997
2025-09-26 12:00:00 - Cepu,16.23
2025-09-26 18:00:00 - Cepu,16.24
2025-09-27 06:00:00 - Cepu,16.244999999999997
2025-09-27 12:00:00 - Cepu,16.23
2025-09-27 18:00:00 - Cepu,16.24
2025-09-28 06:00:00 - Cepu,16.244999999999997
2025-09-28 12:00:00 - Cepu,16.23
2025-09-28 18:00:00 - Cepu,16.24
2025-09-29 06:00:00 - Cepu,16.244999999999997
2025-09-29 12:00:00 - Cepu,16.23
2025-09-29 18:00:00 - Cepu,16.24
2025-09-30 06:00:00 - Cepu,16.244999999999997
2025-09-30 12:00:00 - Cepu,16.23
2025-09-30 18:00:00 - Cepu,16.24
2025-10-01 06:00:00 - Cepu,16.14
2025-10-01 12:00:00 - Cepu,16.13
2025-10-01 18:00:00 - Cepu,16.145
2025-10-02 06:00:00 - Cepu,16.14
2025-10-02 12:00:00 - Cepu,16.13
2025-10-02 18:00:00 - Cepu,16.145
2025-10-03 06:00:00 - Cepu,16.14
2025-10-03 12:00:00 - Cepu,16.13
2025-10-03 18:00:00 - Cepu,16.145
2025-10-04 06:00:00 - Cepu,16.14
2025-10-04 12:00:00 - Cepu,16.13
2025-10-04 18:00:00 - Cepu,16.145
2025-10-05 06:00:00 - Cepu,16.14
2025-10-05 12:00:00 - Cepu,16.13
2025-10-05 18:00:00 - Cepu,16.145
2025-10-06 06:00:00 - Cepu,16.14
2025-10-06 12:00:00 - Cepu,16.13
2025-10-06 18:00:00 - Cepu,16.145
2025-10-07 06:00:00 - Cepu,16.14
2025-10-07 12:00:00 - Cepu,16.13
2025-10-07 18:00:00 - Cepu,16.145
2025-10-08 06:00:00 - Cepu,16.14
2025-10-08 12:00:00 - Cepu,16.13
2025-10-08 18:00:00 - Cepu,16.145
2025-10-09 06:00:00 - Cepu,16.14
2025-10-09 12:00:00 - Cepu,16.13
2025-10-09 18:00:00 - Cepu,16.145
2025-10-10 06:00:00 - Cepu,16.14
2025-10-10 12:00:00 - Cepu,16.13
2025-10-10 18:00:00 - Cepu,16.145
2025-10-11 06:00:00 - Cepu,16.14
2025-10-11 12:00:00 - Cepu,16.13
2025-10-11 18:00:00 - Cepu,16.145
2025-10-12 06:00:00 - Cepu,16.14
2025-10-12 12:00:00 - Cepu,16.13
2025-10-12 18:00:00 - Cepu,16.145
2025-10-13 06:00:00 - Cepu,16.14
2025-10-13 12:00:00 - Cepu,16.13
2025-10-13 18:00:00 - Cepu,16.145
2025-10-14 06:00:00 - Cepu,16.14
2025-10-14 12:00:00 - Cepu,16.13
2025-10-14 18:00:00 - Cepu,16.145
2025-10-15 06:00:00 - Cepu,16.14
2025-10-15 12:00:00 - Cepu,16.13
2025-10-15 18:00:00 - Cepu,16.145
2025-10-16 06:00:00 - Cepu,16.14
2025-10-16 12:00:00 - Cepu,16.13
2025-10-16 18:00:00 - Cepu,16.145
2025-10-17 06:00:00 - Cepu,16.14
2025-10-17 12:00:00 - Cepu,16.13
2025-10-17 18:00:00 - Cepu,16.145
2025-10-18 06:00:00 - Cepu,16.14
2025-10-18 12:00:00 - Cepu,16.13
2025-10-18 18:00:00 - Cepu,16.145
2025-10-19 06:00:00 - Cepu,16.14
2025-10-19 12:00:00 - Cepu,16.13
2025-10-19 18:00:00 - Cepu,16.145
2025-10-20 06:00:00 - Cepu,16.14
2025-10-20 12:00:00 - Cepu,16.13
2025-10-20 18:00:00 - Cepu,16.145
2025-10-21 06:00:00 - Cepu,16.14
2025-10-21 12:00:00 - Cepu,16.13
2025-10-21 18:00:00 - Cepu,16.145
2025-10-22 06:00:00 - Cepu,16.14
2025-10-22 12:00:00 - Cepu,16.13
2025-10-22 18:00:00 - Cepu,16.145
2025-10-23 06:00:00 - Cepu,16.14
2025-10-23 12:00:00 - Cepu,16.13
2025-10-23 18:00:00 - Cepu,16.145
2025-10-24 06:00:00 - Cepu,16.14
2025-10-24 12:00:00 - Cepu,16.13
2025-10-24 18:00:00 - Cepu,16.145
2025-10-25 06:00:00 - Cepu,16.14
2025-10-25 12:00:00 - Cepu,16.13
2025-10-25 18:00:00 - Cepu,16.145
2025-10-26 06:00:00 - Cepu,16.14
2025-10-26 12:00:00 - Cepu,16.13
2025-10-26 18:00:00 - Cepu,16.145
2025-10-27 06:00:00 - Cepu,16.14
2025-10-27 12:00:00 - Cepu,16.13
2025-10-27 18:00:00 - Cepu,16.145
2025-10-28 06:00:00 - Cepu,16.14
2025-10-28 12:00:00 - Cepu,16.13
2025-10-28 18:00:00 - Cepu,16.145
2025-10-29 06:00:00 - Cepu,16.14
2025-10-29 12:00:00 - Cepu,16.13
2025-10-29 18:00:00 - Cepu,16.145
2025-10-30 06:00:00 - Cepu,16.14
2025-10-30 12:00:00 - Cepu,16.13
2025-10-30 18:00:00 - Cepu,16.145
2025-10-31 06:00:00 - Cepu,16.14
2025-10-31 12:00:00 - Cepu,16.13
2025-10-31 18:00:00 - Cepu,16.145
2025-11-01 06:00:00 - Cepu,16.565
2025-11-01 12:00:00 - Cepu,16.615000000000002
2025-11-01 18:00:00 - Cepu,16.628821303370273
2025-11-02 06:00:00 - Cepu,16.565
2025-11-02 12:00:00 - Cepu,16.615000000000002
2025-11-02 18:00:00 - Cepu,16.628821303370273
2025-11-03 06:00:00 - Cepu,16.565
2025-11-03 12:00:00 - Cepu,16.615000000000002
2025-11-03 18:00:00 - Cepu,16.628821303370273
2025-11-04 06:00:00 - Cepu,16.565
2025-11-04 12:00:00 - Cepu,16.615000000000002
2025-11-04 18:00:00 - Cepu,16.628821303370273
2025-11-05 06:00:00 - Cepu,16.565
2025-11-05 12:00:00 - Cepu,16.615000000000002
2025-11-05 18:00:00 - Cepu,16.628821303370273
2025-11-06 06:00:00 - Cepu,16.565
2025-11-06 12:00:00 - Cepu,16.615000000000002
2025-11-06 18:00:00 - Cepu,16.628821303370273
2025-11-07 06:00:00 - Cepu,16.565
2025-11-07 12:00:00 - Cepu,16.615000000000002
2025-11-07 18:00:00 - Cepu,16.628821303370273
2025-11-08 06:00:00 - Cepu,16.565
2025-11-08 12:00:00 - Cepu,16.615000000000002
2025-11-08 18:00:00 - Cepu,16.628821303370273
2025-11-09 06:00:00 - Cepu,16.565
2025-11-09 12:00:00 - Cepu,16.615000000000002
2025-11-09 18:00:00 - Cepu,16.628821303370273
2025-11-10 06:00:00 - Cepu,16.565
2025-11-10 12:00:00 - Cepu,16.615000000000002
2025-11-10 18:00:00 - Cepu,16.628821303370273
2025-11-11 06:00:00 - Cepu,16.565
2025-11-11 12:00:00 - Cepu,16.615000000000002
2025-11-11 18:00:00 - Cepu,16.628821303370273
2025-11-12 06:00:00 - Cepu,16.565
2025-11-12 12:00:00 - Cepu,16.615000000000002
2025-11-12 18:00:00 - Cepu,16.628821303370273
2025-11-13 06:00:00 - Cepu,16.565
2025-11-13 12:00:00 - Cepu,16.615000000000002
2025-11-13 18:00:00 - Cepu,16.628821303370273
2025-11-14 06:00:00 - Cepu,16.565
2025-11-14 12:00:00 - Cepu,16.615000000000002
2025-11-14 18:00:00 - Cepu,16.628821303370273
2025-11-15 06:00:00 - Cepu,16.565
2025-11-15 12:00:00 - Cepu,16.615000000000002
2025-11-15 18:00:00 - Cepu,16.628821303370273
2025-11-16 06:00:00 - Cepu,16.565
2025-11-16 12:00:00 - Cepu,16.615000000000002
2025-11-16 18:00:00 - Cepu,16.628821303370273
2025-11-17 06:00:00 - Cepu,16.565
2025-11-17 12:00:00 - Cepu,16.615000000000002
2025-11-17 18:00:00 - Cepu,16.628821303370273
2025-11-18 06:00:00 - Cepu,16.565
2025-11-18 12:00:00 - Cepu,16.615000000000002
2025-11-18 18:00:00 - Cepu,16.628821303370273
2025-11-19 06:00:00 - Cepu,16.565
2025-11-19 12:00:00 - Cepu,16.615000000000002
2025-11-19 18:00:00 - Cepu,16.628821303370273
2025-11-20 06:00:00 - Cepu,16.565
2025-11-20 12:00:00 - Cepu,16.615000000000002
2025-11-20 18:00:00 - Cepu,16.628821303370273
2025-11-21 06:00:00 - Cepu,16.565
2025-11-21 12:00:00 - Cepu,16.615000000000002
2025-11-21 18:00:00 - Cepu,16.628821303370273
2025-11-22 06:00:00 - Cepu,16.565
2025-11-22 12:00:00 - Cepu,16.615000000000002
2025-11-22 18:00:00 - Cepu,16.628821303370273
2025-11-23 06:00:00 - Cepu,16.565
2025-11-23 12:00:00 - Cepu,16.615000000000002
2025-11-23 18:00:00 - Cepu,16.628821303370273
2025-11-24 06:00:00 - Cepu,16.565
2025-11-24 12:00:00 - Cepu,16.615000000000002
2025-11-24 18:00:00 - Cepu,16.628821303370273
2025-11-25 06:00:00 - Cepu,16.565
2025-11-25 12:00:00 - Cepu,16.615000000000002
2025-11-25 18:00:00 - Cepu,16.628821303370273
2025-11-26 06:00:00 - Cepu,16.565
2025-11-26 12:00:00 - Cepu,16.615000000000002
2025-11-26 18:00:00 - Cepu,16.628821303370273
2025-11-27 06:00:00 - Cepu,16.565
2025-11-27 12:00:00 - Cepu,16.615000000000002
2025-11-27 18:00:00 - Cepu,16.628821303370273
2025-11-28 06:00:00 - Cepu,16.565
2025-11-28 12:00:00 - Cepu,16.615000000000002
2025-11-28 18:00:00 - Cepu,16.628821303370273
2025-11-29 06:00:00 - Cepu,16.565
2025-11-29 12:00:00 - Cepu,16.615000000000002
2025-11-29 18:00:00 - Cepu,16.628821303370273
2025-11-30 06:00:00 - Cepu,16.565
2025-11-30 12:00:00 - Cepu,16.615000000000002
2025-11-30 18:00:00 - Cepu,16.628821303370273
2025-12-01 06:00:00 - Cepu,17.54
2025-12-01 12:00:00 - Cepu,17.765
2025-12-01 18:00:00 - Cepu,17.79
2025-12-02 06:00:00 - Cepu,17.54
2025-12-02 12:00:00 - Cepu,17.765
2025-12-02 18:00:00 - Cepu,17.79
2025-12-03 06:00:00 - Cepu,17.54
2025-12-03 12:00:00 - Cepu,17.765
2025-12-03 18:00:00 - Cepu,17.79
2025-12-04 06:00:00 - Cepu,17.54
2025-12-04 12:00:00 - Cepu,17.765
2025-12-04 18:00:00 - Cepu,17.79
2025-12-05 06:00:00 - Cepu,17.54
2025-12-05 12:00:00 - Cepu,17.765
2025-12-05 18:00:00 - Cepu,17.79
2025-12-06 06:00:00 - Cepu,17.54
2025-12-06 12:00:00 - Cepu,17.765
2025-12-06 18:00:00 - Cepu,17.79
2025-12-07 06:00:00 - Cepu,17.54
2025-12-07 12:00:00 - Cepu,17.765
2025-12-07 18:00:00 - Cepu,17.79
2025-12-08 06:00:00 - Cepu,17.54
2025-12-08 12:00:00 - Cepu,17.765
2025-12-08 18:00:00 - Cepu,17.79
2025-12-09 06:00:00 - Cepu,17.54
2025-12-09 12:00:00 - Cepu,17.765
2025-12-09 18:00:00 - Cepu,17.79
2025-12-10 06:00:00 - Cepu,17.54
2025-12-10 12:00:00 - Cepu,17.765
2025-12-10 18:00:00 - Cepu,17.79
2025-12-11 06:00:00 - Cepu,17.54
2025-12-11 12:00:00 - Cepu,17.765
2025-12-11 18:00:00 - Cepu,17.79
2025-12-12 06:00:00 - Cepu,17.54
2025-12-12 12:00:00 - Cepu,17.765
2025-12-12 18:00:00 - Cepu,17.79
2025-12-13 06:00:00 - Cepu,17.54
2025-12-13 12:00:00 - Cepu,17.765
2025-12-13 18:00:00 - Cepu,17.79
2025-12-14 06:00:00 - Cepu,17.54
2025-12-14 12:00:00 - Cepu,17.765
2025-12-14 18:00:00 - Cepu,17.79
2025-12-15 06:00:00 - Cepu,17.54
2025-12-15 12:00:00 - Cepu,17.765
2025-12-15 18:00:00 - Cepu,17.79
2025-12-16 06:00:00 - Cepu,17.54
2025-12-16 12:00:00 - Cepu,17.765
2025-12-16 18:00:00 - Cepu,17.79
2025-12-17 06:00:00 - Cepu,17.54
2025-12-17 12:00:00 - Cepu,17.765
2025-12-17 18:00:00 - Cepu,17.79
2025-12-18 06:00:00 - Cepu,17.54
2025-12-18 12:00:00 - Cepu,17.765
2025-12-18 18:00:00 - Cepu,17.79
2025-12-19 06:00:00 - Cepu,17.54
2025-12-19 12:00:00 - Cepu,17.765
2025-12-19 18:00:00 - Cepu,17.79
2025-12-20 06:00:00 - Cepu,17.54
2025-12-20 12:00:00 - Cepu,17.765
2025-12-20 18:00:00 - Cepu,17.79
2025-12-21 06:00:00 - Cepu,17.54
2025-12-21 12:00:00 - Cepu,17.765
2025-12-21 18:00:00 - Cepu,17.79
2025-12-22 06:00:00 - Cepu,17.54
2025-12-22 12:00:00 - Cepu,17.765
2025-12-22 18:00:00 - Cepu,17.79
2025-12-23 06:00:00 - Cepu,17.54
2025-12-23 12:00:00 - Cepu,17.765
2025-12-23 18:00:00 - Cepu,17.79
2025-12-24 06:00:00 - Cepu,17.54
2025-12-24 12:00:00 - Cepu,17.765
2025-12-24 18:00:00 - Cepu,17.79
2025-12-25 06:00:00 - Cepu,17.54
2025-12-25 12:00:00 - Cepu,17.765
2025-12-25 18:00:00 - Cepu,17.79
2025-12-26 06:00:00 - Cepu,17.54
2025-12-26 12:00:00 - Cepu,17.765
2025-12-26 18:00:00 - Cepu,17.79
2025-12-27 06:00:00 - Cepu,17.54
2025-12-27 12:00:00 - Cepu,17.765
2025-12-27 18:00:00 - Cepu,17.79
2025-12-28 06:00:00 - Cepu,17.54
2025-12-28 12:00:00 - Cepu,17.765
2025-12-28 18:00:00 - Cepu,17.79
2025-12-29 06:00:00 - Cepu,17.54
2025-12-29 12:00:00 - Cepu,17.765
2025-12-29 18:00:00 - Cepu,17.79
2025-12-30 06:00:00 - Cepu,17.54
2025-12-30 12:00:00 - Cepu,17.765
2025-12-30 18:00:00 - Cepu,17.79
2025-12-31 06:00:00 - Cepu,17.54
2025-12-31 12:00:00 - Cepu,17.765
2025-12-31 18:00:00 - Cepu,17.79
2026-01-01 06:00:00 - Cepu,18.23
2026-01-01 12:00:00 - Cepu,18.21
2026-01-01 18:00:00 - Cepu,18.15348341192914
2026-01-02 06:00:00 - Cepu,18.23
2026-01-02 12:00:00 - Cepu,18.21
2026-01-02 18:00:00 - Cepu,18.15348341192914
2026-01-03 06:00:00 - Cepu,18.23
2026-01-03 12:00:00 - Cepu,18.21
2026-01-03 18:00:00 - Cepu,18.15348341192914
2026-01-04 06:00:00 - Cepu,18.23
2026-01-04 12:00:00 - Cepu,18.21
2026-01-04 18:00:00 - Cepu,18.15348341192914
2026-01-05 06:00:00 - Cepu,18.23
2026-01-05 12:00:00 - Cepu,18.21
2026-01-05 18:00:00 - Cepu,18.15348341192914
2026-01-06 06:00:00 - Cepu,18.23
2026-01-06 12:00:00 - Cepu,18.21
2026-01-06 18:00:00 - Cepu,18.15348341192914
2026-01-07 06:00:00 - Cepu,18.23
2026-01-07 12:00:00 - Cepu,18.21
2026-01-07 18:00:00 - Cepu,18.15348341192914
2026-01-08 06:00:00 - Cepu,18.23
2026-01-08 12:00:00 - Cepu,18.21
2026-01-08 18:00:00 - Cepu,18.15348341192914
2026-01-09 06:00:00 - Cepu,18.23
2026-01-09 12:00:00 - Cepu,18.21
2026-01-09 18:00:00 - Cepu,18.15348341192914
2026-01-10 06:00:00 - Cepu,18.23
2026-01-10 12:00:00 - Cepu,18.21
2026-01-10 18:00:00 - Cepu,18.15348341192914
2026-01-11 06:00:00 - Cepu,18.23
2026-01-11 12:00:00 - Cepu,18.21
2026-01-11 18:00:00 - Cepu,18.15348341192914
2026-01-12 06:00:00 - Cepu,18.23
2026-01-12 12:00:00 - Cepu,18.21
2026-01-12 18:00:00 - Cepu,18.15348341192914
2026-01-13 06:00:00 - Cepu,18.23
2026-01-13 12:00:00 - Cepu,18.21
2026-01-13 18:00:00 - Cepu,18.15348341192914
2026-01-14 06:00:00 - Cepu,18.23
2026-01-14 12:00:00 - Cepu,18.21
2026-01-14 18:00:00 - Cepu,18.15348341192914
2026-01-15 06:00:00 - Cepu,18.23
2026-01-15 12:00:00 - Cepu,18.21
2026-01-15 18:00:00 - Cepu,18.15348341192914
2026-01-16 06:00:00 - Cepu,18.23
2026-01-16 12:00:00 - Cepu,18.21
2026-01-16 18:00:00 - Cepu,18.15348341192914
2026-01-17 06:00:00 - Cepu,18.23
2026-01-17 12:00:00 - Cepu,18.21
2026-01-17 18:00:00 - Cepu,18.15348341192914
2026-01-18 06:00:00 - Cepu,18.23
2026-01-18 12:00:00 - Cepu,18.21
2026-01-18 18:00:00 - Cepu,18.15348341192914
2026-01-19 06:00:00 - Cepu,18.23
2026-01-19 12:00:00 - Cepu,18.21
2026-01-19 18:00:00 - Cepu,18.15348341192914
2026-01-20 06:00:00 - Cepu,18.23
2026-01-20 12:00:00 - Cepu,18.21
2026-01-20 18:00:00 - Cepu,18.15348341192914
2026-01-21 06:00:00 - Cepu,18.23
2026-01-21 12:00:00 - Cepu,18.21
2026-01-21 18:00:00 - Cepu,18.15348341192914
2026-01-22 06:00:00 - Cepu,18.23
2026-01-22 12:00:00 - Cepu,18.21
2026-01-22 18:00:00 - Cepu,18.15348341192914
2026-01-23 06:00:00 - Cepu,18.23
2026-01-23 12:00:00 - Cepu,18.21
2026-01-23 18:00:00 - Cepu,18.15348341192914
2026-01-24 06:00:00 - Cepu,18.23
2026-01-24 12:00:00 - Cepu,18.21
2026-01-24 18:00:00 - Cepu,18.15348341192914
2026-01-25 06:00:00 - Cepu,18.23
2026-01-25 12:00:00 - Cepu,18.21
2026-01-25 18:00:00 - Cepu,18.15348341192914
2026-01-26 06:00:00 - Cepu,18.23
2026-01-26 12:00:00 - Cepu,18.21
2026-01-26 18:00:00 - Cepu,18.15348341192914
2026-01-27 06:00:00 - Cepu,18.23
2026-01-27 12:00:00 - Cepu,18.21
2026-01-27 18:00:00 - Cepu,18.15348341192914
2026-01-28 06:00:00 - Cepu,18.23
2026-01-28 12:00:00 - Cepu,18.21
2026-01-28 18:00:00 - Cepu,18.15348341192914
2026-01-29 06:00:00 - Cepu,18.23
2026-01-29 12:00:00 - Cepu,18.21
2026-01-29 18:00:00 - Cepu,18.15348341192914
2026-01-30 06:00:00 - Cepu,18.23
2026-01-30 12:00:00 - Cepu,18.21
2026-01-30 18:00:00 - Cepu,18.15348341192914
2026-01-31 06:00:00 - Cepu,18.23
2026-01-31 12:00:00 - Cepu,18.21
2026-01-31 18:00:00 - Cepu,18.15348341192914
2026-02-01 06:00:00 - Cepu,19.133449895718186
2026-02-01 12:00:00 - Cepu,19.2
2026-02-01 18:00:00 - Cepu,19.15084025522071
2026-02-02 06:00:00 - Cepu,19.133449895718186
2026-02-02 12:00:00 - Cepu,19.2
2026-02-02 18:00:00 - Cepu,19.15084025522071
2026-02-03 06:00:00 - Cepu,19.133449895718186
2026-02-03 12:00:00 - Cepu,19.2
2026-02-03 18:00:00 - Cepu,19.15084025522071
2026-02-04 06:00:00 - Cepu,19.133449895718186
2026-02-04 12:00:00 - Cepu,19.2
2026-02-04 18:00:00 - Cepu,19.15084025522071
2026-02-05 06:00:00 - Cepu,19.133449895718186
2026-02-05 12:00:00 - Cepu,19.2
2026-02-05 18:00:00 - Cepu,19.15084025522071
2026-02-06 06:00:00 - Cepu,19.133449895718186
2026-02-06 12:00:00 - Cepu,19.2
2026-02-06 18:00:00 - Cepu,19.15084025522071
2026-02-07 06:00:00 - Cepu,19.133449895718186
2026-02-07 12:00:00 - Cepu,19.2
2026-02-07 18:00:00 - Cepu,19.15084025522071
2026-02-08 06:00:00 - Cepu,19.133449895718186
2026-02-08 12:00:00 - Cepu,19.2
2026-02-08 18:00:00 - Cepu,19.15084025522071
2026-02-09 06:00:00 - Cepu,19.133449895718186
2026-02-09 12:00:00 - Cepu,19.2
2026-02-09 18:00:00 - Cepu,19.15084025522071
2026-02-10 06:00:00 - Cepu,19.133449895718186
2026-02-10 12:00:00 - Cepu,19.2
2026-02-10 18:00:00 - Cepu,19.15084025522071
2026-02-11 06:00:00 - Cepu,19.133449895718186
2026-02-11 12:00:00 - Cepu,19.2
2026-02-11 18:00:00 - Cepu,19.15084025522071
2026-02-12 06:00:00 - Cepu,19.133449895718186
2026-02-12 12:00:00 - Cepu,19.2
2026-02-12 18:00:00 - Cepu,19.15084025522071
2026-02-13 06:00:00 - Cepu,19.133449895718186
2026-02-13 12:00:00 - Cepu,19.2
2026-02-13 18:00:00 - Cepu,19.15084025522071
2026-02-14 06:00:00 - Cepu,19.133449895718186
2026-02-14 12:00:00 - Cepu,19.2
2026-02-14 18:00:00 - Cepu,19.15084025522071
2026-02-15 06:00:00 - Cepu,19.133449895718186
2026-02-15 12:00:00 - Cepu,19.2
2026-02-15 18:00:00 - Cepu,19.15084025522071
2026-02-16 06:00:00 - Cepu,19.133449895718186
2026-02-16 12:00:00 - Cepu,19.2
2026-02-16 18:00:00 - Cepu,19.15084025522071
2026-02-17 06:00:00 - Cepu,19.133449895718186
2026-02-17 12:00:00 - Cepu,19.2
2026-02-17 18:00:00 - Cepu,19.15084025522071
2026-02-18 06:00:00 - Cepu,19.133449895718186
2026-02-18 12:00:00 - Cepu,19.2
2026-02-18 18:00:00 - Cepu,19.15084025522071
2026-02-19 06:00:00 - Cepu,19.133449895718186
2026-02-19 12:00:00 - Cepu,19.2
2026-02-19 18:00:00 - Cepu,19.15084025522071
2026-02-20 06:00:00 - Cepu,19.133449895718186
2026-02-20 12:00:00 - Cepu,19.2
2026-02-20 18:00:00 - Cepu,19.15084025522071
2026-02-21 06:00:00 - Cepu,19.133449895718186
2026-02-21 12:00:00 - Cepu,19.2
2026-02-21 18:00:00 - Cepu,19.15084025522071
2026-02-22 06:00:00 - Cepu,19.133449895718186
2026-02-22 12:00:00 - Cepu,19.2
2026-02-22 18:00:00 - Cepu,19.15084025522071
2026-02-23 06:00:00 - Cepu,19.133449895718186
2026-02-23 12:00:00 - Cepu,19.2
2026-02-23 18:00:00 - Cepu,19.15084025522071
2026-02-24 06:00:00 - Cepu,19.133449895718186
2026-02-24 12:00:00 - Cepu,19.2
2026-02-24 18:00:00 - Cepu,19.15084025522071
2026-02-25 06:00:00 - Cepu,19.133449895718186
2026-02-25 12:00:00 - Cepu,19.2
2026-02-25 18:00:00 - Cepu,19.15084025522071
2026-02-26 06:00:00 - Cepu,19.133449895718186
2026-02-26 12:00:00 - Cepu,19.2
2026-02-26 18:00:00 - Cepu,19.15084025522071
2026-02-27 06:00:00 - Cepu,19.133449895718186
2026-02-27 12:00:00 - Cepu,19.2
2026-02-27 18:00:00 - Cepu,19.15084025522071
2026-02-28 06:00:00 - Cepu,19.133449895718186
2026-02-28 12:00:00 - Cepu,19.2
2026-02-28 18:00:00 - Cepu,19.15084025522071
2026-03-01 06:00:00 - Cepu,19.04862039980555
2026-03-01 12:00:00 - Cepu,19.05
2026-03-01 18:00:00 - Cepu,19.11
2026-03-02 06:00:00 - Cepu,19.04862039980555
2026-03-02 12:00:00 - Cepu,19.05
2026-03-02 18:00:00 - Cepu,19.11
2026-03-03 06:00:00 - Cepu,19.04862039980555
2026-03-03 12:00:00 - Cepu,19.05
2026-03-03 18:00:00 - Cepu,19.11
2026-03-04 06:00:00 - Cepu,19.04862039980555
2026-03-04 12:00:00 - Cepu,19.05
2026-03-04 18:00:00 - Cepu,19.11
2026-03-05 06:00:00 - Cepu,19.04862039980555
2026-03-05 12:00:00 - Cepu,19.05
2026-03-05 18:00:00 - Cepu,19.11
2026-03-06 06:00:00 - Cepu,19.04862039980555
2026-03-06 12:00:00 - Cepu,19.05
2026-03-06 18:00:00 - Cepu,19.11
2026-03-07 06:00:00 - Cepu,19.04862039980555
2026-03-07 12:00:00 - Cepu,19.05
2026-03-07 18:00:00 - Cepu,19.11
2026-03-08 06:00:00 - Cepu,19.04862039980555
2026-03-08 12:00:00 - Cepu,19.05
2026-03-08 18:00:00 - Cepu,19.11
2026-03-09 06:00:00 - Cepu,19.04862039980555
2026-03-09 12:00:00 - Cepu,19.05
2026-03-09 18:00:00 - Cepu,19.11
2026-03-10 06:00:00 - Cepu,19.04862039980555
2026-03-10 12:00:00 - Cepu,19.05
2026-03-10 18:00:00 - Cepu,19.11
2026-03-11 06:00:00 - Cepu,19.04862039980555
2026-03-11 12:00:00 - Cepu,19.05
2026-03-11 18:00:00 - Cepu,19.11
2026-03-12 06:00:00 - Cepu,19.04862039980555
2026-03-12 12:00:00 - Cepu,19.05
2026-03-12 18:00:00 - Cepu,19.11
2026-03-13 06:00:00 - Cepu,19.04862039980555
2026-03-13 12:00:00 - Cepu,19.05
2026-03-13 18:00:00 - Cepu,19.11
2026-03-14 06:00:00 - Cepu,19.04862039980555
2026-03-14 12:00:00 - Cepu,19.05
2026-03-14 18:00:00 - Cepu,19.11
2026-03-15 06:00:00 - Cepu,19.04862039980555
2026-03-15 12:00:00 - Cepu,19.05
2026-03-15 18:00:00 - Cepu,19.11
2026-03-16 06:00:00 - Cepu,19.04862039980555
2026-03-16 12:00:00 - Cepu,19.05
2026-03-16 18:00:00 - Cepu,19.11
2026-03-17 06:00:00 - Cepu,19.04862039980555
2026-03-17 12:00:00 - Cepu,19.05
2026-03-17 18:00:00 - Cepu,19.11
2026-03-18 06:00:00 - Cepu,19.04862039980555
2026-03-18 12:00:00 - Cepu,19.05
2026-03-18 18:00:00 - Cepu,19.11
2026-03-19 06:00:00 - Cepu,19.04862039980555
2026-03-19 12:00:00 - Cepu,19.05
2026-03-19 18:00:00 - Cepu,19.11
2026-03-20 06:00:00 - Cepu,19.04862039980555
2026-03-20 12:00:00 - Cepu,19.05
2026-03-20 18:00:00 - Cepu,19.11
2026-03-21 06:00:00 - Cepu,19.04862039980555
2026-03-21 12:00:00 - Cepu,19.05
2026-03-21 18:00:00 - Cepu,19.11
2026-03-22 06:00:00 - Cepu,19.04862039980555
2026-03-22 12:00:00 - Cepu,19.05
2026-03-22 18:00:00 - Cepu,19.11
2026-03-23 06:00:00 - Cepu,19.04862039980555
2026-03-23 12:00:00 - Cepu,19.05
2026-03-23 18:00:00 - Cepu,19.11
2026-03-24 06:00:00 - Cepu,19.04862039980555
2026-03-24 12:00:00 - Cepu,19.05
2026-03-24 18:00:00 - Cepu,19.11
2026-03-25 06:00:00 - Cepu,19.04862039980555
2026-03-25 12:00:00 - Cepu,19.05
2026-03-25 18:00:00 - Cepu,19.11
2026-03-26 06:00:00 - Cepu,19.04862039980555
2026-03-26 12:00:00 - Cepu,19.05
2026-03-26 18:00:00 - Cepu,19.11
2026-03-27 06:00:00 - Cepu,19.04862039980555
2026-03-27 12:00:00 - Cepu,19.05
2026-03-27 18:00:00 - Cepu,19.11
2026-03-28 06:00:00 - Cepu,19.04862039980555
2026-03-28 12:00:00 - Cepu,19.05
2026-03-28 18:00:00 - Cepu,19.11
2026-03-29 06:00:00 - Cepu,19.04862039980555
2026-03-29 12:00:00 - Cepu,19.05
2026-03-29 18:00:00 - Cepu,19.11
2026-03-30 06:00:00 - Cepu,19.04862039980555
2026-03-30 12:00:00 - Cepu,19.05
2026-03-30 18:00:00 - Cepu,19.11
2026-03-31 06:00:00 - Cepu,19.04862039980555
2026-03-31 12:00:00 - Cepu,19.05
2026-03-31 18:00:00 - Cepu,19.11
2026-04-01 06:00:00 - Cepu,18.009999999999998
2026-04-01 12:00:00 - Cepu,18.055
2026-04-01 18:00:00 - Cepu,17.959640681796586
2026-04-02 06:00:00 - Cepu,18.009999999999998
2026-04-02 12:00:00 - Cepu,18.055
2026-04-02 18:00:00 - Cepu,17.959640681796586
2026-04-03 06:00:00 - Cepu,18.009999999999998
2026-04-03 12:00:00 - Cepu,18.055
2026-04-03 18:00:00 - Cepu,17.959640681796586
2026-04-04 06:00:00 - Cepu,18.009999999999998
2026-04-04 12:00:00 - Cepu,18.055
2026-04-04 18:00:00 - Cepu,17.959640681796586
2026-04-05 06:00:00 - Cepu,18.009999999999998
2026-04-05 12:00:00 - Cepu,18.055
2026-04-05 18:00:00 - Cepu,17.959640681796586
2026-04-06 06:00:00 - Cepu,18.009999999999998
2026-04-06 12:00:00 - Cepu,18.055
2026-04-06 18:00:00 - Cepu,17.959640681796586
2026-04-07 06:00:00 - Cepu,18.009999999999998
2026-04-07 12:00:00 - Cepu,18.055
2026-04-07 18:00:00 - Cepu,17.959640681796586
2026-04-08 06:00:00 - Cepu,18.009999999999998
2026-04-08 12:00:00 - Cepu,18.055
2026-04-08 18:00:00 - Cepu,17.959640681796586
2026-04-09 06:00:00 - Cepu,18.009999999999998
2026-04-09 12:00:00 - Cepu,18.055
2026-04-09 18:00:00 - Cepu,17.959640681796586
2026-04-10 06:00:00 - Cepu,18.009999999999998
2026-04-10 12:00:00 - Cepu,18.055
2026-04-10 18:00:00 - Cepu,17.959640681796586
2026-04-11 06:00:00 - Cepu,18.009999999999998
2026-04-11 12:00:00 - Cepu,18.055
2026-04-11 18:00:00 - Cepu,17.959640681796586
2026-04-12 06:00:00 - Cepu,18.009999999999998
2026-04-12 12:00:00 - Cepu,18.055
2026-04-12 18:00:00 - Cepu,17.959640681796586
2026-04-13 06:00:00 - Cepu,18.009999999999998
2026-04-13 12:00:00 - Cepu,18.055
2026-04-13 18:00:00 - Cepu,17.959640681796586
2026-04-14 06:00:00 - Cepu,18.009999999999998
2026-04-14 12:00:00 - Cepu,18.055
2026-04-14 18:00:00 - Cepu,17.959640681796586
2026-04-15 06:00:00 - Cepu,18.009999999999998
2026-04-15 12:00:00 - Cepu,18.055
2026-04-15 18:00:00 - Cepu,17.959640681796586
2026-04-16 06:00:00 - Cepu,18.009999999999998
2026-04-16 12:00:00 - Cepu,18.055
2026-04-16 18:00:00 - Cepu,17.959640681796586
2026-04-17 06:00:00 - Cepu,18.009999999999998
2026-04-17 12:00:00 - Cepu,18.055
2026-04-17 18:00:00 - Cepu,17.959640681796586
2026-04-18 06:00:00 - Cepu,18.009999999999998
2026-04-18 12:00:00 - Cepu,18.055
2026-04-18 18:00:00 - Cepu,17.959640681796586
2026-04-19 06:00:00 - Cepu,18.009999999999998
2026-04-19 12:00:00 - Cepu,18.055
2026-04-19 18:00:00 - Cepu,17.959640681796586
2026-04-20 06:00:00 - Cepu,18.009999999999998
2026-04-20 12:00:00 - Cepu,18.055
2026-04-20 18:00:00 - Cepu,17.959640681796586
2026-04-21 06:00:00 - Cepu,18.009999999999998
2026-04-21 12:00:00 - Cepu,18.055
2026-04-21 18:00:00 - Cepu,17.959640681796586
2026-04-22 06:00:00 - Cepu,18.009999999999998
2026-04-22 12:00:00 - Cepu,18.055
2026-04-22 18:00:00 - Cepu,17.959640681796586
2026-04-23 06:00:00 - Cepu,18.009999999999998
2026-04-23 12:00:00 - Cepu,18.055
2026-04-23 18:00:00 - Cepu,17.959640681796586
2026-04-24 06:00:00 - Cepu,18.009999999999998
2026-04-24 12:00:00 - Cepu,18.055
2026-04-24 18:00:00 - Cepu,17.959640681796586
2026-04-25 06:00:00 - Cepu,18.009999999999998
2026-04-25 12:00:00 - Cepu,18.055
2026-04-25 18:00:00 - Cepu,17.959640681796586
2026-04-26 06:00:00 - Cepu,18.009999999999998
2026-04-26 12:00:00 - Cepu,18.055
2026-04-26 18:00:00 - Cepu,17.959640681796586
2026-04-27 06:00:00 - Cepu,18.009999999999998
2026-04-27 12:00:00 - Cepu,18.055
2026-04-27 18:00:00 - Cepu,17.959640681796586
2026-04-28 06:00:00 - Cepu,18.009999999999998
2026-04-28 12:00:00 - Cepu,18.055
2026-04-28 18:00:00 - Cepu,17.959640681796586
2026-04-29 06:00:00 - Cepu,18.009999999999998
2026-04-29 12:00:00 - Cepu,18.055
2026-04-29 18:00:00 - Cepu,17.959640681796586
2026-04-30 06:00:00 - Cepu,18.009999999999998
2026-04-30 12:00:00 - Cepu,18.055
2026-04-30 18:00:00 - Cepu,17.959640681796586
2026-05-01 06:00:00 - Cepu,17.185000000000002
2026-05-01 12:00:00 - Cepu,17.17834771259051
2026-05-01 18:00:00 - Cepu,17.2
2026-05-02 06:00:00 - Cepu,17.185000000000002
2026-05-02 12:00:00 - Cepu,17.17834771259051
2026-05-02 18:00:00 - Cepu,17.2
2026-05-03 06:00:00 - Cepu,17.185000000000002
2026-05-03 12:00:00 - Cepu,17.17834771259051
2026-05-03 18:00:00 - Cepu,17.2
2026-05-04 06:00:00 - Cepu,17.185000000000002
2026-05-04 12:00:00 - Cepu,17.17834771259051
2026-05-04 18:00:00 - Cepu,17.2
2026-05-05 06:00:00 - Cepu,17.185000000000002
2026-05-05 12:00:00 - Cepu,17.17834771259051
2026-05-05 18:00:00 - Cepu,17.2
2026-05-06 06:00:00 - Cepu,17.185000000000002
2026-05-06 12:00:00 - Cepu,17.17834771259051
2026-05-06 18:00:00 - Cepu,17.2
2026-05-07 06:00:00 - Cepu,17.185000000000002
2026-05-07 12:00:00 - Cepu,17.17834771259051
2026-05-07 18:00:00 - Cepu,17.2
2026-05-08 06:00:00 - Cepu,17.185000000000002
2026-05-08 12:00:00 - Cepu,17.17834771259051
2026-05-08 18:00:00 - Cepu,17.2
2026-05-09 06:00:00 - Cepu,17.185000000000002
2026-05-09 12:00:00 - Cepu,17.17834771259051
2026-05-09 18:00:00 - Cepu,17.2
2026-05-10 06:00:00 - Cepu,17.185000000000002
2026-05-10 12:00:00 - Cepu,17.17834771259051
2026-05-10 18:00:00 - Cepu,17.2
2026-05-11 06:00:00 - Cepu,17.185000000000002
2026-05-11 12:00:00 - Cepu,17.17834771259051
2026-05-11 18:00:00 - Cepu,17.2
2026-05-12 06:00:00 - Cepu,17.185000000000002
2026-05-12 12:00:00 - Cepu,17.17834771259051
2026-05-12 18:00:00 - Cepu,17.2
2026-05-13 06:00:00 - Cepu,17.185000000000002
2026-05-13 12:00:00 - Cepu,17.17834771259051
2026-05-13 18:00:00 - Cepu,17.2
2026-05-14 06:00:00 - Cepu,17.185000000000002
2026-05-14 12:00:00 - Cepu,17.17834771259051
2026-05-14 18:00:00 - Cepu,17.2
2026-05-15 06:00:00 - Cepu,17.185000000000002
2026-05-15 12:00:00 - Cepu,17.17834771259051
2026-05-15 18:00:00 - Cepu,17.2
2026-05-16 06:00:00 - Cepu,17.185000000000002
2026-05-16 12:00:00 - Cepu,17.17834771259051
2026-05-16 18:00:00 - Cepu,17.2
2026-05-17 06:00:00 - Cepu,17.185000000000002
2026-05-17 12:00:00 - Cepu,17.17834771259051
2026-05-17 18:00:00 - Cepu,17.2
2026-05-18 06:00:00 - Cepu,17.185000000000002
2026-05-18 12:00:00 - Cepu,17.17834771259051
2026-05-18 18:00:00 - Cepu,17.2
2025-09-19 06:00:00 - Colo Weir,107.77
2025-09-19 12:00:00 - Colo Weir,107.77
2025-09-19 18:00:00 - Colo Weir,107.755
2025-09-20 06:00:00 - Colo Weir,107.77
2025-09-20 12:00:00 - Colo Weir,107.77
2025-09-20 18:00:00 - Colo Weir,107.755
2025-09-21 06:00:00 - Colo Weir,107.77
2025-09-21 12:00:00 - Colo Weir,107.77
2025-09-21 18:00:00 - Colo Weir,107.755
2025-09-22 06:00:00 - Colo Weir,107.77
2025-09-22 12:00:00 - Colo Weir,107.77
2025-09-22 18:00:00 - Colo Weir,107.755
2025-09-23 06:00:00 - Colo Weir,107.77
2025-09-23 12:00:00 - Colo Weir,107.77
2025-09-23 18:00:00 - Colo Weir,107.755
2025-09-24 06:00:00 - Colo Weir,107.77
2025-09-24 12:00:00 - Colo Weir,107.77
2025-09-24 18:00:00 - Colo Weir,107.755
2025-09-25 06:00:00 - Colo Weir,107.77
2025-09-25 12:00:00 - Colo Weir,107.77
2025-09-25 18:00:00 - Colo Weir,107.755
2025-09-26 06:00:00 - Colo Weir,107.77
2025-09-26 12:00:00 - Colo Weir,107.77
2025-09-26 18:00:00 - Colo Weir,107.755
2025-09-27 06:00:00 - Colo Weir,107.77
2025-09-27 12:00:00 - Colo Weir,107.77
2025-09-27 18:00:00 - Colo Weir,107.755
2025-09-28 06:00:00 - Colo Weir,107.77
2025-09-28 12:00:00 - Colo Weir,107.77
2025-09-28 18:00:00 - Colo Weir,107.755
2025-09-29 06:00:00 - Colo Weir,107.77
2025-09-29 12:00:00 - Colo Weir,107.77
2025-09-29 18:00:00 - Colo Weir,107.755
2025-09-30 06:00:00 - Colo Weir,107.77
2025-09-30 12:00:00 - Colo Weir,107.77
2025-09-30 18:00:00 - Colo Weir,107.755
2025-10-01 06:00:00 - Colo Weir,107.00442146972114
2025-10-01 12:00:00 - Colo Weir,105.35
2025-10-01 18:00:00 - Colo Weir,105.35
2025-10-02 06:00:00 - Colo Weir,107.00442146972114
2025-10-02 12:00:00 - Colo Weir,105.35
2025-10-02 18:00:00 - Colo Weir,105.35
2025-10-03 06:00:00 - Colo Weir,107.00442146972114
2025-10-03 12:00:00 - Colo Weir,105.35
2025-10-03 18:00:00 - Colo Weir,105.35
2025-10-04 06:00:00 - Colo Weir,107.00442146972114
2025-10-04 12:00:00 - Colo Weir,105.35
2025-10-04 18:00:00 - Colo Weir,105.35
2025-10-05 06:00:00 - Colo Weir,107.00442146972114
2025-10-05 12:00:00 - Colo Weir,105.35
2025-10-05 18:00:00 - Colo Weir,105.35
2025-10-06 06:00:00 - Colo Weir,107.00442146972114
2025-10-06 12:00:00 - Colo Weir,105.35
2025-10-06 18:00:00 - Colo Weir,105.35
2025-10-07 06:00:00 - Colo Weir,107.00442146972114
2025-10-07 12:00:00 - Colo Weir,105.35
2025-10-07 18:00:00 - Colo Weir,105.35
2025-10-08 06:00:00 - Colo Weir,107.00442146972114
2025-10-08 12:00:00 - Colo Weir,105.35
2025-10-08 18:00:00 - Colo Weir,105.35
2025-10-09 06:00:00 - Colo Weir,107.00442146972114
2025-10-09 12:00:00 - Colo Weir,105.35
2025-10-09 18:00:00 - Colo Weir,105.35
2025-10-10 06:00:00 - Colo Weir,107.00442146972114
2025-10-10 12:00:00 - Colo Weir,105.35
2025-10-10 18:00:00 - Colo Weir,105.35
2025-10-11 06:00:00 - Colo Weir,107.00442146972114
2025-10-11 12:00:00 - Colo Weir,105.35
2025-10-11 18:00:00 - Colo Weir,105.35
2025-10-12 06:00:00 - Colo Weir,107.00442146972114
2025-10-12 12:00:00 - Colo Weir,105.35
2025-10-12 18:00:00 - Colo Weir,105.35
2025-10-13 06:00:00 - Colo Weir,107.00442146972114
2025-10-13 12:00:00 - Colo Weir,105.35
2025-10-13 18:00:00 - Colo Weir,105.35
2025-10-14 06:00:00 - Colo Weir,107.00442146972114
2025-10-14 12:00:00 - Colo Weir,105.35
2025-10-14 18:00:00 - Colo Weir,105.35
2025-10-15 06:00:00 - Colo Weir,107.00442146972114
2025-10-15 12:00:00 - Colo Weir,105.35
2025-10-15 18:00:00 - Colo Weir,105.35
2025-10-16 06:00:00 - Colo Weir,107.00442146972114
2025-10-16 12:00:00 - Colo Weir,105.35
2025-10-16 18:00:00 - Colo Weir,105.35
2025-10-17 06:00:00 - Colo Weir,107.00442146972114
2025-10-17 12:00:00 - Colo Weir,105.35
2025-10-17 18:00:00 - Colo Weir,105.35
2025-10-18 06:00:00 - Colo Weir,107.00442146972114
2025-10-18 12:00:00 - Colo Weir,105.35
2025-10-18 18:00:00 - Colo Weir,105.35
2025-10-19 06:00:00 - Colo Weir,107.00442146972114
2025-10-19 12:00:00 - Colo Weir,105.35
2025-10-19 18:00:00 - Colo Weir,105.35
2025-10-20 06:00:00 - Colo Weir,107.00442146972114
2025-10-20 12:00:00 - Colo Weir,105.35
2025-10-20 18:00:00 - Colo Weir,105.35
2025-10-21 06:00:00 - Colo Weir,107.00442146972114
2025-10-21 12:00:00 - Colo Weir,105.35
2025-10-21 18:00:00 - Colo Weir,105.35
2025-10-22 06:00:00 - Colo Weir,107.00442146972114
2025-10-22 12:00:00 - Colo Weir,105.35
2025-10-22 18:00:00 - Colo Weir,105.35
2025-10-23 06:00:00 - Colo Weir,107.00442146972114
2025-10-23 12:00:00 - Colo Weir,105.35
2025-10-23 18:00:00 - Colo Weir,105.35
2025-10-24 06:00:00 - Colo Weir,107.00442146972114
2025-10-24 12:00:00 - Colo Weir,105.35
2025-10-24 18:00:00 - Colo Weir,105.35
2025-10-25 06:00:00 - Colo Weir,107.00442146972114
2025-10-25 12:00:00 - Colo Weir,105.35
2025-10-25 18:00:00 - Colo Weir,105.35
2025-10-26 06:00:00 - Colo Weir,107.00442146972114
2025-10-26 12:00:00 - Colo Weir,105.35
2025-10-26 18:00:00 - Colo Weir,105.35
2025-10-27 06:00:00 - Colo Weir,107.00442146972114
2025-10-27 12:00:00 - Colo Weir,105.35
2025-10-27 18:00:00 - Colo Weir,105.35
2025-10-28 06:00:00 - Colo Weir,107.00442146972114
2025-10-28 12:00:00 - Colo Weir,105.35
2025-10-28 18:00:00 - Colo Weir,105.35
2025-10-29 06:00:00 - Colo Weir,107.00442146972114
2025-10-29 12:00:00 - Colo Weir,105.35
2025-10-29 18:00:00 - Colo Weir,105.35
2025-10-30 06:00:00 - Colo Weir,107.00442146972114
2025-10-30 12:00:00 - Colo Weir,105.35
2025-10-30 18:00:00 - Colo Weir,105.35
2025-10-31 06:00:00 - Colo Weir,107.00442146972114
2025-10-31 12:00:00 - Colo Weir,105.35
2025-10-31 18:00:00 - Colo Weir,105.35
2025-11-01 06:00:00 - Colo Weir,105.675
2025-11-01 12:00:00 - Colo Weir,105.875
2025-11-01 18:00:00 - Colo Weir,106.0967048113458
2025-11-02 06:00:00 - Colo Weir,105.675
2025-11-02 12:00:00 - Colo Weir,105.875
2025-11-02 18:00:00 - Colo Weir,106.0967048113458
2025-11-03 06:00:00 - Colo Weir,105.675
2025-11-03 12:00:00 - Colo Weir,105.875
2025-11-03 18:00:00 - Colo Weir,106.0967048113458
2025-11-04 06:00:00 - Colo Weir,105.675
2025-11-04 12:00:00 - Colo Weir,105.875
2025-11-04 18:00:00 - Colo Weir,106.0967048113458
2025-11-05 06:00:00 - Colo Weir,105.675
2025-11-05 12:00:00 - Colo Weir,105.875
2025-11-05 18:00:00 - Colo Weir,106.0967048113458
2025-11-06 06:00:00 - Colo Weir,105.675
2025-11-06 12:00:00 - Colo Weir,105.875
2025-11-06 18:00:00 - Colo Weir,106.0967048113458
2025-11-07 06:00:00 - Colo Weir,105.675
2025-11-07 12:00:00 - Colo Weir,105.875
2025-11-07 18:00:00 - Colo Weir,106.0967048113458
2025-11-08 06:00:00 - Colo Weir,105.675
2025-11-08 12:00:00 - Colo Weir,105.875
2025-11-08 18:00:00 - Colo Weir,106.0967048113458
2025-11-09 06:00:00 - Colo Weir,105.675
2025-11-09 12:00:00 - Colo Weir,105.875
2025-11-09 18:00:00 - Colo Weir,106.0967048113458
2025-11-10 06:00:00 - Colo Weir,105.675
2025-11-10 12:00:00 - Colo Weir,105.875
2025-11-10 18:00:00 - Colo Weir,106.0967048113458
2025-11-11 06:00:00 - Colo Weir,105.675
2025-11-11 12:00:00 - Colo Weir,105.875
2025-11-11 18:00:00 - Colo Weir,106.0967048113458
2025-11-12 06:00:00 - Colo Weir,105.675
2025-11-12 12:00:00 - Colo Weir,105.875
2025-11-12 18:00:00 - Colo Weir,106.0967048113458
2025-11-13 06:00:00 - Colo Weir,105.675
2025-11-13 12:00:00 - Colo Weir,105.875
2025-11-13 18:00:00 - Colo Weir,106.0967048113458
2025-11-14 06:00:00 - Colo Weir,105.675
2025-11-14 12:00:00 - Colo Weir,105.875
2025-11-14 18:00:00 - Colo Weir,106.0967048113458
2025-11-15 06:00:00 - Colo Weir,105.675
2025-11-15 12:00:00 - Colo Weir,105.875
2025-11-15 18:00:00 - Colo Weir,106.0967048113458
2025-11-16 06:00:00 - Colo Weir,105.675
2025-11-16 12:00:00 - Colo Weir,105.875
2025-11-16 18:00:00 - Colo Weir,106.0967048113458
2025-11-17 06:00:00 - Colo Weir,105.675
2025-11-17 12:00:00 - Colo Weir,105.875
2025-11-17 18:00:00 - Colo Weir,106.0967048113458
2025-11-18 06:00:00 - Colo Weir,105.675
2025-11-18 12:00:00 - Colo Weir,105.875
2025-11-18 18:00:00 - Colo Weir,106.0967048113458
2025-11-19 06:00:00 - Colo Weir,105.675
2025-11-19 12:00:00 - Colo Weir,105.875
2025-11-19 18:00:00 - Colo Weir,106.0967048113458
2025-11-20 06:00:00 - Colo Weir,105.675
2025-11-20 12:00:00 - Colo Weir,105.875
2025-11-20 18:00:00 - Colo Weir,106.0967048113458
2025-11-21 06:00:00 - Colo Weir,105.675
2025-11-21 12:00:00 - Colo Weir,105.875
2025-11-21 18:00:00 - Colo Weir,106.0967048113458
2025-11-22 06:00:00 - Colo Weir,105.675
2025-11-22 12:00:00 - Colo Weir,105.875
2025-11-22 18:00:00 - Colo Weir,106.0967048113458
2025-11-23 06:00:00 - Colo Weir,105.675
2025-11-23 12:00:00 - Colo Weir,105.875
2025-11-23 18:00:00 - Colo Weir,106.0967048113458
2025-11-24 06:00:00 - Colo Weir,105.675
2025-11-24 12:00:00 - Colo Weir,105.875
2025-11-24 18:00:00 - Colo Weir,106.0967048113458
2025-11-25 06:00:00 - Colo Weir,105.675
2025-11-25 12:00:00 - Colo Weir,105.875
2025-11-25 18:00:00 - Colo Weir,106.0967048113458
2025-11-26 06:00:00 - Colo Weir,105.675
2025-11-26 12:00:00 - Colo Weir,105.875
2025-11-26 18:00:00 - Colo Weir,106.0967048113458
2025-11-27 06:00:00 - Colo Weir,105.675
2025-11-27 12:00:00 - Colo Weir,105.875
2025-11-27 18:00:00 - Colo Weir,106.0967048113458
2025-11-28 06:00:00 - Colo Weir,105.675
2025-11-28 12:00:00 - Colo Weir,105.875
2025-11-28 18:00:00 - Colo Weir,106.0967048113458
2025-11-29 06:00:00 - Colo Weir,105.675
2025-11-29 12:00:00 - Colo Weir,105.875
2025-11-29 18:00:00 - Colo Weir,106.0967048113458
2025-11-30 06:00:00 - Colo Weir,105.675
2025-11-30 12:00:00 - Colo Weir,105.875
2025-11-30 18:00:00 - Colo Weir,106.0967048113458
2025-12-01 06:00:00 - Colo Weir,108.245
2025-12-01 12:00:00 - Colo Weir,108.22
2025-12-01 18:00:00 - Colo Weir,108.255
2025-12-02 06:00:00 - Colo Weir,108.245
2025-12-02 12:00:00 - Colo Weir,108.22
2025-12-02 18:00:00 - Colo Weir,108.255
2025-12-03 06:00:00 - Colo Weir,108.245
2025-12-03 12:00:00 - Colo Weir,108.22
2025-12-03 18:00:00 - Colo Weir,108.255
2025-12-04 06:00:00 - Colo Weir,108.245
2025-12-04 12:00:00 - Colo Weir,108.22
2025-12-04 18:00:00 - Colo Weir,108.255
2025-12-05 06:00:00 - Colo Weir,108.245
2025-12-05 12:00:00 - Colo Weir,108.22
2025-12-05 18:00:00 - Colo Weir,108.255
2025-12-06 06:00:00 - Colo Weir,108.245
2025-12-06 12:00:00 - Colo Weir,108.22
2025-12-06 18:00:00 - Colo Weir,108.255
2025-12-07 06:00:00 - Colo Weir,108.245
2025-12-07 12:00:00 - Colo Weir,108.22
2025-12-07 18:00:00 - Colo Weir,108.255
2025-12-08 06:00:00 - Colo Weir,108.245
2025-12-08 12:00:00 - Colo Weir,108.22
2025-12-08 18:00:00 - Colo Weir,108.255
2025-12-09 06:00:00 - Colo Weir,108.245
2025-12-09 12:00:00 - Colo Weir,108.22
2025-12-09 18:00:00 - Colo Weir,108.255
2025-12-10 06:00:00 - Colo Weir,108.245
2025-12-10 12:00:00 - Colo Weir,108.22
2025-12-10 18:00:00 - Colo Weir,108.255
2025-12-11 06:00:00 - Colo Weir,108.245
2025-12-11 12:00:00 - Colo Weir,108.22
2025-12-11 18:00:00 - Colo Weir,108.255
2025-12-12 06:00:00 - Colo Weir,108.245
2025-12-12 12:00:00 - Colo Weir,108.22
2025-12-12 18:00:00 - Colo Weir,108.255
2025-12-13 06:00:00 - Colo Weir,108.245
2025-12-13 12:00:00 - Colo Weir,108.22
2025-12-13 18:00:00 - Colo Weir,108.255
2025-12-14 06:00:00 - Colo Weir,108.245
2025-12-14 12:00:00 - Colo Weir,108.22
2025-12-14 18:00:00 - Colo Weir,108.255
2025-12-15 06:00:00 - Colo Weir,108.245
2025-12-15 12:00:00 - Colo Weir,108.22
2025-12-15 18:00:00 - Colo Weir,108.255
2025-12-16 06:00:00 - Colo Weir,108.245
2025-12-16 12:00:00 - Colo Weir,108.22
2025-12-16 18:00:00 - Colo Weir,108.255
2025-12-17 06:00:00 - Colo Weir,108.245
2025-12-17 12:00:00 - Colo Weir,108.22
2025-12-17 18:00:00 - Colo Weir,108.255
2025-12-18 06:00:00 - Colo Weir,108.245
2025-12-18 12:00:00 - Colo Weir,108.22
2025-12-18 18:00:00 - Colo Weir,108.255
2025-12-19 06:00:00 - Colo Weir,108.245
2025-12-19 12:00:00 - Colo Weir,108.22
2025-12-19 18:00:00 - Colo Weir,108.255
2025-12-20 06:00:00 - Colo Weir,108.245
2025-12-20 12:00:00 - Colo Weir,108.22
2025-12-20 18:00:00 - Colo Weir,108.255
2025-12-21 06:00:00 - Colo Weir,108.245
2025-12-21 12:00:00 - Colo Weir,108.22
2025-12-21 18:00:00 - Colo Weir,108.255
2025-12-22 06:00:00 - Colo Weir,108.245
2025-12-22 12:00:00 - Colo Weir,108.22
2025-12-22 18:00:00 - Colo Weir,108.255
2025-12-23 06:00:00 - Colo Weir,108.245
2025-12-23 12:00:00 - Colo Weir,108.22
2025-12-23 18:00:00 - Colo Weir,108.255
2025-12-24 06:00:00 - Colo Weir,108.245
2025-12-24 12:00:00 - Colo Weir,108.22
2025-12-24 18:00:00 - Colo Weir,108.255
2025-12-25 06:00:00 - Colo Weir,108.245
2025-12-25 12:00:00 - Colo Weir,108.22
2025-12-25 18:00:00 - Colo Weir,108.255
2025-12-26 06:00:00 - Colo Weir,108.245
2025-12-26 12:00:00 - Colo Weir,108.22
2025-12-26 18:00:00 - Colo Weir,108.255
2025-12-27 06:00:00 - Colo Weir,108.245
2025-12-27 12:00:00 - Colo Weir,108.22
2025-12-27 18:00:00 - Colo Weir,108.255
2025-12-28 06:00:00 - Colo Weir,108.245
2025-12-28 12:00:00 - Colo Weir,108.22
2025-12-28 18:00:00 - Colo Weir,108.255
2025-12-29 06:00:00 - Colo Weir,108.245
2025-12-29 12:00:00 - Colo Weir,108.22
2025-12-29 18:00:00 - Colo Weir,108.255
2025-12-30 06:00:00 - Colo Weir,108.245
2025-12-30 12:00:00 - Colo Weir,108.22
2025-12-30 18:00:00 - Colo Weir,108.255
2025-12-31 06:00:00 - Colo Weir,108.245
2025-12-31 12:00:00 - Colo Weir,108.22
2025-12-31 18:00:00 - Colo Weir,108.255
2026-01-01 06:00:00 - Colo Weir,108.22
2026-01-01 12:00:00 - Colo Weir,108.22
2026-01-01 18:00:00 - Colo Weir,108.24
2026-01-02 06:00:00 - Colo Weir,108.22
2026-01-02 12:00:00 - Colo Weir,108.22
2026-01-02 18:00:00 - Colo Weir,108.24
2026-01-03 06:00:00 - Colo Weir,108.22
2026-01-03 12:00:00 - Colo Weir,108.22
2026-01-03 18:00:00 - Colo Weir,108.24
2026-01-04 06:00:00 - Colo Weir,108.22
2026-01-04 12:00:00 - Colo Weir,108.22
2026-01-04 18:00:00 - Colo Weir,108.24
2026-01-05 06:00:00 - Colo Weir,108.22
2026-01-05 12:00:00 - Colo Weir,108.22
2026-01-05 18:00:00 - Colo Weir,108.24
2026-01-06 06:00:00 - Colo Weir,108.22
2026-01-06 12:00:00 - Colo Weir,108.22
2026-01-06 18:00:00 - Colo Weir,108.24
2026-01-07 06:00:00 - Colo Weir,108.22
2026-01-07 12:00:00 - Colo Weir,108.22
2026-01-07 18:00:00 - Colo Weir,108.24
2026-01-08 06:00:00 - Colo Weir,108.22
2026-01-08 12:00:00 - Colo Weir,108.22
2026-01-08 18:00:00 - Colo Weir,108.24
2026-01-09 06:00:00 - Colo Weir,108.22
2026-01-09 12:00:00 - Colo Weir,108.22
2026-01-09 18:00:00 - Colo Weir,108.24
2026-01-10 06:00:00 - Colo Weir,108.22
2026-01-10 12:00:00 - Colo Weir,108.22
2026-01-10 18:00:00 - Colo Weir,108.24
2026-01-11 06:00:00 - Colo Weir,108.22
2026-01-11 12:00:00 - Colo Weir,108.22
2026-01-11 18:00:00 - Colo Weir,108.24
2026-01-12 06:00:00 - Colo Weir,108.22
2026-01-12 12:00:00 - Colo Weir,108.22
2026-01-12 18:00:00 - Colo Weir,108.24
2026-01-13 06:00:00 - Colo Weir,108.22
2026-01-13 12:00:00 - Colo Weir,108.22
2026-01-13 18:00:00 - Colo Weir,108.24
2026-01-14 06:00:00 - Colo Weir,108.22
2026-01-14 12:00:00 - Colo Weir,108.22
2026-01-14 18:00:00 - Colo Weir,108.24
2026-01-15 06:00:00 - Colo Weir,108.22
2026-01-15 12:00:00 - Colo Weir,108.22
2026-01-15 18:00:00 - Colo Weir,108.24
2026-01-16 06:00:00 - Colo Weir,108.22
2026-01-16 12:00:00 - Colo Weir,108.22
2026-01-16 18:00:00 - Colo Weir,108.24
2026-01-17 06:00:00 - Colo Weir,108.22
2026-01-17 12:00:00 - Colo Weir,108.22
2026-01-17 18:00:00 - Colo Weir,108.24
2026-01-18 06:00:00 - Colo Weir,108.22
2026-01-18 12:00:00 - Colo Weir,108.22
2026-01-18 18:00:00 - Colo Weir,108.24
2026-01-19 06:00:00 - Colo Weir,108.22
2026-01-19 12:00:00 - Colo Weir,108.22
2026-01-19 18:00:00 - Colo Weir,108.24
2026-01-20 06:00:00 - Colo Weir,108.22
2026-01-20 12:00:00 - Colo Weir,108.22
2026-01-20 18:00:00 - Colo Weir,108.24
2026-01-21 06:00:00 - Colo Weir,108.22
2026-01-21 12:00:00 - Colo Weir,108.22
2026-01-21 18:00:00 - Colo Weir,108.24
2026-01-22 06:00:00 - Colo Weir,108.22
2026-01-22 12:00:00 - Colo Weir,108.22
2026-01-22 18:00:00 - Colo Weir,108.24
2026-01-23 06:00:00 - Colo Weir,108.22
2026-01-23 12:00:00 - Colo Weir,108.22
2026-01-23 18:00:00 - Colo Weir,108.24
2026-01-24 06:00:00 - Colo Weir,108.22
2026-01-24 12:00:00 - Colo Weir,108.22
2026-01-24 18:00:00 - Colo Weir,108.24
2026-01-25 06:00:00 - Colo Weir,108.22
2026-01-25 12:00:00 - Colo Weir,108.22
2026-01-25 18:00:00 - Colo Weir,108.24
2026-01-26 06:00:00 - Colo Weir,108.22
2026-01-26 12:00:00 - Colo Weir,108.22
2026-01-26 18:00:00 - Colo Weir,108.24
2026-01-27 06:00:00 - Colo Weir,108.22
2026-01-27 12:00:00 - Colo Weir,108.22
2026-01-27 18:00:00 - Colo Weir,108.24
2026-01-28 06:00:00 - Colo Weir,108.22
2026-01-28 12:00:00 - Colo Weir,108.22
2026-01-28 18:00:00 - Colo Weir,108.24
2026-01-29 06:00:00 - Colo Weir,108.22
2026-01-29 12:00:00 - Colo Weir,108.22
2026-01-29 18:00:00 - Colo Weir,108.24
2026-01-30 06:00:00 - Colo Weir,108.22
2026-01-30 12:00:00 - Colo Weir,108.22
2026-01-30 18:00:00 - Colo Weir,108.24
2026-01-31 06:00:00 - Colo Weir,108.22
2026-01-31 12:00:00 - Colo Weir,108.22
2026-01-31 18:00:00 - Colo Weir,108.24
2026-02-01 06:00:00 - Colo Weir,108.25
2026-02-01 12:00:00 - Colo Weir,108.205
2026-02-01 18:00:00 - Colo Weir,108.29
2026-02-02 06:00:00 - Colo Weir,108.25
2026-02-02 12:00:00 - Colo Weir,108.205
2026-02-02 18:00:00 - Colo Weir,108.29
2026-02-03 06:00:00 - Colo Weir,108.25
2026-02-03 12:00:00 - Colo Weir,108.205
2026-02-03 18:00:00 - Colo Weir,108.29
2026-02-04 06:00:00 - Colo Weir,108.25
2026-02-04 12:00:00 - Colo Weir,108.205
2026-02-04 18:00:00 - Colo Weir,108.29
2026-02-05 06:00:00 - Colo Weir,108.25
2026-02-05 12:00:00 - Colo Weir,108.205
2026-02-05 18:00:00 - Colo Weir,108.29
2026-02-06 06:00:00 - Colo Weir,108.25
2026-02-06 12:00:00 - Colo Weir,108.205
2026-02-06 18:00:00 - Colo Weir,108.29
2026-02-07 06:00:00 - Colo Weir,108.25
2026-02-07 12:00:00 - Colo Weir,108.205
2026-02-07 18:00:00 - Colo Weir,108.29
2026-02-08 06:00:00 - Colo Weir,108.25
2026-02-08 12:00:00 - Colo Weir,108.205
2026-02-08 18:00:00 - Colo Weir,108.29
2026-02-09 06:00:00 - Colo Weir,108.25
2026-02-09 12:00:00 - Colo Weir,108.205
2026-02-09 18:00:00 - Colo Weir,108.29
2026-02-10 06:00:00 - Colo Weir,108.25
2026-02-10 12:00:00 - Colo Weir,108.205
2026-02-10 18:00:00 - Colo Weir,108.29
2026-02-11 06:00:00 - Colo Weir,108.25
2026-02-11 12:00:00 - Colo Weir,108.205
2026-02-11 18:00:00 - Colo Weir,108.29
2026-02-12 06:00:00 - Colo Weir,108.25
2026-02-12 12:00:00 - Colo Weir,108.205
2026-02-12 18:00:00 - Colo Weir,108.29
2026-02-13 06:00:00 - Colo Weir,108.25
2026-02-13 12:00:00 - Colo Weir,108.205
2026-02-13 18:00:00 - Colo Weir,108.29
2026-02-14 06:00:00 - Colo Weir,108.25
2026-02-14 12:00:00 - Colo Weir,108.205
2026-02-14 18:00:00 - Colo Weir,108.29
2026-02-15 06:00:00 - Colo Weir,108.25
2026-02-15 12:00:00 - Colo Weir,108.205
2026-02-15 18:00:00 - Colo Weir,108.29
2026-02-16 06:00:00 - Colo Weir,108.25
2026-02-16 12:00:00 - Colo Weir,108.205
2026-02-16 18:00:00 - Colo Weir,108.29
2026-02-17 06:00:00 - Colo Weir,108.25
2026-02-17 12:00:00 - Colo Weir,108.205
2026-02-17 18:00:00 - Colo Weir,108.29
2026-02-18 06:00:00 - Colo Weir,108.25
2026-02-18 12:00:00 - Colo Weir,108.205
2026-02-18 18:00:00 - Colo Weir,108.29
2026-02-19 06:00:00 - Colo Weir,108.25
2026-02-19 12:00:00 - Colo Weir,108.205
2026-02-19 18:00:00 - Colo Weir,108.29
2026-02-20 06:00:00 - Colo Weir,108.25
2026-02-20 12:00:00 - Colo Weir,108.205
2026-02-20 18:00:00 - Colo Weir,108.29
2026-02-21 06:00:00 - Colo Weir,108.25
2026-02-21 12:00:00 - Colo Weir,108.205
2026-02-21 18:00:00 - Colo Weir,108.29
2026-02-22 06:00:00 - Colo Weir,108.25
2026-02-22 12:00:00 - Colo Weir,108.205
2026-02-22 18:00:00 - Colo Weir,108.29
2026-02-23 06:00:00 - Colo Weir,108.25
2026-02-23 12:00:00 - Colo Weir,108.205
2026-02-23 18:00:00 - Colo Weir,108.29
2026-02-24 06:00:00 - Colo Weir,108.25
2026-02-24 12:00:00 - Colo Weir,108.205
2026-02-24 18:00:00 - Colo Weir,108.29
2026-02-25 06:00:00 - Colo Weir,108.25
2026-02-25 12:00:00 - Colo Weir,108.205
2026-02-25 18:00:00 - Colo Weir,108.29
2026-02-26 06:00:00 - Colo Weir,108.25
2026-02-26 12:00:00 - Colo Weir,108.205
2026-02-26 18:00:00 - Colo Weir,108.29
2026-02-27 06:00:00 - Colo Weir,108.25
2026-02-27 12:00:00 - Colo Weir,108.205
2026-02-27 18:00:00 - Colo Weir,108.29
2026-02-28 06:00:00 - Colo Weir,108.25
2026-02-28 12:00:00 - Colo Weir,108.205
2026-02-28 18:00:00 - Colo Weir,108.29
2026-03-01 06:00:00 - Colo Weir,108.32
2026-03-01 12:00:00 - Colo Weir,108.31
2026-03-01 18:00:00 - Colo Weir,108.33
2026-03-02 06:00:00 - Colo Weir,108.32
2026-03-02 12:00:00 - Colo Weir,108.31
2026-03-02 18:00:00 - Colo Weir,108.33
2026-03-03 06:00:00 - Colo Weir,108.32
2026-03-03 12:00:00 - Colo Weir,108.31
2026-03-03 18:00:00 - Colo Weir,108.33
2026-03-04 06:00:00 - Colo Weir,108.32
2026-03-04 12:00:00 - Colo Weir,108.31
2026-03-04 18:00:00 - Colo Weir,108.33
2026-03-05 06:00:00 - Colo Weir,108.32
2026-03-05 12:00:00 - Colo Weir,108.31
2026-03-05 18:00:00 - Colo Weir,108.33
2026-03-06 06:00:00 - Colo Weir,108.32
2026-03-06 12:00:00 - Colo Weir,108.31
2026-03-06 18:00:00 - Colo Weir,108.33
2026-03-07 06:00:00 - Colo Weir,108.32
2026-03-07 12:00:00 - Colo Weir,108.31
2026-03-07 18:00:00 - Colo Weir,108.33
2026-03-08 06:00:00 - Colo Weir,108.32
2026-03-08 12:00:00 - Colo Weir,108.31
2026-03-08 18:00:00 - Colo Weir,108.33
2026-03-09 06:00:00 - Colo Weir,108.32
2026-03-09 12:00:00 - Colo Weir,108.31
2026-03-09 18:00:00 - Colo Weir,108.33
2026-03-10 06:00:00 - Colo Weir,108.32
2026-03-10 12:00:00 - Colo Weir,108.31
2026-03-10 18:00:00 - Colo Weir,108.33
2026-03-11 06:00:00 - Colo Weir,108.32
2026-03-11 12:00:00 - Colo Weir,108.31
2026-03-11 18:00:00 - Colo Weir,108.33
2026-03-12 06:00:00 - Colo Weir,108.32
2026-03-12 12:00:00 - Colo Weir,108.31
2026-03-12 18:00:00 - Colo Weir,108.33
2026-03-13 06:00:00 - Colo Weir,108.32
2026-03-13 12:00:00 - Colo Weir,108.31
2026-03-13 18:00:00 - Colo Weir,108.33
2026-03-14 06:00:00 - Colo Weir,108.32
2026-03-14 12:00:00 - Colo Weir,108.31
2026-03-14 18:00:00 - Colo Weir,108.33
2026-03-15 06:00:00 - Colo Weir,108.32
2026-03-15 12:00:00 - Colo Weir,108.31
2026-03-15 18:00:00 - Colo Weir,108.33
2026-03-16 06:00:00 - Colo Weir,108.32
2026-03-16 12:00:00 - Colo Weir,108.31
2026-03-16 18:00:00 - Colo Weir,108.33
2026-03-17 06:00:00 - Colo Weir,108.32
2026-03-17 12:00:00 - Colo Weir,108.31
2026-03-17 18:00:00 - Colo Weir,108.33
2026-03-18 06:00:00 - Colo Weir,108.32
2026-03-18 12:00:00 - Colo Weir,108.31
2026-03-18 18:00:00 - Colo Weir,108.33
2026-03-19 06:00:00 - Colo Weir,108.32
2026-03-19 12:00:00 - Colo Weir,108.31
2026-03-19 18:00:00 - Colo Weir,108.33
2026-03-20 06:00:00 - Colo Weir,108.32
2026-03-20 12:00:00 - Colo Weir,108.31
2026-03-20 18:00:00 - Colo Weir,108.33
2026-03-21 06:00:00 - Colo Weir,108.32
2026-03-21 12:00:00 - Colo Weir,108.31
2026-03-21 18:00:00 - Colo Weir,108.33
2026-03-22 06:00:00 - Colo Weir,108.32
2026-03-22 12:00:00 - Colo Weir,108.31
2026-03-22 18:00:00 - Colo Weir,108.33
2026-03-23 06:00:00 - Colo Weir,108.32
2026-03-23 12:00:00 - Colo Weir,108.31
2026-03-23 18:00:00 - Colo Weir,108.33
2026-03-24 06:00:00 - Colo Weir,108.32
2026-03-24 12:00:00 - Colo Weir,108.31
2026-03-24 18:00:00 - Colo Weir,108.33
2026-03-25 06:00:00 - Colo Weir,108.32
2026-03-25 12:00:00 - Colo Weir,108.31
2026-03-25 18:00:00 - Colo Weir,108.33
2026-03-26 06:00:00 - Colo Weir,108.32
2026-03-26 12:00:00 - Colo Weir,108.31
2026-03-26 18:00:00 - Colo Weir,108.33
2026-03-27 06:00:00 - Colo Weir,108.32
2026-03-27 12:00:00 - Colo Weir,108.31
2026-03-27 18:00:00 - Colo Weir,108.33
2026-03-28 06:00:00 - Colo Weir,108.32
2026-03-28 12:00:00 - Colo Weir,108.31
2026-03-28 18:00:00 - Colo Weir,108.33
2026-03-29 06:00:00 - Colo Weir,108.32
2026-03-29 12:00:00 - Colo Weir,108.31
2026-03-29 18:00:00 - Colo Weir,108.33
2026-03-30 06:00:00 - Colo Weir,108.32
2026-03-30 12:00:00 - Colo Weir,108.31
2026-03-30 18:00:00 - Colo Weir,108.33
2026-03-31 06:00:00 - Colo Weir,108.32
2026-03-31 12:00:00 - Colo Weir,108.31
2026-03-31 18:00:00 - Colo Weir,108.33
2026-04-01 06:00:00 - Colo Weir,108.15687339015207
2026-04-01 12:00:00 - Colo Weir,108.15
2026-04-01 18:00:00 - Colo Weir,108.155
2026-04-02 06:00:00 - Colo Weir,108.15687339015207
2026-04-02 12:00:00 - Colo Weir,108.15
2026-04-02 18:00:00 - Colo Weir,108.155
2026-04-03 06:00:00 - Colo Weir,108.15687339015207
2026-04-03 12:00:00 - Colo Weir,108.15
2026-04-03 18:00:00 - Colo Weir,108.155
2026-04-04 06:00:00 - Colo Weir,108.15687339015207
2026-04-04 12:00:00 - Colo Weir,108.15
2026-04-04 18:00:00 - Colo Weir,108.155
2026-04-05 06:00:00 - Colo Weir,108.15687339015207
2026-04-05 12:00:00 - Colo Weir,108.15
2026-04-05 18:00:00 - Colo Weir,108.155
2026-04-06 06:00:00 - Colo Weir,108.15687339015207
2026-04-06 12:00:00 - Colo Weir,108.15
2026-04-06 18:00:00 - Colo Weir,108.155
2026-04-07 06:00:00 - Colo Weir,108.15687339015207
2026-04-07 12:00:00 - Colo Weir,108.15
2026-04-07 18:00:00 - Colo Weir,108.155
2026-04-08 06:00:00 - Colo Weir,108.15687339015207
2026-04-08 12:00:00 - Colo Weir,108.15
2026-04-08 18:00:00 - Colo Weir,108.155
2026-04-09 06:00:00 - Colo Weir,108.15687339015207
2026-04-09 12:00:00 - Colo Weir,108.15
2026-04-09 18:00:00 - Colo Weir,108.155
2026-04-10 06:00:00 - Colo Weir,108.15687339015207
2026-04-10 12:00:00 - Colo Weir,108.15
2026-04-10 18:00:00 - Colo Weir,108.155
2026-04-11 06:00:00 - Colo Weir,108.15687339015207
2026-04-11 12:00:00 - Colo Weir,108.15
2026-04-11 18:00:00 - Colo Weir,108.155
2026-04-12 06:00:00 - Colo Weir,108.15687339015207
2026-04-12 12:00:00 - Colo Weir,108.15
2026-04-12 18:00:00 - Colo Weir,108.155
2026-04-13 06:00:00 - Colo Weir,108.15687339015207
2026-04-13 12:00:00 - Colo Weir,108.15
2026-04-13 18:00:00 - Colo Weir,108.155
2026-04-14 06:00:00 - Colo Weir,108.15687339015207
2026-04-14 12:00:00 - Colo Weir,108.15
2026-04-14 18:00:00 - Colo Weir,108.155
2026-04-15 06:00:00 - Colo Weir,108.15687339015207
2026-04-15 12:00:00 - Colo Weir,108.15
2026-04-15 18:00:00 - Colo Weir,108.155
2026-04-16 06:00:00 - Colo Weir,108.15687339015207
2026-04-16 12:00:00 - Colo Weir,108.15
2026-04-16 18:00:00 - Colo Weir,108.155
2026-04-17 06:00:00 - Colo Weir,108.15687339015207
2026-04-17 12:00:00 - Colo Weir,108.15
2026-04-17 18:00:00 - Colo Weir,108.155
2026-04-18 06:00:00 - Colo Weir,108.15687339015207
2026-04-18 12:00:00 - Colo Weir,108.15
2026-04-18 18:00:00 - Colo Weir,108.155
2026-04-19 06:00:00 - Colo Weir,108.15687339015207
2026-04-19 12:00:00 - Colo Weir,108.15
2026-04-19 18:00:00 - Colo Weir,108.155
2026-04-20 06:00:00 - Colo Weir,108.15687339015207
2026-04-20 12:00:00 - Colo Weir,108.15
2026-04-20 18:00:00 - Colo Weir,108.155
2026-04-21 06:00:00 - Colo Weir,108.15687339015207
2026-04-21 12:00:00 - Colo Weir,108.15
2026-04-21 18:00:00 - Colo Weir,108.155
2026-04-22 06:00:00 - Colo Weir,108.15687339015207
2026-04-22 12:00:00 - Colo Weir,108.15
2026-04-22 18:00:00 - Colo Weir,108.155
2026-04-23 06:00:00 - Colo Weir,108.15687339015207
2026-04-23 12:00:00 - Colo Weir,108.15
2026-04-23 18:00:00 - Colo Weir,108.155
2026-04-24 06:00:00 - Colo Weir,108.15687339015207
2026-04-24 12:00:00 - Colo Weir,108.15
2026-04-24 18:00:00 - Colo Weir,108.155
2026-04-25 06:00:00 - Colo Weir,108.15687339015207
2026-04-25 12:00:00 - Colo Weir,108.15
2026-04-25 18:00:00 - Colo Weir,108.155
2026-04-26 06:00:00 - Colo Weir,108.15687339015207
2026-04-26 12:00:00 - Colo Weir,108.15
2026-04-26 18:00:00 - Colo Weir,108.155
2026-04-27 06:00:00 - Colo Weir,108.15687339015207
2026-04-27 12:00:00 - Colo Weir,108.15
2026-04-27 18:00:00 - Colo Weir,108.155
2026-04-28 06:00:00 - Colo Weir,108.15687339015207
2026-04-28 12:00:00 - Colo Weir,108.15
2026-04-28 18:00:00 - Colo Weir,108.155
2026-04-29 06:00:00 - Colo Weir,108.15687339015207
2026-04-29 12:00:00 - Colo Weir,108.15
2026-04-29 18:00:00 - Colo Weir,108.155
2026-04-30 06:00:00 - Colo Weir,108.15687339015207
2026-04-30 12:00:00 - Colo Weir,108.15
2026-04-30 18:00:00 - Colo Weir,108.155
2026-05-01 06:00:00 - Colo Weir,108.12
2026-05-01 12:00:00 - Colo Weir,108.1
2026-05-01 18:00:00 - Colo Weir,108.11
2026-05-02 06:00:00 - Colo Weir,108.12
2026-05-02 12:00:00 - Colo Weir,108.1
2026-05-02 18:00:00 - Colo Weir,108.11
2026-05-03 06:00:00 - Colo Weir,108.12
2026-05-03 12:00:00 - Colo Weir,108.1
2026-05-03 18:00:00 - Colo Weir,108.11
2026-05-04 06:00:00 - Colo Weir,108.12
2026-05-04 12:00:00 - Colo Weir,108.1
2026-05-04 18:00:00 - Colo Weir,108.11
2026-05-05 06:00:00 - Colo Weir,108.12
2026-05-05 12:00:00 - Colo Weir,108.1
2026-05-05 18:00:00 - Colo Weir,108.11
2026-05-06 06:00:00 - Colo Weir,108.12
2026-05-06 12:00:00 - Colo Weir,108.1
2026-05-06 18:00:00 - Colo Weir,108.11
2026-05-07 06:00:00 - Colo Weir,108.12
2026-05-07 12:00:00 - Colo Weir,108.1
2026-05-07 18:00:00 - Colo Weir,108.11
2026-05-08 06:00:00 - Colo Weir,108.12
2026-05-08 12:00:00 - Colo Weir,108.1
2026-05-08 18:00:00 - Colo Weir,108.11
2026-05-09 06:00:00 - Colo Weir,108.12
2026-05-09 12:00:00 - Colo Weir,108.1
2026-05-09 18:00:00 - Colo Weir,108.11
2026-05-10 06:00:00 - Colo Weir,108.12
2026-05-10 12:00:00 - Colo Weir,108.1
2026-05-10 18:00:00 - Colo Weir,108.11
2026-05-11 06:00:00 - Colo Weir,108.12
2026-05-11 12:00:00 - Colo Weir,108.1
2026-05-11 18:00:00 - Colo Weir,108.11
2026-05-12 06:00:00 - Colo Weir,108.12
2026-05-12 12:00:00 - Colo Weir,108.1
2026-05-12 18:00:00 - Colo Weir,108.11
2026-05-13 06:00:00 - Colo Weir,108.12
2026-05-13 12:00:00 - Colo Weir,108.1
2026-05-13 18:00:00 - Colo Weir,108.11
2026-05-14 06:00:00 - Colo Weir,108.12
2026-05-14 12:00:00 - Colo Weir,108.1
2026-05-14 18:00:00 - Colo Weir,108.11
2026-05-15 06:00:00 - Colo Weir,108.12
2026-05-15 12:00:00 - Colo Weir,108.1
2026-05-15 18:00:00 - Colo Weir,108.11
2026-05-16 06:00:00 - Colo Weir,108.12
2026-05-16 12:00:00 - Colo Weir,108.1
2026-05-16 18:00:00 - Colo Weir,108.11
2026-05-17 06:00:00 - Colo Weir,108.12
2026-05-17 12:00:00 - Colo Weir,108.1
2026-05-17 18:00:00 - Colo Weir,108.11
2026-05-18 06:00:00 - Colo Weir,108.12
2026-05-18 12:00:00 - Colo Weir,108.1
2026-05-18 18:00:00 - Colo Weir,108.11
2025-09-19 06:00:00 - Floodway Bridge C,3.5
2025-09-19 12:00:00 - Floodway Bridge C,3.5
2025-09-19 18:00:00 - Floodway Bridge C,3.5
2025-09-20 06:00:00 - Floodway Bridge C,3.5
2025-09-20 12:00:00 - Floodway Bridge C,3.5
2025-09-20 18:00:00 - Floodway Bridge C,3.5
2025-09-21 06:00:00 - Floodway Bridge C,3.5
2025-09-21 12:00:00 - Floodway Bridge C,3.5
2025-09-21 18:00:00 - Floodway Bridge C,3.5
2025-09-22 06:00:00 - Floodway Bridge C,3.5
2025-09-22 12:00:00 - Floodway Bridge C,3.5
2025-09-22 18:00:00 - Floodway Bridge C,3.5
2025-09-23 06:00:00 - Floodway Bridge C,3.5
2025-09-23 12:00:00 - Floodway Bridge C,3.5
2025-09-23 18:00:00 - Floodway Bridge C,3.5
2025-09-24 06:00:00 - Floodway Bridge C,3.5
2025-09-24 12:00:00 - Floodway Bridge C,3.5
2025-09-24 18:00:00 - Floodway Bridge C,3.5
2025-09-25 06:00:00 - Floodway Bridge C,3.5
2025-09-25 12:00:00 - Floodway Bridge C,3.5
2025-09-25 18:00:00 - Floodway Bridge C,3.5
2025-09-26 06:00:00 - Floodway Bridge C,3.5
2025-09-26 12:00:00 - Floodway Bridge C,3.5
2025-09-26 18:00:00 - Floodway Bridge C,3.5
2025-09-27 06:00:00 - Floodway Bridge C,3.5
2025-09-27 12:00:00 - Floodway Bridge C,3.5
2025-09-27 18:00:00 - Floodway Bridge C,3.5
2025-09-28 06:00:00 - Floodway Bridge C,3.5
2025-09-28 12:00:00 - Floodway Bridge C,3.5
2025-09-28 18:00:00 - Floodway Bridge C,3.5
2025-09-29 06:00:00 - Floodway Bridge C,3.5
2025-09-29 12:00:00 - Floodway Bridge C,3.5
2025-09-29 18:00:00 - Floodway Bridge C,3.5
2025-09-30 06:00:00 - Floodway Bridge C,3.5
2025-09-30 12:00:00 - Floodway Bridge C,3.5
2025-09-30 18:00:00 - Floodway Bridge C,3.5
2025-10-01 06:00:00 - Floodway Bridge C,3.0
2025-10-01 12:00:00 - Floodway Bridge C,2.704412439383541
2025-10-01 18:00:00 - Floodway Bridge C,2.7
2025-10-02 06:00:00 - Floodway Bridge C,3.0
2025-10-02 12:00:00 - Floodway Bridge C,2.704412439383541
2025-10-02 18:00:00 - Floodway Bridge C,2.7
2025-10-03 06:00:00 - Floodway Bridge C,3.0
2025-10-03 12:00:00 - Floodway Bridge C,2.704412439383541
2025-10-03 18:00:00 - Floodway Bridge C,2.7
2025-10-04 06:00:00 - Floodway Bridge C,3.0
2025-10-04 12:00:00 - Floodway Bridge C,2.704412439383541
2025-10-04 18:00:00 - Floodway Bridge C,2.7
2025-10-05 06:00:00 - Floodway Bridge C,3.0
2025-10-05 12:00:00 - Floodway Bridge C,2.704412439383541
2025-10-05 18:00:00 - Floodway Bridge C,2.7
2025-10-06 06:00:00 - Floodway Bridge C,3.0
2025-10-06 12:00:00 - Floodway Bridge C,2.704412439383541
2025-10-06 18:00:00 - Floodway Bridge C,2.7
2025-10-07 06:00:00 - Floodway Bridge C,3.0
2025-10-07 12:00:00 - Floodway Bridge C,2.704412439383541
2025-10-07 18:00:00 - Floodway Bridge C,2.7
2025-10-08 06:00:00 - Floodway Bridge C,3.0
2025-10-08 12:00:00 - Floodway Bridge C,2.704412439383541
2025-10-08 18:00:00 - Floodway Bridge C,2.7
2025-10-09 06:00:00 - Floodway Bridge C,3.0
2025-10-09 12:00:00 - Floodway Bridge C,2.704412439383541
2025-10-09 18:00:00 - Floodway Bridge C,2.7
2025-10-10 06:00:00 - Floodway Bridge C,3.0
2025-10-10 12:00:00 - Floodway Bridge C,2.704412439383541
2025-10-10 18:00:00 - Floodway Bridge C,2.7
2025-10-11 06:00:00 - Floodway Bridge C,3.0
2025-10-11 12:00:00 - Floodway Bridge C,2.704412439383541
2025-10-11 18:00:00 - Floodway Bridge C,2.7
2025-10-12 06:00:00 - Floodway Bridge C,3.0
2025-10-12 12:00:00 - Floodway Bridge C,2.704412439383541
2025-10-12 18:00:00 - Floodway Bridge C,2.7
2025-10-13 06:00:00 - Floodway Bridge C,3.0
2025-10-13 12:00:00 - Floodway Bridge C,2.704412439383541
2025-10-13 18:00:00 - Floodway Bridge C,2.7
2025-10-14 06:00:00 - Floodway Bridge C,3.0
2025-10-14 12:00:00 - Floodway Bridge C,2.704412439383541
2025-10-14 18:00:00 - Floodway Bridge C,2.7
2025-10-15 06:00:00 - Floodway Bridge C,3.0
2025-10-15 12:00:00 - Floodway Bridge C,2.704412439383541
2025-10-15 18:00:00 - Floodway Bridge C,2.7
2025-10-16 06:00:00 - Floodway Bridge C,3.0
2025-10-16 12:00:00 - Floodway Bridge C,2.704412439383541
2025-10-16 18:00:00 - Floodway Bridge C,2.7
2025-10-17 06:00:00 - Floodway Bridge C,3.0
2025-10-17 12:00:00 - Floodway Bridge C,2.704412439383541
2025-10-17 18:00:00 - Floodway Bridge C,2.7
2025-10-18 06:00:00 - Floodway Bridge C,3.0
2025-10-18 12:00:00 - Floodway Bridge C,2.704412439383541
2025-10-18 18:00:00 - Floodway Bridge C,2.7
2025-10-19 06:00:00 - Floodway Bridge C,3.0
2025-10-19 12:00:00 - Floodway Bridge C,2.704412439383541
2025-10-19 18:00:00 - Floodway Bridge C,2.7
2025-10-20 06:00:00 - Floodway Bridge C,3.0
2025-10-20 12:00:00 - Floodway Bridge C,2.704412439383541
2025-10-20 18:00:00 - Floodway Bridge C,2.7
2025-10-21 06:00:00 - Floodway Bridge C,3.0
2025-10-21 12:00:00 - Floodway Bridge C,2.704412439383541
2025-10-21 18:00:00 - Floodway Bridge C,2.7
2025-10-22 06:00:00 - Floodway Bridge C,3.0
2025-10-22 12:00:00 - Floodway Bridge C,2.704412439383541
2025-10-22 18:00:00 - Floodway Bridge C,2.7
2025-10-23 06:00:00 - Floodway Bridge C,3.0
2025-10-23 12:00:00 - Floodway Bridge C,2.704412439383541
2025-10-23 18:00:00 - Floodway Bridge C,2.7
2025-10-24 06:00:00 - Floodway Bridge C,3.0
2025-10-24 12:00:00 - Floodway Bridge C,2.704412439383541
2025-10-24 18:00:00 - Floodway Bridge C,2.7
2025-10-25 06:00:00 - Floodway Bridge C,3.0
2025-10-25 12:00:00 - Floodway Bridge C,2.704412439383541
2025-10-25 18:00:00 - Floodway Bridge C,2.7
2025-10-26 06:00:00 - Floodway Bridge C,3.0
2025-10-26 12:00:00 - Floodway Bridge C,2.704412439383541
2025-10-26 18:00:00 - Floodway Bridge C,2.7
2025-10-27 06:00:00 - Floodway Bridge C,3.0
2025-10-27 12:00:00 - Floodway Bridge C,2.704412439383541
2025-10-27 18:00:00 - Floodway Bridge C,2.7
2025-10-28 06:00:00 - Floodway Bridge C,3.0
2025-10-28 12:00:00 - Floodway Bridge C,2.704412439383541
2025-10-28 18:00:00 - Floodway Bridge C,2.7
2025-10-29 06:00:00 - Floodway Bridge C,3.0
2025-10-29 12:00:00 - Floodway Bridge C,2.704412439383541
2025-10-29 18:00:00 - Floodway Bridge C,2.7
2025-10-30 06:00:00 - Floodway Bridge C,3.0
2025-10-30 12:00:00 - Floodway Bridge C,2.704412439383541
2025-10-30 18:00:00 - Floodway Bridge C,2.7
2025-10-31 06:00:00 - Floodway Bridge C,3.0
2025-10-31 12:00:00 - Floodway Bridge C,2.704412439383541
2025-10-31 18:00:00 - Floodway Bridge C,2.7
2025-11-01 06:00:00 - Floodway Bridge C,2.4
2025-11-01 12:00:00 - Floodway Bridge C,2.4
2025-11-01 18:00:00 - Floodway Bridge C,2.4
2025-11-02 06:00:00 - Floodway Bridge C,2.4
2025-11-02 12:00:00 - Floodway Bridge C,2.4
2025-11-02 18:00:00 - Floodway Bridge C,2.4
2025-11-03 06:00:00 - Floodway Bridge C,2.4
2025-11-03 12:00:00 - Floodway Bridge C,2.4
2025-11-03 18:00:00 - Floodway Bridge C,2.4
2025-11-04 06:00:00 - Floodway Bridge C,2.4
2025-11-04 12:00:00 - Floodway Bridge C,2.4
2025-11-04 18:00:00 - Floodway Bridge C,2.4
2025-11-05 06:00:00 - Floodway Bridge C,2.4
2025-11-05 12:00:00 - Floodway Bridge C,2.4
2025-11-05 18:00:00 - Floodway Bridge C,2.4
2025-11-06 06:00:00 - Floodway Bridge C,2.4
2025-11-06 12:00:00 - Floodway Bridge C,2.4
2025-11-06 18:00:00 - Floodway Bridge C,2.4
2025-11-07 06:00:00 - Floodway Bridge C,2.4
2025-11-07 12:00:00 - Floodway Bridge C,2.4
2025-11-07 18:00:00 - Floodway Bridge C,2.4
2025-11-08 06:00:00 - Floodway Bridge C,2.4
2025-11-08 12:00:00 - Floodway Bridge C,2.4
2025-11-08 18:00:00 - Floodway Bridge C,2.4
2025-11-09 06:00:00 - Floodway Bridge C,2.4
2025-11-09 12:00:00 - Floodway Bridge C,2.4
2025-11-09 18:00:00 - Floodway Bridge C,2.4
2025-11-10 06:00:00 - Floodway Bridge C,2.4
2025-11-10 12:00:00 - Floodway Bridge C,2.4
2025-11-10 18:00:00 - Floodway Bridge C,2.4
2025-11-11 06:00:00 - Floodway Bridge C,2.4
2025-11-11 12:00:00 - Floodway Bridge C,2.4
2025-11-11 18:00:00 - Floodway Bridge C,2.4
2025-11-12 06:00:00 - Floodway Bridge C,2.4
2025-11-12 12:00:00 - Floodway Bridge C,2.4
2025-11-12 18:00:00 - Floodway Bridge C,2.4
2025-11-13 06:00:00 - Floodway Bridge C,2.4
2025-11-13 12:00:00 - Floodway Bridge C,2.4
2025-11-13 18:00:00 - Floodway Bridge C,2.4
2025-11-14 06:00:00 - Floodway Bridge C,2.4
2025-11-14 12:00:00 - Floodway Bridge C,2.4
2025-11-14 18:00:00 - Floodway Bridge C,2.4
2025-11-15 06:00:00 - Floodway Bridge C,2.4
2025-11-15 12:00:00 - Floodway Bridge C,2.4
2025-11-15 18:00:00 - Floodway Bridge C,2.4
2025-11-16 06:00:00 - Floodway Bridge C,2.4
2025-11-16 12:00:00 - Floodway Bridge C,2.4
2025-11-16 18:00:00 - Floodway Bridge C,2.4
2025-11-17 06:00:00 - Floodway Bridge C,2.4
2025-11-17 12:00:00 - Floodway Bridge C,2.4
2025-11-17 18:00:00 - Floodway Bridge C,2.4
2025-11-18 06:00:00 - Floodway Bridge C,2.4
2025-11-18 12:00:00 - Floodway Bridge C,2.4
2025-11-18 18:00:00 - Floodway Bridge C,2.4
2025-11-19 06:00:00 - Floodway Bridge C,2.4
2025-11-19 12:00:00 - Floodway Bridge C,2.4
2025-11-19 18:00:00 - Floodway Bridge C,2.4
2025-11-20 06:00:00 - Floodway Bridge C,2.4
2025-11-20 12:00:00 - Floodway Bridge C,2.4
2025-11-20 18:00:00 - Floodway Bridge C,2.4
2025-11-21 06:00:00 - Floodway Bridge C,2.4
2025-11-21 12:00:00 - Floodway Bridge C,2.4
2025-11-21 18:00:00 - Floodway Bridge C,2.4
2025-11-22 06:00:00 - Floodway Bridge C,2.4
2025-11-22 12:00:00 - Floodway Bridge C,2.4
2025-11-22 18:00:00 - Floodway Bridge C,2.4
2025-11-23 06:00:00 - Floodway Bridge C,2.4
2025-11-23 12:00:00 - Floodway Bridge C,2.4
2025-11-23 18:00:00 - Floodway Bridge C,2.4
2025-11-24 06:00:00 - Floodway Bridge C,2.4
2025-11-24 12:00:00 - Floodway Bridge C,2.4
2025-11-24 18:00:00 - Floodway Bridge C,2.4
2025-11-25 06:00:00 - Floodway Bridge C,2.4
2025-11-25 12:00:00 - Floodway Bridge C,2.4
2025-11-25 18:00:00 - Floodway Bridge C,2.4
2025-11-26 06:00:00 - Floodway Bridge C,2.4
2025-11-26 12:00:00 - Floodway Bridge C,2.4
2025-11-26 18:00:00 - Floodway Bridge C,2.4
2025-11-27 06:00:00 - Floodway Bridge C,2.4
2025-11-27 12:00:00 - Floodway Bridge C,2.4
2025-11-27 18:00:00 - Floodway Bridge C,2.4
2025-11-28 06:00:00 - Floodway Bridge C,2.4
2025-11-28 12:00:00 - Floodway Bridge C,2.4
2025-11-28 18:00:00 - Floodway Bridge C,2.4
2025-11-29 06:00:00 - Floodway Bridge C,2.4
2025-11-29 12:00:00 - Floodway Bridge C,2.4
2025-11-29 18:00:00 - Floodway Bridge C,2.4
2025-11-30 06:00:00 - Floodway Bridge C,2.4
2025-11-30 12:00:00 - Floodway Bridge C,2.4
2025-11-30 18:00:00 - Floodway Bridge C,2.4
2025-12-01 06:00:00 - Floodway Bridge C,4.5
2025-12-01 12:00:00 - Floodway Bridge C,4.3
2025-12-01 18:00:00 - Floodway Bridge C,4.3
2025-12-02 06:00:00 - Floodway Bridge C,4.5
2025-12-02 12:00:00 - Floodway Bridge C,4.3
2025-12-02 18:00:00 - Floodway Bridge C,4.3
2025-12-03 06:00:00 - Floodway Bridge C,4.5
2025-12-03 12:00:00 - Floodway Bridge C,4.3
2025-12-03 18:00:00 - Floodway Bridge C,4.3
2025-12-04 06:00:00 - Floodway Bridge C,4.5
2025-12-04 12:00:00 - Floodway Bridge C,4.3
2025-12-04 18:00:00 - Floodway Bridge C,4.3
2025-12-05 06:00:00 - Floodway Bridge C,4.5
2025-12-05 12:00:00 - Floodway Bridge C,4.3
2025-12-05 18:00:00 - Floodway Bridge C,4.3
2025-12-06 06:00:00 - Floodway Bridge C,4.5
2025-12-06 12:00:00 - Floodway Bridge C,4.3
2025-12-06 18:00:00 - Floodway Bridge C,4.3
2025-12-07 06:00:00 - Floodway Bridge C,4.5
2025-12-07 12:00:00 - Floodway Bridge C,4.3
2025-12-07 18:00:00 - Floodway Bridge C,4.3
2025-12-08 06:00:00 - Floodway Bridge C,4.5
2025-12-08 12:00:00 - Floodway Bridge C,4.3
2025-12-08 18:00:00 - Floodway Bridge C,4.3
2025-12-09 06:00:00 - Floodway Bridge C,4.5
2025-12-09 12:00:00 - Floodway Bridge C,4.3
2025-12-09 18:00:00 - Floodway Bridge C,4.3
2025-12-10 06:00:00 - Floodway Bridge C,4.5
2025-12-10 12:00:00 - Floodway Bridge C,4.3
2025-12-10 18:00:00 - Floodway Bridge C,4.3
2025-12-11 06:00:00 - Floodway Bridge C,4.5
2025-12-11 12:00:00 - Floodway Bridge C,4.3
2025-12-11 18:00:00 - Floodway Bridge C,4.3
2025-12-12 06:00:00 - Floodway Bridge C,4.5
2025-12-12 12:00:00 - Floodway Bridge C,4.3
2025-12-12 18:00:00 - Floodway Bridge C,4.3
2025-12-13 06:00:00 - Floodway Bridge C,4.5
2025-12-13 12:00:00 - Floodway Bridge C,4.3
2025-12-13 18:00:00 - Floodway Bridge C,4.3
2025-12-14 06:00:00 - Floodway Bridge C,4.5
2025-12-14 12:00:00 - Floodway Bridge C,4.3
2025-12-14 18:00:00 - Floodway Bridge C,4.3
2025-12-15 06:00:00 - Floodway Bridge C,4.5
2025-12-15 12:00:00 - Floodway Bridge C,4.3
2025-12-15 18:00:00 - Floodway Bridge C,4.3
2025-12-16 06:00:00 - Floodway Bridge C,4.5
2025-12-16 12:00:00 - Floodway Bridge C,4.3
2025-12-16 18:00:00 - Floodway Bridge C,4.3
2025-12-17 06:00:00 - Floodway Bridge C,4.5
2025-12-17 12:00:00 - Floodway Bridge C,4.3
2025-12-17 18:00:00 - Floodway Bridge C,4.3
2025-12-18 06:00:00 - Floodway Bridge C,4.5
2025-12-18 12:00:00 - Floodway Bridge C,4.3
2025-12-18 18:00:00 - Floodway Bridge C,4.3
2025-12-19 06:00:00 - Floodway Bridge C,4.5
2025-12-19 12:00:00 - Floodway Bridge C,4.3
2025-12-19 18:00:00 - Floodway Bridge C,4.3
2025-12-20 06:00:00 - Floodway Bridge C,4.5
2025-12-20 12:00:00 - Floodway Bridge C,4.3
2025-12-20 18:00:00 - Floodway Bridge C,4.3
2025-12-21 06:00:00 - Floodway Bridge C,4.5
2025-12-21 12:00:00 - Floodway Bridge C,4.3
2025-12-21 18:00:00 - Floodway Bridge C,4.3
2025-12-22 06:00:00 - Floodway Bridge C,4.5
2025-12-22 12:00:00 - Floodway Bridge C,4.3
2025-12-22 18:00:00 - Floodway Bridge C,4.3
2025-12-23 06:00:00 - Floodway Bridge C,4.5
2025-12-23 12:00:00 - Floodway Bridge C,4.3
2025-12-23 18:00:00 - Floodway Bridge C,4.3
2025-12-24 06:00:00 - Floodway Bridge C,4.5
2025-12-24 12:00:00 - Floodway Bridge C,4.3
2025-12-24 18:00:00 - Floodway Bridge C,4.3
2025-12-25 06:00:00 - Floodway Bridge C,4.5
2025-12-25 12:00:00 - Floodway Bridge C,4.3
2025-12-25 18:00:00 - Floodway Bridge C,4.3
2025-12-26 06:00:00 - Floodway Bridge C,4.5
2025-12-26 12:00:00 - Floodway Bridge C,4.3
2025-12-26 18:00:00 - Floodway Bridge C,4.3
2025-12-27 06:00:00 - Floodway Bridge C,4.5
2025-12-27 12:00:00 - Floodway Bridge C,4.3
2025-12-27 18:00:00 - Floodway Bridge C,4.3
2025-12-28 06:00:00 - Floodway Bridge C,4.5
2025-12-28 12:00:00 - Floodway Bridge C,4.3
2025-12-28 18:00:00 - Floodway Bridge C,4.3
2025-12-29 06:00:00 - Floodway Bridge C,4.5
2025-12-29 12:00:00 - Floodway Bridge C,4.3
2025-12-29 18:00:00 - Floodway Bridge C,4.3
2025-12-30 06:00:00 - Floodway Bridge C,4.5
2025-12-30 12:00:00 - Floodway Bridge C,4.3
2025-12-30 18:00:00 - Floodway Bridge C,4.3
2025-12-31 06:00:00 - Floodway Bridge C,4.5
2025-12-31 12:00:00 - Floodway Bridge C,4.3
2025-12-31 18:00:00 - Floodway Bridge C,4.3
2026-01-01 06:00:00 - Floodway Bridge C,3.285
2026-01-01 12:00:00 - Floodway Bridge C,3.29
2026-01-01 18:00:00 - Floodway Bridge C,3.29
2026-01-02 06:00:00 - Floodway Bridge C,3.285
2026-01-02 12:00:00 - Floodway Bridge C,3.29
2026-01-02 18:00:00 - Floodway Bridge C,3.29
2026-01-03 06:00:00 - Floodway Bridge C,3.285
2026-01-03 12:00:00 - Floodway Bridge C,3.29
2026-01-03 18:00:00 - Floodway Bridge C,3.29
2026-01-04 06:00:00 - Floodway Bridge C,3.285
2026-01-04 12:00:00 - Floodway Bridge C,3.29
2026-01-04 18:00:00 - Floodway Bridge C,3.29
2026-01-05 06:00:00 - Floodway Bridge C,3.285
2026-01-05 12:00:00 - Floodway Bridge C,3.29
2026-01-05 18:00:00 - Floodway Bridge C,3.29
2026-01-06 06:00:00 - Floodway Bridge C,3.285
2026-01-06 12:00:00 - Floodway Bridge C,3.29
2026-01-06 18:00:00 - Floodway Bridge C,3.29
2026-01-07 06:00:00 - Floodway Bridge C,3.285
2026-01-07 12:00:00 - Floodway Bridge C,3.29
2026-01-07 18:00:00 - Floodway Bridge C,3.29
2026-01-08 06:00:00 - Floodway Bridge C,3.285
2026-01-08 12:00:00 - Floodway Bridge C,3.29
2026-01-08 18:00:00 - Floodway Bridge C,3.29
2026-01-09 06:00:00 - Floodway Bridge C,3.285
2026-01-09 12:00:00 - Floodway Bridge C,3.29
2026-01-09 18:00:00 - Floodway Bridge C,3.29
2026-01-10 06:00:00 - Floodway Bridge C,3.285
2026-01-10 12:00:00 - Floodway Bridge C,3.29
2026-01-10 18:00:00 - Floodway Bridge C,3.29
2026-01-11 06:00:00 - Floodway Bridge C,3.285
2026-01-11 12:00:00 - Floodway Bridge C,3.29
2026-01-11 18:00:00 - Floodway Bridge C,3.29
2026-01-12 06:00:00 - Floodway Bridge C,3.285
2026-01-12 12:00:00 - Floodway Bridge C,3.29
2026-01-12 18:00:00 - Floodway Bridge C,3.29
2026-01-13 06:00:00 - Floodway Bridge C,3.285
2026-01-13 12:00:00 - Floodway Bridge C,3.29
2026-01-13 18:00:00 - Floodway Bridge C,3.29
2026-01-14 06:00:00 - Floodway Bridge C,3.285
2026-01-14 12:00:00 - Floodway Bridge C,3.29
2026-01-14 18:00:00 - Floodway Bridge C,3.29
2026-01-15 06:00:00 - Floodway Bridge C,3.285
2026-01-15 12:00:00 - Floodway Bridge C,3.29
2026-01-15 18:00:00 - Floodway Bridge C,3.29
2026-01-16 06:00:00 - Floodway Bridge C,3.285
2026-01-16 12:00:00 - Floodway Bridge C,3.29
2026-01-16 18:00:00 - Floodway Bridge C,3.29
2026-01-17 06:00:00 - Floodway Bridge C,3.285
2026-01-17 12:00:00 - Floodway Bridge C,3.29
2026-01-17 18:00:00 - Floodway Bridge C,3.29
2026-01-18 06:00:00 - Floodway Bridge C,3.285
2026-01-18 12:00:00 - Floodway Bridge C,3.29
2026-01-18 18:00:00 - Floodway Bridge C,3.29
2026-01-19 06:00:00 - Floodway Bridge C,3.285
2026-01-19 12:00:00 - Floodway Bridge C,3.29
2026-01-19 18:00:00 - Floodway Bridge C,3.29
2026-01-20 06:00:00 - Floodway Bridge C,3.285
2026-01-20 12:00:00 - Floodway Bridge C,3.29
2026-01-20 18:00:00 - Floodway Bridge C,3.29
2026-01-21 06:00:00 - Floodway Bridge C,3.285
2026-01-21 12:00:00 - Floodway Bridge C,3.29
2026-01-21 18:00:00 - Floodway Bridge C,3.29
2026-01-22 06:00:00 - Floodway Bridge C,3.285
2026-01-22 12:00:00 - Floodway Bridge C,3.29
2026-01-22 18:00:00 - Floodway Bridge C,3.29
2026-01-23 06:00:00 - Floodway Bridge C,3.285
2026-01-23 12:00:00 - Floodway Bridge C,3.29
2026-01-23 18:00:00 - Floodway Bridge C,3.29
2026-01-24 06:00:00 - Floodway Bridge C,3.285
2026-01-24 12:00:00 - Floodway Bridge C,3.29
2026-01-24 18:00:00 - Floodway Bridge C,3.29
2026-01-25 06:00:00 - Floodway Bridge C,3.285
2026-01-25 12:00:00 - Floodway Bridge C,3.29
2026-01-25 18:00:00 - Floodway Bridge C,3.29
2026-01-26 06:00:00 - Floodway Bridge C,3.285
2026-01-26 12:00:00 - Floodway Bridge C,3.29
2026-01-26 18:00:00 - Floodway Bridge C,3.29
2026-01-27 06:00:00 - Floodway Bridge C,3.285
2026-01-27 12:00:00 - Floodway Bridge C,3.29
2026-01-27 18:00:00 - Floodway Bridge C,3.29
2026-01-28 06:00:00 - Floodway Bridge C,3.285
2026-01-28 12:00:00 - Floodway Bridge C,3.29
2026-01-28 18:00:00 - Floodway Bridge C,3.29
2026-01-29 06:00:00 - Floodway Bridge C,3.285
2026-01-29 12:00:00 - Floodway Bridge C,3.29
2026-01-29 18:00:00 - Floodway Bridge C,3.29
2026-01-30 06:00:00 - Floodway Bridge C,3.285
2026-01-30 12:00:00 - Floodway Bridge C,3.29
2026-01-30 18:00:00 - Floodway Bridge C,3.29
2026-01-31 06:00:00 - Floodway Bridge C,3.285
2026-01-31 12:00:00 - Floodway Bridge C,3.29
2026-01-31 18:00:00 - Floodway Bridge C,3.29
2026-02-01 06:00:00 - Floodway Bridge C,4.396660132420643
2026-02-01 12:00:00 - Floodway Bridge C,4.3
2026-02-01 18:00:00 - Floodway Bridge C,4.421355678429208
2026-02-02 06:00:00 - Floodway Bridge C,4.396660132420643
2026-02-02 12:00:00 - Floodway Bridge C,4.3
2026-02-02 18:00:00 - Floodway Bridge C,4.421355678429208
2026-02-03 06:00:00 - Floodway Bridge C,4.396660132420643
2026-02-03 12:00:00 - Floodway Bridge C,4.3
2026-02-03 18:00:00 - Floodway Bridge C,4.421355678429208
2026-02-04 06:00:00 - Floodway Bridge C,4.396660132420643
2026-02-04 12:00:00 - Floodway Bridge C,4.3
2026-02-04 18:00:00 - Floodway Bridge C,4.421355678429208
2026-02-05 06:00:00 - Floodway Bridge C,4.396660132420643
2026-02-05 12:00:00 - Floodway Bridge C,4.3
2026-02-05 18:00:00 - Floodway Bridge C,4.421355678429208
2026-02-06 06:00:00 - Floodway Bridge C,4.396660132420643
2026-02-06 12:00:00 - Floodway Bridge C,4.3
2026-02-06 18:00:00 - Floodway Bridge C,4.421355678429208
2026-02-07 06:00:00 - Floodway Bridge C,4.396660132420643
2026-02-07 12:00:00 - Floodway Bridge C,4.3
2026-02-07 18:00:00 - Floodway Bridge C,4.421355678429208
2026-02-08 06:00:00 - Floodway Bridge C,4.396660132420643
2026-02-08 12:00:00 - Floodway Bridge C,4.3
2026-02-08 18:00:00 - Floodway Bridge C,4.421355678429208
2026-02-09 06:00:00 - Floodway Bridge C,4.396660132420643
2026-02-09 12:00:00 - Floodway Bridge C,4.3
2026-02-09 18:00:00 - Floodway Bridge C,4.421355678429208
2026-02-10 06:00:00 - Floodway Bridge C,4.396660132420643
2026-02-10 12:00:00 - Floodway Bridge C,4.3
2026-02-10 18:00:00 - Floodway Bridge C,4.421355678429208
2026-02-11 06:00:00 - Floodway Bridge C,4.396660132420643
2026-02-11 12:00:00 - Floodway Bridge C,4.3
2026-02-11 18:00:00 - Floodway Bridge C,4.421355678429208
2026-02-12 06:00:00 - Floodway Bridge C,4.396660132420643
2026-02-12 12:00:00 - Floodway Bridge C,4.3
2026-02-12 18:00:00 - Floodway Bridge C,4.421355678429208
2026-02-13 06:00:00 - Floodway Bridge C,4.396660132420643
2026-02-13 12:00:00 - Floodway Bridge C,4.3
2026-02-13 18:00:00 - Floodway Bridge C,4.421355678429208
2026-02-14 06:00:00 - Floodway Bridge C,4.396660132420643
2026-02-14 12:00:00 - Floodway Bridge C,4.3
2026-02-14 18:00:00 - Floodway Bridge C,4.421355678429208
2026-02-15 06:00:00 - Floodway Bridge C,4.396660132420643
2026-02-15 12:00:00 - Floodway Bridge C,4.3
2026-02-15 18:00:00 - Floodway Bridge C,4.421355678429208
2026-02-16 06:00:00 - Floodway Bridge C,4.396660132420643
2026-02-16 12:00:00 - Floodway Bridge C,4.3
2026-02-16 18:00:00 - Floodway Bridge C,4.421355678429208
2026-02-17 06:00:00 - Floodway Bridge C,4.396660132420643
2026-02-17 12:00:00 - Floodway Bridge C,4.3
2026-02-17 18:00:00 - Floodway Bridge C,4.421355678429208
2026-02-18 06:00:00 - Floodway Bridge C,4.396660132420643
2026-02-18 12:00:00 - Floodway Bridge C,4.3
2026-02-18 18:00:00 - Floodway Bridge C,4.421355678429208
2026-02-19 06:00:00 - Floodway Bridge C,4.396660132420643
2026-02-19 12:00:00 - Floodway Bridge C,4.3
2026-02-19 18:00:00 - Floodway Bridge C,4.421355678429208
2026-02-20 06:00:00 - Floodway Bridge C,4.396660132420643
2026-02-20 12:00:00 - Floodway Bridge C,4.3
2026-02-20 18:00:00 - Floodway Bridge C,4.421355678429208
2026-02-21 06:00:00 - Floodway Bridge C,4.396660132420643
2026-02-21 12:00:00 - Floodway Bridge C,4.3
2026-02-21 18:00:00 - Floodway Bridge C,4.421355678429208
2026-02-22 06:00:00 - Floodway Bridge C,4.396660132420643
2026-02-22 12:00:00 - Floodway Bridge C,4.3
2026-02-22 18:00:00 - Floodway Bridge C,4.421355678429208
2026-02-23 06:00:00 - Floodway Bridge C,4.396660132420643
2026-02-23 12:00:00 - Floodway Bridge C,4.3
2026-02-23 18:00:00 - Floodway Bridge C,4.421355678429208
2026-02-24 06:00:00 - Floodway Bridge C,4.396660132420643
2026-02-24 12:00:00 - Floodway Bridge C,4.3
2026-02-24 18:00:00 - Floodway Bridge C,4.421355678429208
2026-02-25 06:00:00 - Floodway Bridge C,4.396660132420643
2026-02-25 12:00:00 - Floodway Bridge C,4.3
2026-02-25 18:00:00 - Floodway Bridge C,4.421355678429208
2026-02-26 06:00:00 - Floodway Bridge C,4.396660132420643
2026-02-26 12:00:00 - Floodway Bridge C,4.3
2026-02-26 18:00:00 - Floodway Bridge C,4.421355678429208
2026-02-27 06:00:00 - Floodway Bridge C,4.396660132420643
2026-02-27 12:00:00 - Floodway Bridge C,4.3
2026-02-27 18:00:00 - Floodway Bridge C,4.421355678429208
2026-02-28 06:00:00 - Floodway Bridge C,4.396660132420643
2026-02-28 12:00:00 - Floodway Bridge C,4.3
2026-02-28 18:00:00 - Floodway Bridge C,4.421355678429208
2026-03-01 06:00:00 - Floodway Bridge C,4.23
2026-03-01 12:00:00 - Floodway Bridge C,4.16
2026-03-01 18:00:00 - Floodway Bridge C,4.16
2026-03-02 06:00:00 - Floodway Bridge C,4.23
2026-03-02 12:00:00 - Floodway Bridge C,4.16
2026-03-02 18:00:00 - Floodway Bridge C,4.16
2026-03-03 06:00:00 - Floodway Bridge C,4.23
2026-03-03 12:00:00 - Floodway Bridge C,4.16
2026-03-03 18:00:00 - Floodway Bridge C,4.16
2026-03-04 06:00:00 - Floodway Bridge C,4.23
2026-03-04 12:00:00 - Floodway Bridge C,4.16
2026-03-04 18:00:00 - Floodway Bridge C,4.16
2026-03-05 06:00:00 - Floodway Bridge C,4.23
2026-03-05 12:00:00 - Floodway Bridge C,4.16
2026-03-05 18:00:00 - Floodway Bridge C,4.16
2026-03-06 06:00:00 - Floodway Bridge C,4.23
2026-03-06 12:00:00 - Floodway Bridge C,4.16
2026-03-06 18:00:00 - Floodway Bridge C,4.16
2026-03-07 06:00:00 - Floodway Bridge C,4.23
2026-03-07 12:00:00 - Floodway Bridge C,4.16
2026-03-07 18:00:00 - Floodway Bridge C,4.16
2026-03-08 06:00:00 - Floodway Bridge C,4.23
2026-03-08 12:00:00 - Floodway Bridge C,4.16
2026-03-08 18:00:00 - Floodway Bridge C,4.16
2026-03-09 06:00:00 - Floodway Bridge C,4.23
2026-03-09 12:00:00 - Floodway Bridge C,4.16
2026-03-09 18:00:00 - Floodway Bridge C,4.16
2026-03-10 06:00:00 - Floodway Bridge C,4.23
2026-03-10 12:00:00 - Floodway Bridge C,4.16
2026-03-10 18:00:00 - Floodway Bridge C,4.16
2026-03-11 06:00:00 - Floodway Bridge C,4.23
2026-03-11 12:00:00 - Floodway Bridge C,4.16
2026-03-11 18:00:00 - Floodway Bridge C,4.16
2026-03-12 06:00:00 - Floodway Bridge C,4.23
2026-03-12 12:00:00 - Floodway Bridge C,4.16
2026-03-12 18:00:00 - Floodway Bridge C,4.16
2026-03-13 06:00:00 - Floodway Bridge C,4.23
2026-03-13 12:00:00 - Floodway Bridge C,4.16
2026-03-13 18:00:00 - Floodway Bridge C,4.16
2026-03-14 06:00:00 - Floodway Bridge C,4.23
2026-03-14 12:00:00 - Floodway Bridge C,4.16
2026-03-14 18:00:00 - Floodway Bridge C,4.16
2026-03-15 06:00:00 - Floodway Bridge C,4.23
2026-03-15 12:00:00 - Floodway Bridge C,4.16
2026-03-15 18:00:00 - Floodway Bridge C,4.16
2026-03-16 06:00:00 - Floodway Bridge C,4.23
2026-03-16 12:00:00 - Floodway Bridge C,4.16
2026-03-16 18:00:00 - Floodway Bridge C,4.16
2026-03-17 06:00:00 - Floodway Bridge C,4.23
2026-03-17 12:00:00 - Floodway Bridge C,4.16
2026-03-17 18:00:00 - Floodway Bridge C,4.16
2026-03-18 06:00:00 - Floodway Bridge C,4.23
2026-03-18 12:00:00 - Floodway Bridge C,4.16
2026-03-18 18:00:00 - Floodway Bridge C,4.16
2026-03-19 06:00:00 - Floodway Bridge C,4.23
2026-03-19 12:00:00 - Floodway Bridge C,4.16
2026-03-19 18:00:00 - Floodway Bridge C,4.16
2026-03-20 06:00:00 - Floodway Bridge C,4.23
2026-03-20 12:00:00 - Floodway Bridge C,4.16
2026-03-20 18:00:00 - Floodway Bridge C,4.16
2026-03-21 06:00:00 - Floodway Bridge C,4.23
2026-03-21 12:00:00 - Floodway Bridge C,4.16
2026-03-21 18:00:00 - Floodway Bridge C,4.16
2026-03-22 06:00:00 - Floodway Bridge C,4.23
2026-03-22 12:00:00 - Floodway Bridge C,4.16
2026-03-22 18:00:00 - Floodway Bridge C,4.16
2026-03-23 06:00:00 - Floodway Bridge C,4.23
2026-03-23 12:00:00 - Floodway Bridge C,4.16
2026-03-23 18:00:00 - Floodway Bridge C,4.16
2026-03-24 06:00:00 - Floodway Bridge C,4.23
2026-03-24 12:00:00 - Floodway Bridge C,4.16
2026-03-24 18:00:00 - Floodway Bridge C,4.16
2026-03-25 06:00:00 - Floodway Bridge C,4.23
2026-03-25 12:00:00 - Floodway Bridge C,4.16
2026-03-25 18:00:00 - Floodway Bridge C,4.16
2026-03-26 06:00:00 - Floodway Bridge C,4.23
2026-03-26 12:00:00 - Floodway Bridge C,4.16
2026-03-26 18:00:00 - Floodway Bridge C,4.16
2026-03-27 06:00:00 - Floodway Bridge C,4.23
2026-03-27 12:00:00 - Floodway Bridge C,4.16
2026-03-27 18:00:00 - Floodway Bridge C,4.16
2026-03-28 06:00:00 - Floodway Bridge C,4.23
2026-03-28 12:00:00 - Floodway Bridge C,4.16
2026-03-28 18:00:00 - Floodway Bridge C,4.16
2026-03-29 06:00:00 - Floodway Bridge C,4.23
2026-03-29 12:00:00 - Floodway Bridge C,4.16
2026-03-29 18:00:00 - Floodway Bridge C,4.16
2026-03-30 06:00:00 - Floodway Bridge C,4.23
2026-03-30 12:00:00 - Floodway Bridge C,4.16
2026-03-30 18:00:00 - Floodway Bridge C,4.16
2026-03-31 06:00:00 - Floodway Bridge C,4.23
2026-03-31 12:00:00 - Floodway Bridge C,4.16
2026-03-31 18:00:00 - Floodway Bridge C,4.16
2026-04-01 06:00:00 - Floodway Bridge C,3.4
2026-04-01 12:00:00 - Floodway Bridge C,3.406272152335382
2026-04-01 18:00:00 - Floodway Bridge C,3.3965901797638804
2026-04-02 06:00:00 - Floodway Bridge C,3.4
2026-04-02 12:00:00 - Floodway Bridge C,3.406272152335382
2026-04-02 18:00:00 - Floodway Bridge C,3.3965901797638804
2026-04-03 06:00:00 - Floodway Bridge C,3.4
2026-04-03 12:00:00 - Floodway Bridge C,3.406272152335382
2026-04-03 18:00:00 - Floodway Bridge C,3.3965901797638804
2026-04-04 06:00:00 - Floodway Bridge C,3.4
2026-04-04 12:00:00 - Floodway Bridge C,3.406272152335382
2026-04-04 18:00:00 - Floodway Bridge C,3.3965901797638804
2026-04-05 06:00:00 - Floodway Bridge C,3.4
2026-04-05 12:00:00 - Floodway Bridge C,3.406272152335382
2026-04-05 18:00:00 - Floodway Bridge C,3.3965901797638804
2026-04-06 06:00:00 - Floodway Bridge C,3.4
2026-04-06 12:00:00 - Floodway Bridge C,3.406272152335382
2026-04-06 18:00:00 - Floodway Bridge C,3.3965901797638804
2026-04-07 06:00:00 - Floodway Bridge C,3.4
2026-04-07 12:00:00 - Floodway Bridge C,3.406272152335382
2026-04-07 18:00:00 - Floodway Bridge C,3.3965901797638804
2026-04-08 06:00:00 - Floodway Bridge C,3.4
2026-04-08 12:00:00 - Floodway Bridge C,3.406272152335382
2026-04-08 18:00:00 - Floodway Bridge C,3.3965901797638804
2026-04-09 06:00:00 - Floodway Bridge C,3.4
2026-04-09 12:00:00 - Floodway Bridge C,3.406272152335382
2026-04-09 18:00:00 - Floodway Bridge C,3.3965901797638804
2026-04-10 06:00:00 - Floodway Bridge C,3.4
2026-04-10 12:00:00 - Floodway Bridge C,3.406272152335382
2026-04-10 18:00:00 - Floodway Bridge C,3.3965901797638804
2026-04-11 06:00:00 - Floodway Bridge C,3.4
2026-04-11 12:00:00 - Floodway Bridge C,3.406272152335382
2026-04-11 18:00:00 - Floodway Bridge C,3.3965901797638804
2026-04-12 06:00:00 - Floodway Bridge C,3.4
2026-04-12 12:00:00 - Floodway Bridge C,3.406272152335382
2026-04-12 18:00:00 - Floodway Bridge C,3.3965901797638804
2026-04-13 06:00:00 - Floodway Bridge C,3.4
2026-04-13 12:00:00 - Floodway Bridge C,3.406272152335382
2026-04-13 18:00:00 - Floodway Bridge C,3.3965901797638804
2026-04-14 06:00:00 - Floodway Bridge C,3.4
2026-04-14 12:00:00 - Floodway Bridge C,3.406272152335382
2026-04-14 18:00:00 - Floodway Bridge C,3.3965901797638804
2026-04-15 06:00:00 - Floodway Bridge C,3.4
2026-04-15 12:00:00 - Floodway Bridge C,3.406272152335382
2026-04-15 18:00:00 - Floodway Bridge C,3.3965901797638804
2026-04-16 06:00:00 - Floodway Bridge C,3.4
2026-04-16 12:00:00 - Floodway Bridge C,3.406272152335382
2026-04-16 18:00:00 - Floodway Bridge C,3.3965901797638804
2026-04-17 06:00:00 - Floodway Bridge C,3.4
2026-04-17 12:00:00 - Floodway Bridge C,3.406272152335382
2026-04-17 18:00:00 - Floodway Bridge C,3.3965901797638804
2026-04-18 06:00:00 - Floodway Bridge C,3.4
2026-04-18 12:00:00 - Floodway Bridge C,3.406272152335382
2026-04-18 18:00:00 - Floodway Bridge C,3.3965901797638804
2026-04-19 06:00:00 - Floodway Bridge C,3.4
2026-04-19 12:00:00 - Floodway Bridge C,3.406272152335382
2026-04-19 18:00:00 - Floodway Bridge C,3.3965901797638804
2026-04-20 06:00:00 - Floodway Bridge C,3.4
2026-04-20 12:00:00 - Floodway Bridge C,3.406272152335382
2026-04-20 18:00:00 - Floodway Bridge C,3.3965901797638804
2026-04-21 06:00:00 - Floodway Bridge C,3.4
2026-04-21 12:00:00 - Floodway Bridge C,3.406272152335382
2026-04-21 18:00:00 - Floodway Bridge C,3.3965901797638804
2026-04-22 06:00:00 - Floodway Bridge C,3.4
2026-04-22 12:00:00 - Floodway Bridge C,3.406272152335382
2026-04-22 18:00:00 - Floodway Bridge C,3.3965901797638804
2026-04-23 06:00:00 - Floodway Bridge C,3.4
2026-04-23 12:00:00 - Floodway Bridge C,3.406272152335382
2026-04-23 18:00:00 - Floodway Bridge C,3.3965901797638804
2026-04-24 06:00:00 - Floodway Bridge C,3.4
2026-04-24 12:00:00 - Floodway Bridge C,3.406272152335382
2026-04-24 18:00:00 - Floodway Bridge C,3.3965901797638804
2026-04-25 06:00:00 - Floodway Bridge C,3.4
2026-04-25 12:00:00 - Floodway Bridge C,3.406272152335382
2026-04-25 18:00:00 - Floodway Bridge C,3.3965901797638804
2026-04-26 06:00:00 - Floodway Bridge C,3.4
2026-04-26 12:00:00 - Floodway Bridge C,3.406272152335382
2026-04-26 18:00:00 - Floodway Bridge C,3.3965901797638804
2026-04-27 06:00:00 - Floodway Bridge C,3.4
2026-04-27 12:00:00 - Floodway Bridge C,3.406272152335382
2026-04-27 18:00:00 - Floodway Bridge C,3.3965901797638804
2026-04-28 06:00:00 - Floodway Bridge C,3.4
2026-04-28 12:00:00 - Floodway Bridge C,3.406272152335382
2026-04-28 18:00:00 - Floodway Bridge C,3.3965901797638804
2026-04-29 06:00:00 - Floodway Bridge C,3.4
2026-04-29 12:00:00 - Floodway Bridge C,3.406272152335382
2026-04-29 18:00:00 - Floodway Bridge C,3.3965901797638804
2026-04-30 06:00:00 - Floodway Bridge C,3.4
2026-04-30 12:00:00 - Floodway Bridge C,3.406272152335382
2026-04-30 18:00:00 - Floodway Bridge C,3.3965901797638804
2026-05-01 06:00:00 - Floodway Bridge C,3.7
2026-05-01 12:00:00 - Floodway Bridge C,3.7
2026-05-01 18:00:00 - Floodway Bridge C,3.7
2026-05-02 06:00:00 - Floodway Bridge C,3.7
2026-05-02 12:00:00 - Floodway Bridge C,3.7
2026-05-02 18:00:00 - Floodway Bridge C,3.7
2026-05-03 06:00:00 - Floodway Bridge C,3.7
2026-05-03 12:00:00 - Floodway Bridge C,3.7
2026-05-03 18:00:00 - Floodway Bridge C,3.7
2026-05-04 06:00:00 - Floodway Bridge C,3.7
2026-05-04 12:00:00 - Floodway Bridge C,3.7
2026-05-04 18:00:00 - Floodway Bridge C,3.7
2026-05-05 06:00:00 - Floodway Bridge C,3.7
2026-05-05 12:00:00 - Floodway Bridge C,3.7
2026-05-05 18:00:00 - Floodway Bridge C,3.7
2026-05-06 06:00:00 - Floodway Bridge C,3.7
2026-05-06 12:00:00 - Floodway Bridge C,3.7
2026-05-06 18:00:00 - Floodway Bridge C,3.7
2026-05-07 06:00:00 - Floodway Bridge C,3.7
2026-05-07 12:00:00 - Floodway Bridge C,3.7
2026-05-07 18:00:00 - Floodway Bridge C,3.7
2026-05-08 06:00:00 - Floodway Bridge C,3.7
2026-05-08 12:00:00 - Floodway Bridge C,3.7
2026-05-08 18:00:00 - Floodway Bridge C,3.7
2026-05-09 06:00:00 - Floodway Bridge C,3.7
2026-05-09 12:00:00 - Floodway Bridge C,3.7
2026-05-09 18:00:00 - Floodway Bridge C,3.7
2026-05-10 06:00:00 - Floodway Bridge C,3.7
2026-05-10 12:00:00 - Floodway Bridge C,3.7
2026-05-10 18:00:00 - Floodway Bridge C,3.7
2026-05-11 06:00:00 - Floodway Bridge C,3.7
2026-05-11 12:00:00 - Floodway Bridge C,3.7
2026-05-11 18:00:00 - Floodway Bridge C,3.7
2026-05-12 06:00:00 - Floodway Bridge C,3.7
2026-05-12 12:00:00 - Floodway Bridge C,3.7
2026-05-12 18:00:00 - Floodway Bridge C,3.7
2026-05-13 06:00:00 - Floodway Bridge C,3.7
2026-05-13 12:00:00 - Floodway Bridge C,3.7
2026-05-13 18:00:00 - Floodway Bridge C,3.7
2026-05-14 06:00:00 - Floodway Bridge C,3.7
2026-05-14 12:00:00 - Floodway Bridge C,3.7
2026-05-14 18:00:00 - Floodway Bridge C,3.7
2026-05-15 06:00:00 - Floodway Bridge C,3.7
2026-05-15 12:00:00 - Floodway Bridge C,3.7
2026-05-15 18:00:00 - Floodway Bridge C,3.7
2026-05-16 06:00:00 - Floodway Bridge C,3.7
2026-05-16 12:00:00 - Floodway Bridge C,3.7
2026-05-16 18:00:00 - Floodway Bridge C,3.7
2026-05-17 06:00:00 - Floodway Bridge C,3.7
2026-05-17 12:00:00 - Floodway Bridge C,3.7
2026-05-17 18:00:00 - Floodway Bridge C,3.7
2026-05-18 06:00:00 - Floodway Bridge C,3.7
2026-05-18 12:00:00 - Floodway Bridge C,3.7
2026-05-18 18:00:00 - Floodway Bridge C,3.7
2025-09-19 06:00:00 - Gunungsari,9.21
2025-09-19 12:00:00 - Gunungsari,9.21
2025-09-19 18:00:00 - Gunungsari,9.21
2025-09-20 06:00:00 - Gunungsari,9.21
2025-09-20 12:00:00 - Gunungsari,9.21
2025-09-20 18:00:00 - Gunungsari,9.21
2025-09-21 06:00:00 - Gunungsari,9.21
2025-09-21 12:00:00 - Gunungsari,9.21
2025-09-21 18:00:00 - Gunungsari,9.21
2025-09-22 06:00:00 - Gunungsari,9.21
2025-09-22 12:00:00 - Gunungsari,9.21
2025-09-22 18:00:00 - Gunungsari,9.21
2025-09-23 06:00:00 - Gunungsari,9.21
2025-09-23 12:00:00 - Gunungsari,9.21
2025-09-23 18:00:00 - Gunungsari,9.21
2025-09-24 06:00:00 - Gunungsari,9.21
2025-09-24 12:00:00 - Gunungsari,9.21
2025-09-24 18:00:00 - Gunungsari,9.21
2025-09-25 06:00:00 - Gunungsari,9.21
2025-09-25 12:00:00 - Gunungsari,9.21
2025-09-25 18:00:00 - Gunungsari,9.21
2025-09-26 06:00:00 - Gunungsari,9.21
2025-09-26 12:00:00 - Gunungsari,9.21
2025-09-26 18:00:00 - Gunungsari,9.21
2025-09-27 06:00:00 - Gunungsari,9.21
2025-09-27 12:00:00 - Gunungsari,9.21
2025-09-27 18:00:00 - Gunungsari,9.21
2025-09-28 06:00:00 - Gunungsari,9.21
2025-09-28 12:00:00 - Gunungsari,9.21
2025-09-28 18:00:00 - Gunungsari,9.21
2025-09-29 06:00:00 - Gunungsari,9.21
2025-09-29 12:00:00 - Gunungsari,9.21
2025-09-29 18:00:00 - Gunungsari,9.21
2025-09-30 06:00:00 - Gunungsari,9.21
2025-09-30 12:00:00 - Gunungsari,9.21
2025-09-30 18:00:00 - Gunungsari,9.21
2025-10-01 06:00:00 - Gunungsari,9.21
2025-10-01 12:00:00 - Gunungsari,9.21
2025-10-01 18:00:00 - Gunungsari,9.21
2025-10-02 06:00:00 - Gunungsari,9.21
2025-10-02 12:00:00 - Gunungsari,9.21
2025-10-02 18:00:00 - Gunungsari,9.21
2025-10-03 06:00:00 - Gunungsari,9.21
2025-10-03 12:00:00 - Gunungsari,9.21
2025-10-03 18:00:00 - Gunungsari,9.21
2025-10-04 06:00:00 - Gunungsari,9.21
2025-10-04 12:00:00 - Gunungsari,9.21
2025-10-04 18:00:00 - Gunungsari,9.21
2025-10-05 06:00:00 - Gunungsari,9.21
2025-10-05 12:00:00 - Gunungsari,9.21
2025-10-05 18:00:00 - Gunungsari,9.21
2025-10-06 06:00:00 - Gunungsari,9.21
2025-10-06 12:00:00 - Gunungsari,9.21
2025-10-06 18:00:00 - Gunungsari,9.21
2025-10-07 06:00:00 - Gunungsari,9.21
2025-10-07 12:00:00 - Gunungsari,9.21
2025-10-07 18:00:00 - Gunungsari,9.21
2025-10-08 06:00:00 - Gunungsari,9.21
2025-10-08 12:00:00 - Gunungsari,9.21
2025-10-08 18:00:00 - Gunungsari,9.21
2025-10-09 06:00:00 - Gunungsari,9.21
2025-10-09 12:00:00 - Gunungsari,9.21
2025-10-09 18:00:00 - Gunungsari,9.21
2025-10-10 06:00:00 - Gunungsari,9.21
2025-10-10 12:00:00 - Gunungsari,9.21
2025-10-10 18:00:00 - Gunungsari,9.21
2025-10-11 06:00:00 - Gunungsari,9.21
2025-10-11 12:00:00 - Gunungsari,9.21
2025-10-11 18:00:00 - Gunungsari,9.21
2025-10-12 06:00:00 - Gunungsari,9.21
2025-10-12 12:00:00 - Gunungsari,9.21
2025-10-12 18:00:00 - Gunungsari,9.21
2025-10-13 06:00:00 - Gunungsari,9.21
2025-10-13 12:00:00 - Gunungsari,9.21
2025-10-13 18:00:00 - Gunungsari,9.21
2025-10-14 06:00:00 - Gunungsari,9.21
2025-10-14 12:00:00 - Gunungsari,9.21
2025-10-14 18:00:00 - Gunungsari,9.21
2025-10-15 06:00:00 - Gunungsari,9.21
2025-10-15 12:00:00 - Gunungsari,9.21
2025-10-15 18:00:00 - Gunungsari,9.21
2025-10-16 06:00:00 - Gunungsari,9.21
2025-10-16 12:00:00 - Gunungsari,9.21
2025-10-16 18:00:00 - Gunungsari,9.21
2025-10-17 06:00:00 - Gunungsari,9.21
2025-10-17 12:00:00 - Gunungsari,9.21
2025-10-17 18:00:00 - Gunungsari,9.21
2025-10-18 06:00:00 - Gunungsari,9.21
2025-10-18 12:00:00 - Gunungsari,9.21
2025-10-18 18:00:00 - Gunungsari,9.21
2025-10-19 06:00:00 - Gunungsari,9.21
2025-10-19 12:00:00 - Gunungsari,9.21
2025-10-19 18:00:00 - Gunungsari,9.21
2025-10-20 06:00:00 - Gunungsari,9.21
2025-10-20 12:00:00 - Gunungsari,9.21
2025-10-20 18:00:00 - Gunungsari,9.21
2025-10-21 06:00:00 - Gunungsari,9.21
2025-10-21 12:00:00 - Gunungsari,9.21
2025-10-21 18:00:00 - Gunungsari,9.21
2025-10-22 06:00:00 - Gunungsari,9.21
2025-10-22 12:00:00 - Gunungsari,9.21
2025-10-22 18:00:00 - Gunungsari,9.21
2025-10-23 06:00:00 - Gunungsari,9.21
2025-10-23 12:00:00 - Gunungsari,9.21
2025-10-23 18:00:00 - Gunungsari,9.21
2025-10-24 06:00:00 - Gunungsari,9.21
2025-10-24 12:00:00 - Gunungsari,9.21
2025-10-24 18:00:00 - Gunungsari,9.21
2025-10-25 06:00:00 - Gunungsari,9.21
2025-10-25 12:00:00 - Gunungsari,9.21
2025-10-25 18:00:00 - Gunungsari,9.21
2025-10-26 06:00:00 - Gunungsari,9.21
2025-10-26 12:00:00 - Gunungsari,9.21
2025-10-26 18:00:00 - Gunungsari,9.21
2025-10-27 06:00:00 - Gunungsari,9.21
2025-10-27 12:00:00 - Gunungsari,9.21
2025-10-27 18:00:00 - Gunungsari,9.21
2025-10-28 06:00:00 - Gunungsari,9.21
2025-10-28 12:00:00 - Gunungsari,9.21
2025-10-28 18:00:00 - Gunungsari,9.21
2025-10-29 06:00:00 - Gunungsari,9.21
2025-10-29 12:00:00 - Gunungsari,9.21
2025-10-29 18:00:00 - Gunungsari,9.21
2025-10-30 06:00:00 - Gunungsari,9.21
2025-10-30 12:00:00 - Gunungsari,9.21
2025-10-30 18:00:00 - Gunungsari,9.21
2025-10-31 06:00:00 - Gunungsari,9.21
2025-10-31 12:00:00 - Gunungsari,9.21
2025-10-31 18:00:00 - Gunungsari,9.21
2025-11-01 06:00:00 - Gunungsari,10.145921731800078
2025-11-01 12:00:00 - Gunungsari,10.108721731791935
2025-11-01 18:00:00 - Gunungsari,10.2
2025-11-02 06:00:00 - Gunungsari,10.145921731800078
2025-11-02 12:00:00 - Gunungsari,10.108721731791935
2025-11-02 18:00:00 - Gunungsari,10.2
2025-11-03 06:00:00 - Gunungsari,10.145921731800078
2025-11-03 12:00:00 - Gunungsari,10.108721731791935
2025-11-03 18:00:00 - Gunungsari,10.2
2025-11-04 06:00:00 - Gunungsari,10.145921731800078
2025-11-04 12:00:00 - Gunungsari,10.108721731791935
2025-11-04 18:00:00 - Gunungsari,10.2
2025-11-05 06:00:00 - Gunungsari,10.145921731800078
2025-11-05 12:00:00 - Gunungsari,10.108721731791935
2025-11-05 18:00:00 - Gunungsari,10.2
2025-11-06 06:00:00 - Gunungsari,10.145921731800078
2025-11-06 12:00:00 - Gunungsari,10.108721731791935
2025-11-06 18:00:00 - Gunungsari,10.2
2025-11-07 06:00:00 - Gunungsari,10.145921731800078
2025-11-07 12:00:00 - Gunungsari,10.108721731791935
2025-11-07 18:00:00 - Gunungsari,10.2
2025-11-08 06:00:00 - Gunungsari,10.145921731800078
2025-11-08 12:00:00 - Gunungsari,10.108721731791935
2025-11-08 18:00:00 - Gunungsari,10.2
2025-11-09 06:00:00 - Gunungsari,10.145921731800078
2025-11-09 12:00:00 - Gunungsari,10.108721731791935
2025-11-09 18:00:00 - Gunungsari,10.2
2025-11-10 06:00:00 - Gunungsari,10.145921731800078
2025-11-10 12:00:00 - Gunungsari,10.108721731791935
2025-11-10 18:00:00 - Gunungsari,10.2
2025-11-11 06:00:00 - Gunungsari,10.145921731800078
2025-11-11 12:00:00 - Gunungsari,10.108721731791935
2025-11-11 18:00:00 - Gunungsari,10.2
2025-11-12 06:00:00 - Gunungsari,10.145921731800078
2025-11-12 12:00:00 - Gunungsari,10.108721731791935
2025-11-12 18:00:00 - Gunungsari,10.2
2025-11-13 06:00:00 - Gunungsari,10.145921731800078
2025-11-13 12:00:00 - Gunungsari,10.108721731791935
2025-11-13 18:00:00 - Gunungsari,10.2
2025-11-14 06:00:00 - Gunungsari,10.145921731800078
2025-11-14 12:00:00 - Gunungsari,10.108721731791935
2025-11-14 18:00:00 - Gunungsari,10.2
2025-11-15 06:00:00 - Gunungsari,10.145921731800078
2025-11-15 12:00:00 - Gunungsari,10.108721731791935
2025-11-15 18:00:00 - Gunungsari,10.2
2025-11-16 06:00:00 - Gunungsari,10.145921731800078
2025-11-16 12:00:00 - Gunungsari,10.108721731791935
2025-11-16 18:00:00 - Gunungsari,10.2
2025-11-17 06:00:00 - Gunungsari,10.145921731800078
2025-11-17 12:00:00 - Gunungsari,10.108721731791935
2025-11-17 18:00:00 - Gunungsari,10.2
2025-11-18 06:00:00 - Gunungsari,10.145921731800078
2025-11-18 12:00:00 - Gunungsari,10.108721731791935
2025-11-18 18:00:00 - Gunungsari,10.2
2025-11-19 06:00:00 - Gunungsari,10.145921731800078
2025-11-19 12:00:00 - Gunungsari,10.108721731791935
2025-11-19 18:00:00 - Gunungsari,10.2
2025-11-20 06:00:00 - Gunungsari,10.145921731800078
2025-11-20 12:00:00 - Gunungsari,10.108721731791935
2025-11-20 18:00:00 - Gunungsari,10.2
2025-11-21 06:00:00 - Gunungsari,10.145921731800078
2025-11-21 12:00:00 - Gunungsari,10.108721731791935
2025-11-21 18:00:00 - Gunungsari,10.2
2025-11-22 06:00:00 - Gunungsari,10.145921731800078
2025-11-22 12:00:00 - Gunungsari,10.108721731791935
2025-11-22 18:00:00 - Gunungsari,10.2
2025-11-23 06:00:00 - Gunungsari,10.145921731800078
2025-11-23 12:00:00 - Gunungsari,10.108721731791935
2025-11-23 18:00:00 - Gunungsari,10.2
2025-11-24 06:00:00 - Gunungsari,10.145921731800078
2025-11-24 12:00:00 - Gunungsari,10.108721731791935
2025-11-24 18:00:00 - Gunungsari,10.2
2025-11-25 06:00:00 - Gunungsari,10.145921731800078
2025-11-25 12:00:00 - Gunungsari,10.108721731791935
2025-11-25 18:00:00 - Gunungsari,10.2
2025-11-26 06:00:00 - Gunungsari,10.145921731800078
2025-11-26 12:00:00 - Gunungsari,10.108721731791935
2025-11-26 18:00:00 - Gunungsari,10.2
2025-11-27 06:00:00 - Gunungsari,10.145921731800078
2025-11-27 12:00:00 - Gunungsari,10.108721731791935
2025-11-27 18:00:00 - Gunungsari,10.2
2025-11-28 06:00:00 - Gunungsari,10.145921731800078
2025-11-28 12:00:00 - Gunungsari,10.108721731791935
2025-11-28 18:00:00 - Gunungsari,10.2
2025-11-29 06:00:00 - Gunungsari,10.145921731800078
2025-11-29 12:00:00 - Gunungsari,10.108721731791935
2025-11-29 18:00:00 - Gunungsari,10.2
2025-11-30 06:00:00 - Gunungsari,10.145921731800078
2025-11-30 12:00:00 - Gunungsari,10.108721731791935
2025-11-30 18:00:00 - Gunungsari,10.2
2025-12-01 06:00:00 - Gunungsari,11.2
2025-12-01 12:00:00 - Gunungsari,11.0
2025-12-01 18:00:00 - Gunungsari,11.2
2025-12-02 06:00:00 - Gunungsari,11.2
2025-12-02 12:00:00 - Gunungsari,11.0
2025-12-02 18:00:00 - Gunungsari,11.2
2025-12-03 06:00:00 - Gunungsari,11.2
2025-12-03 12:00:00 - Gunungsari,11.0
2025-12-03 18:00:00 - Gunungsari,11.2
2025-12-04 06:00:00 - Gunungsari,11.2
2025-12-04 12:00:00 - Gunungsari,11.0
2025-12-04 18:00:00 - Gunungsari,11.2
2025-12-05 06:00:00 - Gunungsari,11.2
2025-12-05 12:00:00 - Gunungsari,11.0
2025-12-05 18:00:00 - Gunungsari,11.2
2025-12-06 06:00:00 - Gunungsari,11.2
2025-12-06 12:00:00 - Gunungsari,11.0
2025-12-06 18:00:00 - Gunungsari,11.2
2025-12-07 06:00:00 - Gunungsari,11.2
2025-12-07 12:00:00 - Gunungsari,11.0
2025-12-07 18:00:00 - Gunungsari,11.2
2025-12-08 06:00:00 - Gunungsari,11.2
2025-12-08 12:00:00 - Gunungsari,11.0
2025-12-08 18:00:00 - Gunungsari,11.2
2025-12-09 06:00:00 - Gunungsari,11.2
2025-12-09 12:00:00 - Gunungsari,11.0
2025-12-09 18:00:00 - Gunungsari,11.2
2025-12-10 06:00:00 - Gunungsari,11.2
2025-12-10 12:00:00 - Gunungsari,11.0
2025-12-10 18:00:00 - Gunungsari,11.2
2025-12-11 06:00:00 - Gunungsari,11.2
2025-12-11 12:00:00 - Gunungsari,11.0
2025-12-11 18:00:00 - Gunungsari,11.2
2025-12-12 06:00:00 - Gunungsari,11.2
2025-12-12 12:00:00 - Gunungsari,11.0
2025-12-12 18:00:00 - Gunungsari,11.2
2025-12-13 06:00:00 - Gunungsari,11.2
2025-12-13 12:00:00 - Gunungsari,11.0
2025-12-13 18:00:00 - Gunungsari,11.2
2025-12-14 06:00:00 - Gunungsari,11.2
2025-12-14 12:00:00 - Gunungsari,11.0
2025-12-14 18:00:00 - Gunungsari,11.2
2025-12-15 06:00:00 - Gunungsari,11.2
2025-12-15 12:00:00 - Gunungsari,11.0
2025-12-15 18:00:00 - Gunungsari,11.2
2025-12-16 06:00:00 - Gunungsari,11.2
2025-12-16 12:00:00 - Gunungsari,11.0
2025-12-16 18:00:00 - Gunungsari,11.2
2025-12-17 06:00:00 - Gunungsari,11.2
2025-12-17 12:00:00 - Gunungsari,11.0
2025-12-17 18:00:00 - Gunungsari,11.2
2025-12-18 06:00:00 - Gunungsari,11.2
2025-12-18 12:00:00 - Gunungsari,11.0
2025-12-18 18:00:00 - Gunungsari,11.2
2025-12-19 06:00:00 - Gunungsari,11.2
2025-12-19 12:00:00 - Gunungsari,11.0
2025-12-19 18:00:00 - Gunungsari,11.2
2025-12-20 06:00:00 - Gunungsari,11.2
2025-12-20 12:00:00 - Gunungsari,11.0
2025-12-20 18:00:00 - Gunungsari,11.2
2025-12-21 06:00:00 - Gunungsari,11.2
2025-12-21 12:00:00 - Gunungsari,11.0
2025-12-21 18:00:00 - Gunungsari,11.2
2025-12-22 06:00:00 - Gunungsari,11.2
2025-12-22 12:00:00 - Gunungsari,11.0
2025-12-22 18:00:00 - Gunungsari,11.2
2025-12-23 06:00:00 - Gunungsari,11.2
2025-12-23 12:00:00 - Gunungsari,11.0
2025-12-23 18:00:00 - Gunungsari,11.2
2025-12-24 06:00:00 - Gunungsari,11.2
2025-12-24 12:00:00 - Gunungsari,11.0
2025-12-24 18:00:00 - Gunungsari,11.2
2025-12-25 06:00:00 - Gunungsari,11.2
2025-12-25 12:00:00 - Gunungsari,11.0
2025-12-25 18:00:00 - Gunungsari,11.2
2025-12-26 06:00:00 - Gunungsari,11.2
2025-12-26 12:00:00 - Gunungsari,11.0
2025-12-26 18:00:00 - Gunungsari,11.2
2025-12-27 06:00:00 - Gunungsari,11.2
2025-12-27 12:00:00 - Gunungsari,11.0
2025-12-27 18:00:00 - Gunungsari,11.2
2025-12-28 06:00:00 - Gunungsari,11.2
2025-12-28 12:00:00 - Gunungsari,11.0
2025-12-28 18:00:00 - Gunungsari,11.2
2025-12-29 06:00:00 - Gunungsari,11.2
2025-12-29 12:00:00 - Gunungsari,11.0
2025-12-29 18:00:00 - Gunungsari,11.2
2025-12-30 06:00:00 - Gunungsari,11.2
2025-12-30 12:00:00 - Gunungsari,11.0
2025-12-30 18:00:00 - Gunungsari,11.2
2025-12-31 06:00:00 - Gunungsari,11.2
2025-12-31 12:00:00 - Gunungsari,11.0
2025-12-31 18:00:00 - Gunungsari,11.2
2026-01-01 06:00:00 - Gunungsari,10.2
2026-01-01 12:00:00 - Gunungsari,10.2
2026-01-01 18:00:00 - Gunungsari,10.2
2026-01-02 06:00:00 - Gunungsari,10.2
2026-01-02 12:00:00 - Gunungsari,10.2
2026-01-02 18:00:00 - Gunungsari,10.2
2026-01-03 06:00:00 - Gunungsari,10.2
2026-01-03 12:00:00 - Gunungsari,10.2
2026-01-03 18:00:00 - Gunungsari,10.2
2026-01-04 06:00:00 - Gunungsari,10.2
2026-01-04 12:00:00 - Gunungsari,10.2
2026-01-04 18:00:00 - Gunungsari,10.2
2026-01-05 06:00:00 - Gunungsari,10.2
2026-01-05 12:00:00 - Gunungsari,10.2
2026-01-05 18:00:00 - Gunungsari,10.2
2026-01-06 06:00:00 - Gunungsari,10.2
2026-01-06 12:00:00 - Gunungsari,10.2
2026-01-06 18:00:00 - Gunungsari,10.2
2026-01-07 06:00:00 - Gunungsari,10.2
2026-01-07 12:00:00 - Gunungsari,10.2
2026-01-07 18:00:00 - Gunungsari,10.2
2026-01-08 06:00:00 - Gunungsari,10.2
2026-01-08 12:00:00 - Gunungsari,10.2
2026-01-08 18:00:00 - Gunungsari,10.2
2026-01-09 06:00:00 - Gunungsari,10.2
2026-01-09 12:00:00 - Gunungsari,10.2
2026-01-09 18:00:00 - Gunungsari,10.2
2026-01-10 06:00:00 - Gunungsari,10.2
2026-01-10 12:00:00 - Gunungsari,10.2
2026-01-10 18:00:00 - Gunungsari,10.2
2026-01-11 06:00:00 - Gunungsari,10.2
2026-01-11 12:00:00 - Gunungsari,10.2
2026-01-11 18:00:00 - Gunungsari,10.2
2026-01-12 06:00:00 - Gunungsari,10.2
2026-01-12 12:00:00 - Gunungsari,10.2
2026-01-12 18:00:00 - Gunungsari,10.2
2026-01-13 06:00:00 - Gunungsari,10.2
2026-01-13 12:00:00 - Gunungsari,10.2
2026-01-13 18:00:00 - Gunungsari,10.2
2026-01-14 06:00:00 - Gunungsari,10.2
2026-01-14 12:00:00 - Gunungsari,10.2
2026-01-14 18:00:00 - Gunungsari,10.2
2026-01-15 06:00:00 - Gunungsari,10.2
2026-01-15 12:00:00 - Gunungsari,10.2
2026-01-15 18:00:00 - Gunungsari,10.2
2026-01-16 06:00:00 - Gunungsari,10.2
2026-01-16 12:00:00 - Gunungsari,10.2
2026-01-16 18:00:00 - Gunungsari,10.2
2026-01-17 06:00:00 - Gunungsari,10.2
2026-01-17 12:00:00 - Gunungsari,10.2
2026-01-17 18:00:00 - Gunungsari,10.2
2026-01-18 06:00:00 - Gunungsari,10.2
2026-01-18 12:00:00 - Gunungsari,10.2
2026-01-18 18:00:00 - Gunungsari,10.2
2026-01-19 06:00:00 - Gunungsari,10.2
2026-01-19 12:00:00 - Gunungsari,10.2
2026-01-19 18:00:00 - Gunungsari,10.2
2026-01-20 06:00:00 - Gunungsari,10.2
2026-01-20 12:00:00 - Gunungsari,10.2
2026-01-20 18:00:00 - Gunungsari,10.2
2026-01-21 06:00:00 - Gunungsari,10.2
2026-01-21 12:00:00 - Gunungsari,10.2
2026-01-21 18:00:00 - Gunungsari,10.2
2026-01-22 06:00:00 - Gunungsari,10.2
2026-01-22 12:00:00 - Gunungsari,10.2
2026-01-22 18:00:00 - Gunungsari,10.2
2026-01-23 06:00:00 - Gunungsari,10.2
2026-01-23 12:00:00 - Gunungsari,10.2
2026-01-23 18:00:00 - Gunungsari,10.2
2026-01-24 06:00:00 - Gunungsari,10.2
2026-01-24 12:00:00 - Gunungsari,10.2
2026-01-24 18:00:00 - Gunungsari,10.2
2026-01-25 06:00:00 - Gunungsari,10.2
2026-01-25 12:00:00 - Gunungsari,10.2
2026-01-25 18:00:00 - Gunungsari,10.2
2026-01-26 06:00:00 - Gunungsari,10.2
2026-01-26 12:00:00 - Gunungsari,10.2
2026-01-26 18:00:00 - Gunungsari,10.2
2026-01-27 06:00:00 - Gunungsari,10.2
2026-01-27 12:00:00 - Gunungsari,10.2
2026-01-27 18:00:00 - Gunungsari,10.2
2026-01-28 06:00:00 - Gunungsari,10.2
2026-01-28 12:00:00 - Gunungsari,10.2
2026-01-28 18:00:00 - Gunungsari,10.2
2026-01-29 06:00:00 - Gunungsari,10.2
2026-01-29 12:00:00 - Gunungsari,10.2
2026-01-29 18:00:00 - Gunungsari,10.2
2026-01-30 06:00:00 - Gunungsari,10.2
2026-01-30 12:00:00 - Gunungsari,10.2
2026-01-30 18:00:00 - Gunungsari,10.2
2026-01-31 06:00:00 - Gunungsari,10.2
2026-01-31 12:00:00 - Gunungsari,10.2
2026-01-31 18:00:00 - Gunungsari,10.2
2026-02-01 06:00:00 - Gunungsari,9.7
2026-02-01 12:00:00 - Gunungsari,9.7
2026-02-01 18:00:00 - Gunungsari,9.7
2026-02-02 06:00:00 - Gunungsari,9.7
2026-02-02 12:00:00 - Gunungsari,9.7
2026-02-02 18:00:00 - Gunungsari,9.7
2026-02-03 06:00:00 - Gunungsari,9.7
2026-02-03 12:00:00 - Gunungsari,9.7
2026-02-03 18:00:00 - Gunungsari,9.7
2026-02-04 06:00:00 - Gunungsari,9.7
2026-02-04 12:00:00 - Gunungsari,9.7
2026-02-04 18:00:00 - Gunungsari,9.7
2026-02-05 06:00:00 - Gunungsari,9.7
2026-02-05 12:00:00 - Gunungsari,9.7
2026-02-05 18:00:00 - Gunungsari,9.7
2026-02-06 06:00:00 - Gunungsari,9.7
2026-02-06 12:00:00 - Gunungsari,9.7
2026-02-06 18:00:00 - Gunungsari,9.7
2026-02-07 06:00:00 - Gunungsari,9.7
2026-02-07 12:00:00 - Gunungsari,9.7
2026-02-07 18:00:00 - Gunungsari,9.7
2026-02-08 06:00:00 - Gunungsari,9.7
2026-02-08 12:00:00 - Gunungsari,9.7
2026-02-08 18:00:00 - Gunungsari,9.7
2026-02-09 06:00:00 - Gunungsari,9.7
2026-02-09 12:00:00 - Gunungsari,9.7
2026-02-09 18:00:00 - Gunungsari,9.7
2026-02-10 06:00:00 - Gunungsari,9.7
2026-02-10 12:00:00 - Gunungsari,9.7
2026-02-10 18:00:00 - Gunungsari,9.7
2026-02-11 06:00:00 - Gunungsari,9.7
2026-02-11 12:00:00 - Gunungsari,9.7
2026-02-11 18:00:00 - Gunungsari,9.7
2026-02-12 06:00:00 - Gunungsari,9.7
2026-02-12 12:00:00 - Gunungsari,9.7
2026-02-12 18:00:00 - Gunungsari,9.7
2026-02-13 06:00:00 - Gunungsari,9.7
2026-02-13 12:00:00 - Gunungsari,9.7
2026-02-13 18:00:00 - Gunungsari,9.7
2026-02-14 06:00:00 - Gunungsari,9.7
2026-02-14 12:00:00 - Gunungsari,9.7
2026-02-14 18:00:00 - Gunungsari,9.7
2026-02-15 06:00:00 - Gunungsari,9.7
2026-02-15 12:00:00 - Gunungsari,9.7
2026-02-15 18:00:00 - Gunungsari,9.7
2026-02-16 06:00:00 - Gunungsari,9.7
2026-02-16 12:00:00 - Gunungsari,9.7
2026-02-16 18:00:00 - Gunungsari,9.7
2026-02-17 06:00:00 - Gunungsari,9.7
2026-02-17 12:00:00 - Gunungsari,9.7
2026-02-17 18:00:00 - Gunungsari,9.7
2026-02-18 06:00:00 - Gunungsari,9.7
2026-02-18 12:00:00 - Gunungsari,9.7
2026-02-18 18:00:00 - Gunungsari,9.7
2026-02-19 06:00:00 - Gunungsari,9.7
2026-02-19 12:00:00 - Gunungsari,9.7
2026-02-19 18:00:00 - Gunungsari,9.7
2026-02-20 06:00:00 - Gunungsari,9.7
2026-02-20 12:00:00 - Gunungsari,9.7
2026-02-20 18:00:00 - Gunungsari,9.7
2026-02-21 06:00:00 - Gunungsari,9.7
2026-02-21 12:00:00 - Gunungsari,9.7
2026-02-21 18:00:00 - Gunungsari,9.7
2026-02-22 06:00:00 - Gunungsari,9.7
2026-02-22 12:00:00 - Gunungsari,9.7
2026-02-22 18:00:00 - Gunungsari,9.7
2026-02-23 06:00:00 - Gunungsari,9.7
2026-02-23 12:00:00 - Gunungsari,9.7
2026-02-23 18:00:00 - Gunungsari,9.7
2026-02-24 06:00:00 - Gunungsari,9.7
2026-02-24 12:00:00 - Gunungsari,9.7
2026-02-24 18:00:00 - Gunungsari,9.7
2026-02-25 06:00:00 - Gunungsari,9.7
2026-02-25 12:00:00 - Gunungsari,9.7
2026-02-25 18:00:00 - Gunungsari,9.7
2026-02-26 06:00:00 - Gunungsari,9.7
2026-02-26 12:00:00 - Gunungsari,9.7
2026-02-26 18:00:00 - Gunungsari,9.7
2026-02-27 06:00:00 - Gunungsari,9.7
2026-02-27 12:00:00 - Gunungsari,9.7
2026-02-27 18:00:00 - Gunungsari,9.7
2026-02-28 06:00:00 - Gunungsari,9.7
2026-02-28 12:00:00 - Gunungsari,9.7
2026-02-28 18:00:00 - Gunungsari,9.7
2026-03-01 06:00:00 - Gunungsari,10.2
2026-03-01 12:00:00 - Gunungsari,10.1
2026-03-01 18:00:00 - Gunungsari,10.176232163962412
2026-03-02 06:00:00 - Gunungsari,10.2
2026-03-02 12:00:00 - Gunungsari,10.1
2026-03-02 18:00:00 - Gunungsari,10.176232163962412
2026-03-03 06:00:00 - Gunungsari,10.2
2026-03-03 12:00:00 - Gunungsari,10.1
2026-03-03 18:00:00 - Gunungsari,10.176232163962412
2026-03-04 06:00:00 - Gunungsari,10.2
2026-03-04 12:00:00 - Gunungsari,10.1
2026-03-04 18:00:00 - Gunungsari,10.176232163962412
2026-03-05 06:00:00 - Gunungsari,10.2
2026-03-05 12:00:00 - Gunungsari,10.1
2026-03-05 18:00:00 - Gunungsari,10.176232163962412
2026-03-06 06:00:00 - Gunungsari,10.2
2026-03-06 12:00:00 - Gunungsari,10.1
2026-03-06 18:00:00 - Gunungsari,10.176232163962412
2026-03-07 06:00:00 - Gunungsari,10.2
2026-03-07 12:00:00 - Gunungsari,10.1
2026-03-07 18:00:00 - Gunungsari,10.176232163962412
2026-03-08 06:00:00 - Gunungsari,10.2
2026-03-08 12:00:00 - Gunungsari,10.1
2026-03-08 18:00:00 - Gunungsari,10.176232163962412
2026-03-09 06:00:00 - Gunungsari,10.2
2026-03-09 12:00:00 - Gunungsari,10.1
2026-03-09 18:00:00 - Gunungsari,10.176232163962412
2026-03-10 06:00:00 - Gunungsari,10.2
2026-03-10 12:00:00 - Gunungsari,10.1
2026-03-10 18:00:00 - Gunungsari,10.176232163962412
2026-03-11 06:00:00 - Gunungsari,10.2
2026-03-11 12:00:00 - Gunungsari,10.1
2026-03-11 18:00:00 - Gunungsari,10.176232163962412
2026-03-12 06:00:00 - Gunungsari,10.2
2026-03-12 12:00:00 - Gunungsari,10.1
2026-03-12 18:00:00 - Gunungsari,10.176232163962412
2026-03-13 06:00:00 - Gunungsari,10.2
2026-03-13 12:00:00 - Gunungsari,10.1
2026-03-13 18:00:00 - Gunungsari,10.176232163962412
2026-03-14 06:00:00 - Gunungsari,10.2
2026-03-14 12:00:00 - Gunungsari,10.1
2026-03-14 18:00:00 - Gunungsari,10.176232163962412
2026-03-15 06:00:00 - Gunungsari,10.2
2026-03-15 12:00:00 - Gunungsari,10.1
2026-03-15 18:00:00 - Gunungsari,10.176232163962412
2026-03-16 06:00:00 - Gunungsari,10.2
2026-03-16 12:00:00 - Gunungsari,10.1
2026-03-16 18:00:00 - Gunungsari,10.176232163962412
2026-03-17 06:00:00 - Gunungsari,10.2
2026-03-17 12:00:00 - Gunungsari,10.1
2026-03-17 18:00:00 - Gunungsari,10.176232163962412
2026-03-18 06:00:00 - Gunungsari,10.2
2026-03-18 12:00:00 - Gunungsari,10.1
2026-03-18 18:00:00 - Gunungsari,10.176232163962412
2026-03-19 06:00:00 - Gunungsari,10.2
2026-03-19 12:00:00 - Gunungsari,10.1
2026-03-19 18:00:00 - Gunungsari,10.176232163962412
2026-03-20 06:00:00 - Gunungsari,10.2
2026-03-20 12:00:00 - Gunungsari,10.1
2026-03-20 18:00:00 - Gunungsari,10.176232163962412
2026-03-21 06:00:00 - Gunungsari,10.2
2026-03-21 12:00:00 - Gunungsari,10.1
2026-03-21 18:00:00 - Gunungsari,10.176232163962412
2026-03-22 06:00:00 - Gunungsari,10.2
2026-03-22 12:00:00 - Gunungsari,10.1
2026-03-22 18:00:00 - Gunungsari,10.176232163962412
2026-03-23 06:00:00 - Gunungsari,10.2
2026-03-23 12:00:00 - Gunungsari,10.1
2026-03-23 18:00:00 - Gunungsari,10.176232163962412
2026-03-24 06:00:00 - Gunungsari,10.2
2026-03-24 12:00:00 - Gunungsari,10.1
2026-03-24 18:00:00 - Gunungsari,10.176232163962412
2026-03-25 06:00:00 - Gunungsari,10.2
2026-03-25 12:00:00 - Gunungsari,10.1
2026-03-25 18:00:00 - Gunungsari,10.176232163962412
2026-03-26 06:00:00 - Gunungsari,10.2
2026-03-26 12:00:00 - Gunungsari,10.1
2026-03-26 18:00:00 - Gunungsari,10.176232163962412
2026-03-27 06:00:00 - Gunungsari,10.2
2026-03-27 12:00:00 - Gunungsari,10.1
2026-03-27 18:00:00 - Gunungsari,10.176232163962412
2026-03-28 06:00:00 - Gunungsari,10.2
2026-03-28 12:00:00 - Gunungsari,10.1
2026-03-28 18:00:00 - Gunungsari,10.176232163962412
2026-03-29 06:00:00 - Gunungsari,10.2
2026-03-29 12:00:00 - Gunungsari,10.1
2026-03-29 18:00:00 - Gunungsari,10.176232163962412
2026-03-30 06:00:00 - Gunungsari,10.2
2026-03-30 12:00:00 - Gunungsari,10.1
2026-03-30 18:00:00 - Gunungsari,10.176232163962412
2026-03-31 06:00:00 - Gunungsari,10.2
2026-03-31 12:00:00 - Gunungsari,10.1
2026-03-31 18:00:00 - Gunungsari,10.176232163962412
2026-04-01 06:00:00 - Gunungsari,10.15
2026-04-01 12:00:00 - Gunungsari,10.145505602371852
2026-04-01 18:00:00 - Gunungsari,10.125
2026-04-02 06:00:00 - Gunungsari,10.15
2026-04-02 12:00:00 - Gunungsari,10.145505602371852
2026-04-02 18:00:00 - Gunungsari,10.125
2026-04-03 06:00:00 - Gunungsari,10.15
2026-04-03 12:00:00 - Gunungsari,10.145505602371852
2026-04-03 18:00:00 - Gunungsari,10.125
2026-04-04 06:00:00 - Gunungsari,10.15
2026-04-04 12:00:00 - Gunungsari,10.145505602371852
2026-04-04 18:00:00 - Gunungsari,10.125
2026-04-05 06:00:00 - Gunungsari,10.15
2026-04-05 12:00:00 - Gunungsari,10.145505602371852
2026-04-05 18:00:00 - Gunungsari,10.125
2026-04-06 06:00:00 - Gunungsari,10.15
2026-04-06 12:00:00 - Gunungsari,10.145505602371852
2026-04-06 18:00:00 - Gunungsari,10.125
2026-04-07 06:00:00 - Gunungsari,10.15
2026-04-07 12:00:00 - Gunungsari,10.145505602371852
2026-04-07 18:00:00 - Gunungsari,10.125
2026-04-08 06:00:00 - Gunungsari,10.15
2026-04-08 12:00:00 - Gunungsari,10.145505602371852
2026-04-08 18:00:00 - Gunungsari,10.125
2026-04-09 06:00:00 - Gunungsari,10.15
2026-04-09 12:00:00 - Gunungsari,10.145505602371852
2026-04-09 18:00:00 - Gunungsari,10.125
2026-04-10 06:00:00 - Gunungsari,10.15
2026-04-10 12:00:00 - Gunungsari,10.145505602371852
2026-04-10 18:00:00 - Gunungsari,10.125
2026-04-11 06:00:00 - Gunungsari,10.15
2026-04-11 12:00:00 - Gunungsari,10.145505602371852
2026-04-11 18:00:00 - Gunungsari,10.125
2026-04-12 06:00:00 - Gunungsari,10.15
2026-04-12 12:00:00 - Gunungsari,10.145505602371852
2026-04-12 18:00:00 - Gunungsari,10.125
2026-04-13 06:00:00 - Gunungsari,10.15
2026-04-13 12:00:00 - Gunungsari,10.145505602371852
2026-04-13 18:00:00 - Gunungsari,10.125
2026-04-14 06:00:00 - Gunungsari,10.15
2026-04-14 12:00:00 - Gunungsari,10.145505602371852
2026-04-14 18:00:00 - Gunungsari,10.125
2026-04-15 06:00:00 - Gunungsari,10.15
2026-04-15 12:00:00 - Gunungsari,10.145505602371852
2026-04-15 18:00:00 - Gunungsari,10.125
2026-04-16 06:00:00 - Gunungsari,10.15
2026-04-16 12:00:00 - Gunungsari,10.145505602371852
2026-04-16 18:00:00 - Gunungsari,10.125
2026-04-17 06:00:00 - Gunungsari,10.15
2026-04-17 12:00:00 - Gunungsari,10.145505602371852
2026-04-17 18:00:00 - Gunungsari,10.125
2026-04-18 06:00:00 - Gunungsari,10.15
2026-04-18 12:00:00 - Gunungsari,10.145505602371852
2026-04-18 18:00:00 - Gunungsari,10.125
2026-04-19 06:00:00 - Gunungsari,10.15
2026-04-19 12:00:00 - Gunungsari,10.145505602371852
2026-04-19 18:00:00 - Gunungsari,10.125
2026-04-20 06:00:00 - Gunungsari,10.15
2026-04-20 12:00:00 - Gunungsari,10.145505602371852
2026-04-20 18:00:00 - Gunungsari,10.125
2026-04-21 06:00:00 - Gunungsari,10.15
2026-04-21 12:00:00 - Gunungsari,10.145505602371852
2026-04-21 18:00:00 - Gunungsari,10.125
2026-04-22 06:00:00 - Gunungsari,10.15
2026-04-22 12:00:00 - Gunungsari,10.145505602371852
2026-04-22 18:00:00 - Gunungsari,10.125
2026-04-23 06:00:00 - Gunungsari,10.15
2026-04-23 12:00:00 - Gunungsari,10.145505602371852
2026-04-23 18:00:00 - Gunungsari,10.125
2026-04-24 06:00:00 - Gunungsari,10.15
2026-04-24 12:00:00 - Gunungsari,10.145505602371852
2026-04-24 18:00:00 - Gunungsari,10.125
2026-04-25 06:00:00 - Gunungsari,10.15
2026-04-25 12:00:00 - Gunungsari,10.145505602371852
2026-04-25 18:00:00 - Gunungsari,10.125
2026-04-26 06:00:00 - Gunungsari,10.15
2026-04-26 12:00:00 - Gunungsari,10.145505602371852
2026-04-26 18:00:00 - Gunungsari,10.125
2026-04-27 06:00:00 - Gunungsari,10.15
2026-04-27 12:00:00 - Gunungsari,10.145505602371852
2026-04-27 18:00:00 - Gunungsari,10.125
2026-04-28 06:00:00 - Gunungsari,10.15
2026-04-28 12:00:00 - Gunungsari,10.145505602371852
2026-04-28 18:00:00 - Gunungsari,10.125
2026-04-29 06:00:00 - Gunungsari,10.15
2026-04-29 12:00:00 - Gunungsari,10.145505602371852
2026-04-29 18:00:00 - Gunungsari,10.125
2026-04-30 06:00:00 - Gunungsari,10.15
2026-04-30 12:00:00 - Gunungsari,10.145505602371852
2026-04-30 18:00:00 - Gunungsari,10.125
2026-05-01 06:00:00 - Gunungsari,10.4
2026-05-01 12:00:00 - Gunungsari,10.3
2026-05-01 18:00:00 - Gunungsari,10.4
2026-05-02 06:00:00 - Gunungsari,10.4
2026-05-02 12:00:00 - Gunungsari,10.3
2026-05-02 18:00:00 - Gunungsari,10.4
2026-05-03 06:00:00 - Gunungsari,10.4
2026-05-03 12:00:00 - Gunungsari,10.3
2026-05-03 18:00:00 - Gunungsari,10.4
2026-05-04 06:00:00 - Gunungsari,10.4
2026-05-04 12:00:00 - Gunungsari,10.3
2026-05-04 18:00:00 - Gunungsari,10.4
2026-05-05 06:00:00 - Gunungsari,10.4
2026-05-05 12:00:00 - Gunungsari,10.3
2026-05-05 18:00:00 - Gunungsari,10.4
2026-05-06 06:00:00 - Gunungsari,10.4
2026-05-06 12:00:00 - Gunungsari,10.3
2026-05-06 18:00:00 - Gunungsari,10.4
2026-05-07 06:00:00 - Gunungsari,10.4
2026-05-07 12:00:00 - Gunungsari,10.3
2026-05-07 18:00:00 - Gunungsari,10.4
2026-05-08 06:00:00 - Gunungsari,10.4
2026-05-08 12:00:00 - Gunungsari,10.3
2026-05-08 18:00:00 - Gunungsari,10.4
2026-05-09 06:00:00 - Gunungsari,10.4
2026-05-09 12:00:00 - Gunungsari,10.3
2026-05-09 18:00:00 - Gunungsari,10.4
2026-05-10 06:00:00 - Gunungsari,10.4
2026-05-10 12:00:00 - Gunungsari,10.3
2026-05-10 18:00:00 - Gunungsari,10.4
2026-05-11 06:00:00 - Gunungsari,10.4
2026-05-11 12:00:00 - Gunungsari,10.3
2026-05-11 18:00:00 - Gunungsari,10.4
2026-05-12 06:00:00 - Gunungsari,10.4
2026-05-12 12:00:00 - Gunungsari,10.3
2026-05-12 18:00:00 - Gunungsari,10.4
2026-05-13 06:00:00 - Gunungsari,10.4
2026-05-13 12:00:00 - Gunungsari,10.3
2026-05-13 18:00:00 - Gunungsari,10.4
2026-05-14 06:00:00 - Gunungsari,10.4
2026-05-14 12:00:00 - Gunungsari,10.3
2026-05-14 18:00:00 - Gunungsari,10.4
2026-05-15 06:00:00 - Gunungsari,10.4
2026-05-15 12:00:00 - Gunungsari,10.3
2026-05-15 18:00:00 - Gunungsari,10.4
2026-05-16 06:00:00 - Gunungsari,10.4
2026-05-16 12:00:00 - Gunungsari,10.3
2026-05-16 18:00:00 - Gunungsari,10.4
2026-05-17 06:00:00 - Gunungsari,10.4
2026-05-17 12:00:00 - Gunungsari,10.3
2026-05-17 18:00:00 - Gunungsari,10.4
2026-05-18 06:00:00 - Gunungsari,10.4
2026-05-18 12:00:00 - Gunungsari,10.3
2026-05-18 18:00:00 - Gunungsari,10.4
2025-09-19 06:00:00 - Jarum,90.24
2025-09-19 12:00:00 - Jarum,90.23
2025-09-19 18:00:00 - Jarum,90.24
2025-09-20 06:00:00 - Jarum,90.24
2025-09-20 12:00:00 - Jarum,90.23
2025-09-20 18:00:00 - Jarum,90.24
2025-09-21 06:00:00 - Jarum,90.24
2025-09-21 12:00:00 - Jarum,90.23
2025-09-21 18:00:00 - Jarum,90.24
2025-09-22 06:00:00 - Jarum,90.24
2025-09-22 12:00:00 - Jarum,90.23
2025-09-22 18:00:00 - Jarum,90.24
2025-09-23 06:00:00 - Jarum,90.24
2025-09-23 12:00:00 - Jarum,90.23
2025-09-23 18:00:00 - Jarum,90.24
2025-09-24 06:00:00 - Jarum,90.24
2025-09-24 12:00:00 - Jarum,90.23
2025-09-24 18:00:00 - Jarum,90.24
2025-09-25 06:00:00 - Jarum,90.24
2025-09-25 12:00:00 - Jarum,90.23
2025-09-25 18:00:00 - Jarum,90.24
2025-09-26 06:00:00 - Jarum,90.24
2025-09-26 12:00:00 - Jarum,90.23
2025-09-26 18:00:00 - Jarum,90.24
2025-09-27 06:00:00 - Jarum,90.24
2025-09-27 12:00:00 - Jarum,90.23
2025-09-27 18:00:00 - Jarum,90.24
2025-09-28 06:00:00 - Jarum,90.24
2025-09-28 12:00:00 - Jarum,90.23
2025-09-28 18:00:00 - Jarum,90.24
2025-09-29 06:00:00 - Jarum,90.24
2025-09-29 12:00:00 - Jarum,90.23
2025-09-29 18:00:00 - Jarum,90.24
2025-09-30 06:00:00 - Jarum,90.24
2025-09-30 12:00:00 - Jarum,90.23
2025-09-30 18:00:00 - Jarum,90.24
2025-10-01 06:00:00 - Jarum,90.24
2025-10-01 12:00:00 - Jarum,90.24
2025-10-01 18:00:00 - Jarum,90.24
2025-10-02 06:00:00 - Jarum,90.24
2025-10-02 12:00:00 - Jarum,90.24
2025-10-02 18:00:00 - Jarum,90.24
2025-10-03 06:00:00 - Jarum,90.24
2025-10-03 12:00:00 - Jarum,90.24
2025-10-03 18:00:00 - Jarum,90.24
2025-10-04 06:00:00 - Jarum,90.24
2025-10-04 12:00:00 - Jarum,90.24
2025-10-04 18:00:00 - Jarum,90.24
2025-10-05 06:00:00 - Jarum,90.24
2025-10-05 12:00:00 - Jarum,90.24
2025-10-05 18:00:00 - Jarum,90.24
2025-10-06 06:00:00 - Jarum,90.24
2025-10-06 12:00:00 - Jarum,90.24
2025-10-06 18:00:00 - Jarum,90.24
2025-10-07 06:00:00 - Jarum,90.24
2025-10-07 12:00:00 - Jarum,90.24
2025-10-07 18:00:00 - Jarum,90.24
2025-10-08 06:00:00 - Jarum,90.24
2025-10-08 12:00:00 - Jarum,90.24
2025-10-08 18:00:00 - Jarum,90.24
2025-10-09 06:00:00 - Jarum,90.24
2025-10-09 12:00:00 - Jarum,90.24
2025-10-09 18:00:00 - Jarum,90.24
2025-10-10 06:00:00 - Jarum,90.24
2025-10-10 12:00:00 - Jarum,90.24
2025-10-10 18:00:00 - Jarum,90.24
2025-10-11 06:00:00 - Jarum,90.24
2025-10-11 12:00:00 - Jarum,90.24
2025-10-11 18:00:00 - Jarum,90.24
2025-10-12 06:00:00 - Jarum,90.24
2025-10-12 12:00:00 - Jarum,90.24
2025-10-12 18:00:00 - Jarum,90.24
2025-10-13 06:00:00 - Jarum,90.24
2025-10-13 12:00:00 - Jarum,90.24
2025-10-13 18:00:00 - Jarum,90.24
2025-10-14 06:00:00 - Jarum,90.24
2025-10-14 12:00:00 - Jarum,90.24
2025-10-14 18:00:00 - Jarum,90.24
2025-10-15 06:00:00 - Jarum,90.24
2025-10-15 12:00:00 - Jarum,90.24
2025-10-15 18:00:00 - Jarum,90.24
2025-10-16 06:00:00 - Jarum,90.24
2025-10-16 12:00:00 - Jarum,90.24
2025-10-16 18:00:00 - Jarum,90.24
2025-10-17 06:00:00 - Jarum,90.24
2025-10-17 12:00:00 - Jarum,90.24
2025-10-17 18:00:00 - Jarum,90.24
2025-10-18 06:00:00 - Jarum,90.24
2025-10-18 12:00:00 - Jarum,90.24
2025-10-18 18:00:00 - Jarum,90.24
2025-10-19 06:00:00 - Jarum,90.24
2025-10-19 12:00:00 - Jarum,90.24
2025-10-19 18:00:00 - Jarum,90.24
2025-10-20 06:00:00 - Jarum,90.24
2025-10-20 12:00:00 - Jarum,90.24
2025-10-20 18:00:00 - Jarum,90.24
2025-10-21 06:00:00 - Jarum,90.24
2025-10-21 12:00:00 - Jarum,90.24
2025-10-21 18:00:00 - Jarum,90.24
2025-10-22 06:00:00 - Jarum,90.24
2025-10-22 12:00:00 - Jarum,90.24
2025-10-22 18:00:00 - Jarum,90.24
2025-10-23 06:00:00 - Jarum,90.24
2025-10-23 12:00:00 - Jarum,90.24
2025-10-23 18:00:00 - Jarum,90.24
2025-10-24 06:00:00 - Jarum,90.24
2025-10-24 12:00:00 - Jarum,90.24
2025-10-24 18:00:00 - Jarum,90.24
2025-10-25 06:00:00 - Jarum,90.24
2025-10-25 12:00:00 - Jarum,90.24
2025-10-25 18:00:00 - Jarum,90.24
2025-10-26 06:00:00 - Jarum,90.24
2025-10-26 12:00:00 - Jarum,90.24
2025-10-26 18:00:00 - Jarum,90.24
2025-10-27 06:00:00 - Jarum,90.24
2025-10-27 12:00:00 - Jarum,90.24
2025-10-27 18:00:00 - Jarum,90.24
2025-10-28 06:00:00 - Jarum,90.24
2025-10-28 12:00:00 - Jarum,90.24
2025-10-28 18:00:00 - Jarum,90.24
2025-10-29 06:00:00 - Jarum,90.24
2025-10-29 12:00:00 - Jarum,90.24
2025-10-29 18:00:00 - Jarum,90.24
2025-10-30 06:00:00 - Jarum,90.24
2025-10-30 12:00:00 - Jarum,90.24
2025-10-30 18:00:00 - Jarum,90.24
2025-10-31 06:00:00 - Jarum,90.24
2025-10-31 12:00:00 - Jarum,90.24
2025-10-31 18:00:00 - Jarum,90.24
2025-11-01 06:00:00 - Jarum,90.34
2025-11-01 12:00:00 - Jarum,90.34
2025-11-01 18:00:00 - Jarum,90.24
2025-11-02 06:00:00 - Jarum,90.34
2025-11-02 12:00:00 - Jarum,90.34
2025-11-02 18:00:00 - Jarum,90.24
2025-11-03 06:00:00 - Jarum,90.34
2025-11-03 12:00:00 - Jarum,90.34
2025-11-03 18:00:00 - Jarum,90.24
2025-11-04 06:00:00 - Jarum,90.34
2025-11-04 12:00:00 - Jarum,90.34
2025-11-04 18:00:00 - Jarum,90.24
2025-11-05 06:00:00 - Jarum,90.34
2025-11-05 12:00:00 - Jarum,90.34
2025-11-05 18:00:00 - Jarum,90.24
2025-11-06 06:00:00 - Jarum,90.34
2025-11-06 12:00:00 - Jarum,90.34
2025-11-06 18:00:00 - Jarum,90.24
2025-11-07 06:00:00 - Jarum,90.34
2025-11-07 12:00:00 - Jarum,90.34
2025-11-07 18:00:00 - Jarum,90.24
2025-11-08 06:00:00 - Jarum,90.34
2025-11-08 12:00:00 - Jarum,90.34
2025-11-08 18:00:00 - Jarum,90.24
2025-11-09 06:00:00 - Jarum,90.34
2025-11-09 12:00:00 - Jarum,90.34
2025-11-09 18:00:00 - Jarum,90.24
2025-11-10 06:00:00 - Jarum,90.34
2025-11-10 12:00:00 - Jarum,90.34
2025-11-10 18:00:00 - Jarum,90.24
2025-11-11 06:00:00 - Jarum,90.34
2025-11-11 12:00:00 - Jarum,90.34
2025-11-11 18:00:00 - Jarum,90.24
2025-11-12 06:00:00 - Jarum,90.34
2025-11-12 12:00:00 - Jarum,90.34
2025-11-12 18:00:00 - Jarum,90.24
2025-11-13 06:00:00 - Jarum,90.34
2025-11-13 12:00:00 - Jarum,90.34
2025-11-13 18:00:00 - Jarum,90.24
2025-11-14 06:00:00 - Jarum,90.34
2025-11-14 12:00:00 - Jarum,90.34
2025-11-14 18:00:00 - Jarum,90.24
2025-11-15 06:00:00 - Jarum,90.34
2025-11-15 12:00:00 - Jarum,90.34
2025-11-15 18:00:00 - Jarum,90.24
2025-11-16 06:00:00 - Jarum,90.34
2025-11-16 12:00:00 - Jarum,90.34
2025-11-16 18:00:00 - Jarum,90.24
2025-11-17 06:00:00 - Jarum,90.34
2025-11-17 12:00:00 - Jarum,90.34
2025-11-17 18:00:00 - Jarum,90.24
2025-11-18 06:00:00 - Jarum,90.34
2025-11-18 12:00:00 - Jarum,90.34
2025-11-18 18:00:00 - Jarum,90.24
2025-11-19 06:00:00 - Jarum,90.34
2025-11-19 12:00:00 - Jarum,90.34
2025-11-19 18:00:00 - Jarum,90.24
2025-11-20 06:00:00 - Jarum,90.34
2025-11-20 12:00:00 - Jarum,90.34
2025-11-20 18:00:00 - Jarum,90.24
2025-11-21 06:00:00 - Jarum,90.34
2025-11-21 12:00:00 - Jarum,90.34
2025-11-21 18:00:00 - Jarum,90.24
2025-11-22 06:00:00 - Jarum,90.34
2025-11-22 12:00:00 - Jarum,90.34
2025-11-22 18:00:00 - Jarum,90.24
2025-11-23 06:00:00 - Jarum,90.34
2025-11-23 12:00:00 - Jarum,90.34
2025-11-23 18:00:00 - Jarum,90.24
2025-11-24 06:00:00 - Jarum,90.34
2025-11-24 12:00:00 - Jarum,90.34
2025-11-24 18:00:00 - Jarum,90.24
2025-11-25 06:00:00 - Jarum,90.34
2025-11-25 12:00:00 - Jarum,90.34
2025-11-25 18:00:00 - Jarum,90.24
2025-11-26 06:00:00 - Jarum,90.34
2025-11-26 12:00:00 - Jarum,90.34
2025-11-26 18:00:00 - Jarum,90.24
2025-11-27 06:00:00 - Jarum,90.34
2025-11-27 12:00:00 - Jarum,90.34
2025-11-27 18:00:00 - Jarum,90.24
2025-11-28 06:00:00 - Jarum,90.34
2025-11-28 12:00:00 - Jarum,90.34
2025-11-28 18:00:00 - Jarum,90.24
2025-11-29 06:00:00 - Jarum,90.34
2025-11-29 12:00:00 - Jarum,90.34
2025-11-29 18:00:00 - Jarum,90.24
2025-11-30 06:00:00 - Jarum,90.34
2025-11-30 12:00:00 - Jarum,90.34
2025-11-30 18:00:00 - Jarum,90.24
2025-12-01 06:00:00 - Jarum,90.6
2025-12-01 12:00:00 - Jarum,90.60133132185625
2025-12-01 18:00:00 - Jarum,90.59
2025-12-02 06:00:00 - Jarum,90.6
2025-12-02 12:00:00 - Jarum,90.60133132185625
2025-12-02 18:00:00 - Jarum,90.59
2025-12-03 06:00:00 - Jarum,90.6
2025-12-03 12:00:00 - Jarum,90.60133132185625
2025-12-03 18:00:00 - Jarum,90.59
2025-12-04 06:00:00 - Jarum,90.6
2025-12-04 12:00:00 - Jarum,90.60133132185625
2025-12-04 18:00:00 - Jarum,90.59
2025-12-05 06:00:00 - Jarum,90.6
2025-12-05 12:00:00 - Jarum,90.60133132185625
2025-12-05 18:00:00 - Jarum,90.59
2025-12-06 06:00:00 - Jarum,90.6
2025-12-06 12:00:00 - Jarum,90.60133132185625
2025-12-06 18:00:00 - Jarum,90.59
2025-12-07 06:00:00 - Jarum,90.6
2025-12-07 12:00:00 - Jarum,90.60133132185625
2025-12-07 18:00:00 - Jarum,90.59
2025-12-08 06:00:00 - Jarum,90.6
2025-12-08 12:00:00 - Jarum,90.60133132185625
2025-12-08 18:00:00 - Jarum,90.59
2025-12-09 06:00:00 - Jarum,90.6
2025-12-09 12:00:00 - Jarum,90.60133132185625
2025-12-09 18:00:00 - Jarum,90.59
2025-12-10 06:00:00 - Jarum,90.6
2025-12-10 12:00:00 - Jarum,90.60133132185625
2025-12-10 18:00:00 - Jarum,90.59
2025-12-11 06:00:00 - Jarum,90.6
2025-12-11 12:00:00 - Jarum,90.60133132185625
2025-12-11 18:00:00 - Jarum,90.59
2025-12-12 06:00:00 - Jarum,90.6
2025-12-12 12:00:00 - Jarum,90.60133132185625
2025-12-12 18:00:00 - Jarum,90.59
2025-12-13 06:00:00 - Jarum,90.6
2025-12-13 12:00:00 - Jarum,90.60133132185625
2025-12-13 18:00:00 - Jarum,90.59
2025-12-14 06:00:00 - Jarum,90.6
2025-12-14 12:00:00 - Jarum,90.60133132185625
2025-12-14 18:00:00 - Jarum,90.59
2025-12-15 06:00:00 - Jarum,90.6
2025-12-15 12:00:00 - Jarum,90.60133132185625
2025-12-15 18:00:00 - Jarum,90.59
2025-12-16 06:00:00 - Jarum,90.6
2025-12-16 12:00:00 - Jarum,90.60133132185625
2025-12-16 18:00:00 - Jarum,90.59
2025-12-17 06:00:00 - Jarum,90.6
2025-12-17 12:00:00 - Jarum,90.60133132185625
2025-12-17 18:00:00 - Jarum,90.59
2025-12-18 06:00:00 - Jarum,90.6
2025-12-18 12:00:00 - Jarum,90.60133132185625
2025-12-18 18:00:00 - Jarum,90.59
2025-12-19 06:00:00 - Jarum,90.6
2025-12-19 12:00:00 - Jarum,90.60133132185625
2025-12-19 18:00:00 - Jarum,90.59
2025-12-20 06:00:00 - Jarum,90.6
2025-12-20 12:00:00 - Jarum,90.60133132185625
2025-12-20 18:00:00 - Jarum,90.59
2025-12-21 06:00:00 - Jarum,90.6
2025-12-21 12:00:00 - Jarum,90.60133132185625
2025-12-21 18:00:00 - Jarum,90.59
2025-12-22 06:00:00 - Jarum,90.6
2025-12-22 12:00:00 - Jarum,90.60133132185625
2025-12-22 18:00:00 - Jarum,90.59
2025-12-23 06:00:00 - Jarum,90.6
2025-12-23 12:00:00 - Jarum,90.60133132185625
2025-12-23 18:00:00 - Jarum,90.59
2025-12-24 06:00:00 - Jarum,90.6
2025-12-24 12:00:00 - Jarum,90.60133132185625
2025-12-24 18:00:00 - Jarum,90.59
2025-12-25 06:00:00 - Jarum,90.6
2025-12-25 12:00:00 - Jarum,90.60133132185625
2025-12-25 18:00:00 - Jarum,90.59
2025-12-26 06:00:00 - Jarum,90.6
2025-12-26 12:00:00 - Jarum,90.60133132185625
2025-12-26 18:00:00 - Jarum,90.59
2025-12-27 06:00:00 - Jarum,90.6
2025-12-27 12:00:00 - Jarum,90.60133132185625
2025-12-27 18:00:00 - Jarum,90.59
2025-12-28 06:00:00 - Jarum,90.6
2025-12-28 12:00:00 - Jarum,90.60133132185625
2025-12-28 18:00:00 - Jarum,90.59
2025-12-29 06:00:00 - Jarum,90.6
2025-12-29 12:00:00 - Jarum,90.60133132185625
2025-12-29 18:00:00 - Jarum,90.59
2025-12-30 06:00:00 - Jarum,90.6
2025-12-30 12:00:00 - Jarum,90.60133132185625
2025-12-30 18:00:00 - Jarum,90.59
2025-12-31 06:00:00 - Jarum,90.6
2025-12-31 12:00:00 - Jarum,90.60133132185625
2025-12-31 18:00:00 - Jarum,90.59
2026-01-01 06:00:00 - Jarum,90.84
2026-01-01 12:00:00 - Jarum,90.84
2026-01-01 18:00:00 - Jarum,90.76475243047494
2026-01-02 06:00:00 - Jarum,90.84
2026-01-02 12:00:00 - Jarum,90.84
2026-01-02 18:00:00 - Jarum,90.76475243047494
2026-01-03 06:00:00 - Jarum,90.84
2026-01-03 12:00:00 - Jarum,90.84
2026-01-03 18:00:00 - Jarum,90.76475243047494
2026-01-04 06:00:00 - Jarum,90.84
2026-01-04 12:00:00 - Jarum,90.84
2026-01-04 18:00:00 - Jarum,90.76475243047494
2026-01-05 06:00:00 - Jarum,90.84
2026-01-05 12:00:00 - Jarum,90.84
2026-01-05 18:00:00 - Jarum,90.76475243047494
2026-01-06 06:00:00 - Jarum,90.84
2026-01-06 12:00:00 - Jarum,90.84
2026-01-06 18:00:00 - Jarum,90.76475243047494
2026-01-07 06:00:00 - Jarum,90.84
2026-01-07 12:00:00 - Jarum,90.84
2026-01-07 18:00:00 - Jarum,90.76475243047494
2026-01-08 06:00:00 - Jarum,90.84
2026-01-08 12:00:00 - Jarum,90.84
2026-01-08 18:00:00 - Jarum,90.76475243047494
2026-01-09 06:00:00 - Jarum,90.84
2026-01-09 12:00:00 - Jarum,90.84
2026-01-09 18:00:00 - Jarum,90.76475243047494
2026-01-10 06:00:00 - Jarum,90.84
2026-01-10 12:00:00 - Jarum,90.84
2026-01-10 18:00:00 - Jarum,90.76475243047494
2026-01-11 06:00:00 - Jarum,90.84
2026-01-11 12:00:00 - Jarum,90.84
2026-01-11 18:00:00 - Jarum,90.76475243047494
2026-01-12 06:00:00 - Jarum,90.84
2026-01-12 12:00:00 - Jarum,90.84
2026-01-12 18:00:00 - Jarum,90.76475243047494
2026-01-13 06:00:00 - Jarum,90.84
2026-01-13 12:00:00 - Jarum,90.84
2026-01-13 18:00:00 - Jarum,90.76475243047494
2026-01-14 06:00:00 - Jarum,90.84
2026-01-14 12:00:00 - Jarum,90.84
2026-01-14 18:00:00 - Jarum,90.76475243047494
2026-01-15 06:00:00 - Jarum,90.84
2026-01-15 12:00:00 - Jarum,90.84
2026-01-15 18:00:00 - Jarum,90.76475243047494
2026-01-16 06:00:00 - Jarum,90.84
2026-01-16 12:00:00 - Jarum,90.84
2026-01-16 18:00:00 - Jarum,90.76475243047494
2026-01-17 06:00:00 - Jarum,90.84
2026-01-17 12:00:00 - Jarum,90.84
2026-01-17 18:00:00 - Jarum,90.76475243047494
2026-01-18 06:00:00 - Jarum,90.84
2026-01-18 12:00:00 - Jarum,90.84
2026-01-18 18:00:00 - Jarum,90.76475243047494
2026-01-19 06:00:00 - Jarum,90.84
2026-01-19 12:00:00 - Jarum,90.84
2026-01-19 18:00:00 - Jarum,90.76475243047494
2026-01-20 06:00:00 - Jarum,90.84
2026-01-20 12:00:00 - Jarum,90.84
2026-01-20 18:00:00 - Jarum,90.76475243047494
2026-01-21 06:00:00 - Jarum,90.84
2026-01-21 12:00:00 - Jarum,90.84
2026-01-21 18:00:00 - Jarum,90.76475243047494
2026-01-22 06:00:00 - Jarum,90.84
2026-01-22 12:00:00 - Jarum,90.84
2026-01-22 18:00:00 - Jarum,90.76475243047494
2026-01-23 06:00:00 - Jarum,90.84
2026-01-23 12:00:00 - Jarum,90.84
2026-01-23 18:00:00 - Jarum,90.76475243047494
2026-01-24 06:00:00 - Jarum,90.84
2026-01-24 12:00:00 - Jarum,90.84
2026-01-24 18:00:00 - Jarum,90.76475243047494
2026-01-25 06:00:00 - Jarum,90.84
2026-01-25 12:00:00 - Jarum,90.84
2026-01-25 18:00:00 - Jarum,90.76475243047494
2026-01-26 06:00:00 - Jarum,90.84
2026-01-26 12:00:00 - Jarum,90.84
2026-01-26 18:00:00 - Jarum,90.76475243047494
2026-01-27 06:00:00 - Jarum,90.84
2026-01-27 12:00:00 - Jarum,90.84
2026-01-27 18:00:00 - Jarum,90.76475243047494
2026-01-28 06:00:00 - Jarum,90.84
2026-01-28 12:00:00 - Jarum,90.84
2026-01-28 18:00:00 - Jarum,90.76475243047494
2026-01-29 06:00:00 - Jarum,90.84
2026-01-29 12:00:00 - Jarum,90.84
2026-01-29 18:00:00 - Jarum,90.76475243047494
2026-01-30 06:00:00 - Jarum,90.84
2026-01-30 12:00:00 - Jarum,90.84
2026-01-30 18:00:00 - Jarum,90.76475243047494
2026-01-31 06:00:00 - Jarum,90.84
2026-01-31 12:00:00 - Jarum,90.84
2026-01-31 18:00:00 - Jarum,90.76475243047494
2026-02-01 06:00:00 - Jarum,90.93
2026-02-01 12:00:00 - Jarum,90.94
2026-02-01 18:00:00 - Jarum,90.98901716531839
2026-02-02 06:00:00 - Jarum,90.93
2026-02-02 12:00:00 - Jarum,90.94
2026-02-02 18:00:00 - Jarum,90.98901716531839
2026-02-03 06:00:00 - Jarum,90.93
2026-02-03 12:00:00 - Jarum,90.94
2026-02-03 18:00:00 - Jarum,90.98901716531839
2026-02-04 06:00:00 - Jarum,90.93
2026-02-04 12:00:00 - Jarum,90.94
2026-02-04 18:00:00 - Jarum,90.98901716531839
2026-02-05 06:00:00 - Jarum,90.93
2026-02-05 12:00:00 - Jarum,90.94
2026-02-05 18:00:00 - Jarum,90.98901716531839
2026-02-06 06:00:00 - Jarum,90.93
2026-02-06 12:00:00 - Jarum,90.94
2026-02-06 18:00:00 - Jarum,90.98901716531839
2026-02-07 06:00:00 - Jarum,90.93
2026-02-07 12:00:00 - Jarum,90.94
2026-02-07 18:00:00 - Jarum,90.98901716531839
2026-02-08 06:00:00 - Jarum,90.93
2026-02-08 12:00:00 - Jarum,90.94
2026-02-08 18:00:00 - Jarum,90.98901716531839
2026-02-09 06:00:00 - Jarum,90.93
2026-02-09 12:00:00 - Jarum,90.94
2026-02-09 18:00:00 - Jarum,90.98901716531839
2026-02-10 06:00:00 - Jarum,90.93
2026-02-10 12:00:00 - Jarum,90.94
2026-02-10 18:00:00 - Jarum,90.98901716531839
2026-02-11 06:00:00 - Jarum,90.93
2026-02-11 12:00:00 - Jarum,90.94
2026-02-11 18:00:00 - Jarum,90.98901716531839
2026-02-12 06:00:00 - Jarum,90.93
2026-02-12 12:00:00 - Jarum,90.94
2026-02-12 18:00:00 - Jarum,90.98901716531839
2026-02-13 06:00:00 - Jarum,90.93
2026-02-13 12:00:00 - Jarum,90.94
2026-02-13 18:00:00 - Jarum,90.98901716531839
2026-02-14 06:00:00 - Jarum,90.93
2026-02-14 12:00:00 - Jarum,90.94
2026-02-14 18:00:00 - Jarum,90.98901716531839
2026-02-15 06:00:00 - Jarum,90.93
2026-02-15 12:00:00 - Jarum,90.94
2026-02-15 18:00:00 - Jarum,90.98901716531839
2026-02-16 06:00:00 - Jarum,90.93
2026-02-16 12:00:00 - Jarum,90.94
2026-02-16 18:00:00 - Jarum,90.98901716531839
2026-02-17 06:00:00 - Jarum,90.93
2026-02-17 12:00:00 - Jarum,90.94
2026-02-17 18:00:00 - Jarum,90.98901716531839
2026-02-18 06:00:00 - Jarum,90.93
2026-02-18 12:00:00 - Jarum,90.94
2026-02-18 18:00:00 - Jarum,90.98901716531839
2026-02-19 06:00:00 - Jarum,90.93
2026-02-19 12:00:00 - Jarum,90.94
2026-02-19 18:00:00 - Jarum,90.98901716531839
2026-02-20 06:00:00 - Jarum,90.93
2026-02-20 12:00:00 - Jarum,90.94
2026-02-20 18:00:00 - Jarum,90.98901716531839
2026-02-21 06:00:00 - Jarum,90.93
2026-02-21 12:00:00 - Jarum,90.94
2026-02-21 18:00:00 - Jarum,90.98901716531839
2026-02-22 06:00:00 - Jarum,90.93
2026-02-22 12:00:00 - Jarum,90.94
2026-02-22 18:00:00 - Jarum,90.98901716531839
2026-02-23 06:00:00 - Jarum,90.93
2026-02-23 12:00:00 - Jarum,90.94
2026-02-23 18:00:00 - Jarum,90.98901716531839
2026-02-24 06:00:00 - Jarum,90.93
2026-02-24 12:00:00 - Jarum,90.94
2026-02-24 18:00:00 - Jarum,90.98901716531839
2026-02-25 06:00:00 - Jarum,90.93
2026-02-25 12:00:00 - Jarum,90.94
2026-02-25 18:00:00 - Jarum,90.98901716531839
2026-02-26 06:00:00 - Jarum,90.93
2026-02-26 12:00:00 - Jarum,90.94
2026-02-26 18:00:00 - Jarum,90.98901716531839
2026-02-27 06:00:00 - Jarum,90.93
2026-02-27 12:00:00 - Jarum,90.94
2026-02-27 18:00:00 - Jarum,90.98901716531839
2026-02-28 06:00:00 - Jarum,90.93
2026-02-28 12:00:00 - Jarum,90.94
2026-02-28 18:00:00 - Jarum,90.98901716531839
2026-03-01 06:00:00 - Jarum,90.94
2026-03-01 12:00:00 - Jarum,90.84
2026-03-01 18:00:00 - Jarum,90.84
2026-03-02 06:00:00 - Jarum,90.94
2026-03-02 12:00:00 - Jarum,90.84
2026-03-02 18:00:00 - Jarum,90.84
2026-03-03 06:00:00 - Jarum,90.94
2026-03-03 12:00:00 - Jarum,90.84
2026-03-03 18:00:00 - Jarum,90.84
2026-03-04 06:00:00 - Jarum,90.94
2026-03-04 12:00:00 - Jarum,90.84
2026-03-04 18:00:00 - Jarum,90.84
2026-03-05 06:00:00 - Jarum,90.94
2026-03-05 12:00:00 - Jarum,90.84
2026-03-05 18:00:00 - Jarum,90.84
2026-03-06 06:00:00 - Jarum,90.94
2026-03-06 12:00:00 - Jarum,90.84
2026-03-06 18:00:00 - Jarum,90.84
2026-03-07 06:00:00 - Jarum,90.94
2026-03-07 12:00:00 - Jarum,90.84
2026-03-07 18:00:00 - Jarum,90.84
2026-03-08 06:00:00 - Jarum,90.94
2026-03-08 12:00:00 - Jarum,90.84
2026-03-08 18:00:00 - Jarum,90.84
2026-03-09 06:00:00 - Jarum,90.94
2026-03-09 12:00:00 - Jarum,90.84
2026-03-09 18:00:00 - Jarum,90.84
2026-03-10 06:00:00 - Jarum,90.94
2026-03-10 12:00:00 - Jarum,90.84
2026-03-10 18:00:00 - Jarum,90.84
2026-03-11 06:00:00 - Jarum,90.94
2026-03-11 12:00:00 - Jarum,90.84
2026-03-11 18:00:00 - Jarum,90.84
2026-03-12 06:00:00 - Jarum,90.94
2026-03-12 12:00:00 - Jarum,90.84
2026-03-12 18:00:00 - Jarum,90.84
2026-03-13 06:00:00 - Jarum,90.94
2026-03-13 12:00:00 - Jarum,90.84
2026-03-13 18:00:00 - Jarum,90.84
2026-03-14 06:00:00 - Jarum,90.94
2026-03-14 12:00:00 - Jarum,90.84
2026-03-14 18:00:00 - Jarum,90.84
2026-03-15 06:00:00 - Jarum,90.94
2026-03-15 12:00:00 - Jarum,90.84
2026-03-15 18:00:00 - Jarum,90.84
2026-03-16 06:00:00 - Jarum,90.94
2026-03-16 12:00:00 - Jarum,90.84
2026-03-16 18:00:00 - Jarum,90.84
2026-03-17 06:00:00 - Jarum,90.94
2026-03-17 12:00:00 - Jarum,90.84
2026-03-17 18:00:00 - Jarum,90.84
2026-03-18 06:00:00 - Jarum,90.94
2026-03-18 12:00:00 - Jarum,90.84
2026-03-18 18:00:00 - Jarum,90.84
2026-03-19 06:00:00 - Jarum,90.94
2026-03-19 12:00:00 - Jarum,90.84
2026-03-19 18:00:00 - Jarum,90.84
2026-03-20 06:00:00 - Jarum,90.94
2026-03-20 12:00:00 - Jarum,90.84
2026-03-20 18:00:00 - Jarum,90.84
2026-03-21 06:00:00 - Jarum,90.94
2026-03-21 12:00:00 - Jarum,90.84
2026-03-21 18:00:00 - Jarum,90.84
2026-03-22 06:00:00 - Jarum,90.94
2026-03-22 12:00:00 - Jarum,90.84
2026-03-22 18:00:00 - Jarum,90.84
2026-03-23 06:00:00 - Jarum,90.94
2026-03-23 12:00:00 - Jarum,90.84
2026-03-23 18:00:00 - Jarum,90.84
2026-03-24 06:00:00 - Jarum,90.94
2026-03-24 12:00:00 - Jarum,90.84
2026-03-24 18:00:00 - Jarum,90.84
2026-03-25 06:00:00 - Jarum,90.94
2026-03-25 12:00:00 - Jarum,90.84
2026-03-25 18:00:00 - Jarum,90.84
2026-03-26 06:00:00 - Jarum,90.94
2026-03-26 12:00:00 - Jarum,90.84
2026-03-26 18:00:00 - Jarum,90.84
2026-03-27 06:00:00 - Jarum,90.94
2026-03-27 12:00:00 - Jarum,90.84
2026-03-27 18:00:00 - Jarum,90.84
2026-03-28 06:00:00 - Jarum,90.94
2026-03-28 12:00:00 - Jarum,90.84
2026-03-28 18:00:00 - Jarum,90.84
2026-03-29 06:00:00 - Jarum,90.94
2026-03-29 12:00:00 - Jarum,90.84
2026-03-29 18:00:00 - Jarum,90.84
2026-03-30 06:00:00 - Jarum,90.94
2026-03-30 12:00:00 - Jarum,90.84
2026-03-30 18:00:00 - Jarum,90.84
2026-03-31 06:00:00 - Jarum,90.94
2026-03-31 12:00:00 - Jarum,90.84
2026-03-31 18:00:00 - Jarum,90.84
2026-04-01 06:00:00 - Jarum,90.58
2026-04-01 12:00:00 - Jarum,90.63
2026-04-01 18:00:00 - Jarum,90.56
2026-04-02 06:00:00 - Jarum,90.58
2026-04-02 12:00:00 - Jarum,90.63
2026-04-02 18:00:00 - Jarum,90.56
2026-04-03 06:00:00 - Jarum,90.58
2026-04-03 12:00:00 - Jarum,90.63
2026-04-03 18:00:00 - Jarum,90.56
2026-04-04 06:00:00 - Jarum,90.58
2026-04-04 12:00:00 - Jarum,90.63
2026-04-04 18:00:00 - Jarum,90.56
2026-04-05 06:00:00 - Jarum,90.58
2026-04-05 12:00:00 - Jarum,90.63
2026-04-05 18:00:00 - Jarum,90.56
2026-04-06 06:00:00 - Jarum,90.58
2026-04-06 12:00:00 - Jarum,90.63
2026-04-06 18:00:00 - Jarum,90.56
2026-04-07 06:00:00 - Jarum,90.58
2026-04-07 12:00:00 - Jarum,90.63
2026-04-07 18:00:00 - Jarum,90.56
2026-04-08 06:00:00 - Jarum,90.58
2026-04-08 12:00:00 - Jarum,90.63
2026-04-08 18:00:00 - Jarum,90.56
2026-04-09 06:00:00 - Jarum,90.58
2026-04-09 12:00:00 - Jarum,90.63
2026-04-09 18:00:00 - Jarum,90.56
2026-04-10 06:00:00 - Jarum,90.58
2026-04-10 12:00:00 - Jarum,90.63
2026-04-10 18:00:00 - Jarum,90.56
2026-04-11 06:00:00 - Jarum,90.58
2026-04-11 12:00:00 - Jarum,90.63
2026-04-11 18:00:00 - Jarum,90.56
2026-04-12 06:00:00 - Jarum,90.58
2026-04-12 12:00:00 - Jarum,90.63
2026-04-12 18:00:00 - Jarum,90.56
2026-04-13 06:00:00 - Jarum,90.58
2026-04-13 12:00:00 - Jarum,90.63
2026-04-13 18:00:00 - Jarum,90.56
2026-04-14 06:00:00 - Jarum,90.58
2026-04-14 12:00:00 - Jarum,90.63
2026-04-14 18:00:00 - Jarum,90.56
2026-04-15 06:00:00 - Jarum,90.58
2026-04-15 12:00:00 - Jarum,90.63
2026-04-15 18:00:00 - Jarum,90.56
2026-04-16 06:00:00 - Jarum,90.58
2026-04-16 12:00:00 - Jarum,90.63
2026-04-16 18:00:00 - Jarum,90.56
2026-04-17 06:00:00 - Jarum,90.58
2026-04-17 12:00:00 - Jarum,90.63
2026-04-17 18:00:00 - Jarum,90.56
2026-04-18 06:00:00 - Jarum,90.58
2026-04-18 12:00:00 - Jarum,90.63
2026-04-18 18:00:00 - Jarum,90.56
2026-04-19 06:00:00 - Jarum,90.58
2026-04-19 12:00:00 - Jarum,90.63
2026-04-19 18:00:00 - Jarum,90.56
2026-04-20 06:00:00 - Jarum,90.58
2026-04-20 12:00:00 - Jarum,90.63
2026-04-20 18:00:00 - Jarum,90.56
2026-04-21 06:00:00 - Jarum,90.58
2026-04-21 12:00:00 - Jarum,90.63
2026-04-21 18:00:00 - Jarum,90.56
2026-04-22 06:00:00 - Jarum,90.58
2026-04-22 12:00:00 - Jarum,90.63
2026-04-22 18:00:00 - Jarum,90.56
2026-04-23 06:00:00 - Jarum,90.58
2026-04-23 12:00:00 - Jarum,90.63
2026-04-23 18:00:00 - Jarum,90.56
2026-04-24 06:00:00 - Jarum,90.58
2026-04-24 12:00:00 - Jarum,90.63
2026-04-24 18:00:00 - Jarum,90.56
2026-04-25 06:00:00 - Jarum,90.58
2026-04-25 12:00:00 - Jarum,90.63
2026-04-25 18:00:00 - Jarum,90.56
2026-04-26 06:00:00 - Jarum,90.58
2026-04-26 12:00:00 - Jarum,90.63
2026-04-26 18:00:00 - Jarum,90.56
2026-04-27 06:00:00 - Jarum,90.58
2026-04-27 12:00:00 - Jarum,90.63
2026-04-27 18:00:00 - Jarum,90.56
2026-04-28 06:00:00 - Jarum,90.58
2026-04-28 12:00:00 - Jarum,90.63
2026-04-28 18:00:00 - Jarum,90.56
2026-04-29 06:00:00 - Jarum,90.58
2026-04-29 12:00:00 - Jarum,90.63
2026-04-29 18:00:00 - Jarum,90.56
2026-04-30 06:00:00 - Jarum,90.58
2026-04-30 12:00:00 - Jarum,90.63
2026-04-30 18:00:00 - Jarum,90.56
2026-05-01 06:00:00 - Jarum,90.5
2026-05-01 12:00:00 - Jarum,90.54
2026-05-01 18:00:00 - Jarum,90.5
2026-05-02 06:00:00 - Jarum,90.5
2026-05-02 12:00:00 - Jarum,90.54
2026-05-02 18:00:00 - Jarum,90.5
2026-05-03 06:00:00 - Jarum,90.5
2026-05-03 12:00:00 - Jarum,90.54
2026-05-03 18:00:00 - Jarum,90.5
2026-05-04 06:00:00 - Jarum,90.5
2026-05-04 12:00:00 - Jarum,90.54
2026-05-04 18:00:00 - Jarum,90.5
2026-05-05 06:00:00 - Jarum,90.5
2026-05-05 12:00:00 - Jarum,90.54
2026-05-05 18:00:00 - Jarum,90.5
2026-05-06 06:00:00 - Jarum,90.5
2026-05-06 12:00:00 - Jarum,90.54
2026-05-06 18:00:00 - Jarum,90.5
2026-05-07 06:00:00 - Jarum,90.5
2026-05-07 12:00:00 - Jarum,90.54
2026-05-07 18:00:00 - Jarum,90.5
2026-05-08 06:00:00 - Jarum,90.5
2026-05-08 12:00:00 - Jarum,90.54
2026-05-08 18:00:00 - Jarum,90.5
2026-05-09 06:00:00 - Jarum,90.5
2026-05-09 12:00:00 - Jarum,90.54
2026-05-09 18:00:00 - Jarum,90.5
2026-05-10 06:00:00 - Jarum,90.5
2026-05-10 12:00:00 - Jarum,90.54
2026-05-10 18:00:00 - Jarum,90.5
2026-05-11 06:00:00 - Jarum,90.5
2026-05-11 12:00:00 - Jarum,90.54
2026-05-11 18:00:00 - Jarum,90.5
2026-05-12 06:00:00 - Jarum,90.5
2026-05-12 12:00:00 - Jarum,90.54
2026-05-12 18:00:00 - Jarum,90.5
2026-05-13 06:00:00 - Jarum,90.5
2026-05-13 12:00:00 - Jarum,90.54
2026-05-13 18:00:00 - Jarum,90.5
2026-05-14 06:00:00 - Jarum,90.5
2026-05-14 12:00:00 - Jarum,90.54
2026-05-14 18:00:00 - Jarum,90.5
2026-05-15 06:00:00 - Jarum,90.5
2026-05-15 12:00:00 - Jarum,90.54
2026-05-15 18:00:00 - Jarum,90.5
2026-05-16 06:00:00 - Jarum,90.5
2026-05-16 12:00:00 - Jarum,90.54
2026-05-16 18:00:00 - Jarum,90.5
2026-05-17 06:00:00 - Jarum,90.5
2026-05-17 12:00:00 - Jarum,90.54
2026-05-17 18:00:00 - Jarum,90.5
2026-05-18 06:00:00 - Jarum,90.5
2026-05-18 12:00:00 - Jarum,90.54
2026-05-18 18:00:00 - Jarum,90.5
2025-09-19 06:00:00 - Jurug,77.88
2025-09-19 12:00:00 - Jurug,77.845
2025-09-19 18:00:00 - Jurug,77.88
2025-09-20 06:00:00 - Jurug,77.88
2025-09-20 12:00:00 - Jurug,77.845
2025-09-20 18:00:00 - Jurug,77.88
2025-09-21 06:00:00 - Jurug,77.88
2025-09-21 12:00:00 - Jurug,77.845
2025-09-21 18:00:00 - Jurug,77.88
2025-09-22 06:00:00 - Jurug,77.88
2025-09-22 12:00:00 - Jurug,77.845
2025-09-22 18:00:00 - Jurug,77.88
2025-09-23 06:00:00 - Jurug,77.88
2025-09-23 12:00:00 - Jurug,77.845
2025-09-23 18:00:00 - Jurug,77.88
2025-09-24 06:00:00 - Jurug,77.88
2025-09-24 12:00:00 - Jurug,77.845
2025-09-24 18:00:00 - Jurug,77.88
2025-09-25 06:00:00 - Jurug,77.88
2025-09-25 12:00:00 - Jurug,77.845
2025-09-25 18:00:00 - Jurug,77.88
2025-09-26 06:00:00 - Jurug,77.88
2025-09-26 12:00:00 - Jurug,77.845
2025-09-26 18:00:00 - Jurug,77.88
2025-09-27 06:00:00 - Jurug,77.88
2025-09-27 12:00:00 - Jurug,77.845
2025-09-27 18:00:00 - Jurug,77.88
2025-09-28 06:00:00 - Jurug,77.88
2025-09-28 12:00:00 - Jurug,77.845
2025-09-28 18:00:00 - Jurug,77.88
2025-09-29 06:00:00 - Jurug,77.88
2025-09-29 12:00:00 - Jurug,77.845
2025-09-29 18:00:00 - Jurug,77.88
2025-09-30 06:00:00 - Jurug,77.88
2025-09-30 12:00:00 - Jurug,77.845
2025-09-30 18:00:00 - Jurug,77.88
2025-10-01 06:00:00 - Jurug,77.81
2025-10-01 12:00:00 - Jurug,77.78
2025-10-01 18:00:00 - Jurug,77.82499999999999
2025-10-02 06:00:00 - Jurug,77.81
2025-10-02 12:00:00 - Jurug,77.78
2025-10-02 18:00:00 - Jurug,77.82499999999999
2025-10-03 06:00:00 - Jurug,77.81
2025-10-03 12:00:00 - Jurug,77.78
2025-10-03 18:00:00 - Jurug,77.82499999999999
2025-10-04 06:00:00 - Jurug,77.81
2025-10-04 12:00:00 - Jurug,77.78
2025-10-04 18:00:00 - Jurug,77.82499999999999
2025-10-05 06:00:00 - Jurug,77.81
2025-10-05 12:00:00 - Jurug,77.78
2025-10-05 18:00:00 - Jurug,77.82499999999999
2025-10-06 06:00:00 - Jurug,77.81
2025-10-06 12:00:00 - Jurug,77.78
2025-10-06 18:00:00 - Jurug,77.82499999999999
2025-10-07 06:00:00 - Jurug,77.81
2025-10-07 12:00:00 - Jurug,77.78
2025-10-07 18:00:00 - Jurug,77.82499999999999
2025-10-08 06:00:00 - Jurug,77.81
2025-10-08 12:00:00 - Jurug,77.78
2025-10-08 18:00:00 - Jurug,77.82499999999999
2025-10-09 06:00:00 - Jurug,77.81
2025-10-09 12:00:00 - Jurug,77.78
2025-10-09 18:00:00 - Jurug,77.82499999999999
2025-10-10 06:00:00 - Jurug,77.81
2025-10-10 12:00:00 - Jurug,77.78
2025-10-10 18:00:00 - Jurug,77.82499999999999
2025-10-11 06:00:00 - Jurug,77.81
2025-10-11 12:00:00 - Jurug,77.78
2025-10-11 18:00:00 - Jurug,77.82499999999999
2025-10-12 06:00:00 - Jurug,77.81
2025-10-12 12:00:00 - Jurug,77.78
2025-10-12 18:00:00 - Jurug,77.82499999999999
2025-10-13 06:00:00 - Jurug,77.81
2025-10-13 12:00:00 - Jurug,77.78
2025-10-13 18:00:00 - Jurug,77.82499999999999
2025-10-14 06:00:00 - Jurug,77.81
2025-10-14 12:00:00 - Jurug,77.78
2025-10-14 18:00:00 - Jurug,77.82499999999999
2025-10-15 06:00:00 - Jurug,77.81
2025-10-15 12:00:00 - Jurug,77.78
2025-10-15 18:00:00 - Jurug,77.82499999999999
2025-10-16 06:00:00 - Jurug,77.81
2025-10-16 12:00:00 - Jurug,77.78
2025-10-16 18:00:00 - Jurug,77.82499999999999
2025-10-17 06:00:00 - Jurug,77.81
2025-10-17 12:00:00 - Jurug,77.78
2025-10-17 18:00:00 - Jurug,77.82499999999999
2025-10-18 06:00:00 - Jurug,77.81
2025-10-18 12:00:00 - Jurug,77.78
2025-10-18 18:00:00 - Jurug,77.82499999999999
2025-10-19 06:00:00 - Jurug,77.81
2025-10-19 12:00:00 - Jurug,77.78
2025-10-19 18:00:00 - Jurug,77.82499999999999
2025-10-20 06:00:00 - Jurug,77.81
2025-10-20 12:00:00 - Jurug,77.78
2025-10-20 18:00:00 - Jurug,77.82499999999999
2025-10-21 06:00:00 - Jurug,77.81
2025-10-21 12:00:00 - Jurug,77.78
2025-10-21 18:00:00 - Jurug,77.82499999999999
2025-10-22 06:00:00 - Jurug,77.81
2025-10-22 12:00:00 - Jurug,77.78
2025-10-22 18:00:00 - Jurug,77.82499999999999
2025-10-23 06:00:00 - Jurug,77.81
2025-10-23 12:00:00 - Jurug,77.78
2025-10-23 18:00:00 - Jurug,77.82499999999999
2025-10-24 06:00:00 - Jurug,77.81
2025-10-24 12:00:00 - Jurug,77.78
2025-10-24 18:00:00 - Jurug,77.82499999999999
2025-10-25 06:00:00 - Jurug,77.81
2025-10-25 12:00:00 - Jurug,77.78
2025-10-25 18:00:00 - Jurug,77.82499999999999
2025-10-26 06:00:00 - Jurug,77.81
2025-10-26 12:00:00 - Jurug,77.78
2025-10-26 18:00:00 - Jurug,77.82499999999999
2025-10-27 06:00:00 - Jurug,77.81
2025-10-27 12:00:00 - Jurug,77.78
2025-10-27 18:00:00 - Jurug,77.82499999999999
2025-10-28 06:00:00 - Jurug,77.81
2025-10-28 12:00:00 - Jurug,77.78
2025-10-28 18:00:00 - Jurug,77.82499999999999
2025-10-29 06:00:00 - Jurug,77.81
2025-10-29 12:00:00 - Jurug,77.78
2025-10-29 18:00:00 - Jurug,77.82499999999999
2025-10-30 06:00:00 - Jurug,77.81
2025-10-30 12:00:00 - Jurug,77.78
2025-10-30 18:00:00 - Jurug,77.82499999999999
2025-10-31 06:00:00 - Jurug,77.81
2025-10-31 12:00:00 - Jurug,77.78
2025-10-31 18:00:00 - Jurug,77.82499999999999
2025-11-01 06:00:00 - Jurug,78.06055737053632
2025-11-01 12:00:00 - Jurug,78.035
2025-11-01 18:00:00 - Jurug,78.1189454625013
2025-11-02 06:00:00 - Jurug,78.06055737053632
2025-11-02 12:00:00 - Jurug,78.035
2025-11-02 18:00:00 - Jurug,78.1189454625013
2025-11-03 06:00:00 - Jurug,78.06055737053632
2025-11-03 12:00:00 - Jurug,78.035
2025-11-03 18:00:00 - Jurug,78.1189454625013
2025-11-04 06:00:00 - Jurug,78.06055737053632
2025-11-04 12:00:00 - Jurug,78.035
2025-11-04 18:00:00 - Jurug,78.1189454625013
2025-11-05 06:00:00 - Jurug,78.06055737053632
2025-11-05 12:00:00 - Jurug,78.035
2025-11-05 18:00:00 - Jurug,78.1189454625013
2025-11-06 06:00:00 - Jurug,78.06055737053632
2025-11-06 12:00:00 - Jurug,78.035
2025-11-06 18:00:00 - Jurug,78.1189454625013
2025-11-07 06:00:00 - Jurug,78.06055737053632
2025-11-07 12:00:00 - Jurug,78.035
2025-11-07 18:00:00 - Jurug,78.1189454625013
2025-11-08 06:00:00 - Jurug,78.06055737053632
2025-11-08 12:00:00 - Jurug,78.035
2025-11-08 18:00:00 - Jurug,78.1189454625013
2025-11-09 06:00:00 - Jurug,78.06055737053632
2025-11-09 12:00:00 - Jurug,78.035
2025-11-09 18:00:00 - Jurug,78.1189454625013
2025-11-10 06:00:00 - Jurug,78.06055737053632
2025-11-10 12:00:00 - Jurug,78.035
2025-11-10 18:00:00 - Jurug,78.1189454625013
2025-11-11 06:00:00 - Jurug,78.06055737053632
2025-11-11 12:00:00 - Jurug,78.035
2025-11-11 18:00:00 - Jurug,78.1189454625013
2025-11-12 06:00:00 - Jurug,78.06055737053632
2025-11-12 12:00:00 - Jurug,78.035
2025-11-12 18:00:00 - Jurug,78.1189454625013
2025-11-13 06:00:00 - Jurug,78.06055737053632
2025-11-13 12:00:00 - Jurug,78.035
2025-11-13 18:00:00 - Jurug,78.1189454625013
2025-11-14 06:00:00 - Jurug,78.06055737053632
2025-11-14 12:00:00 - Jurug,78.035
2025-11-14 18:00:00 - Jurug,78.1189454625013
2025-11-15 06:00:00 - Jurug,78.06055737053632
2025-11-15 12:00:00 - Jurug,78.035
2025-11-15 18:00:00 - Jurug,78.1189454625013
2025-11-16 06:00:00 - Jurug,78.06055737053632
2025-11-16 12:00:00 - Jurug,78.035
2025-11-16 18:00:00 - Jurug,78.1189454625013
2025-11-17 06:00:00 - Jurug,78.06055737053632
2025-11-17 12:00:00 - Jurug,78.035
2025-11-17 18:00:00 - Jurug,78.1189454625013
2025-11-18 06:00:00 - Jurug,78.06055737053632
2025-11-18 12:00:00 - Jurug,78.035
2025-11-18 18:00:00 - Jurug,78.1189454625013
2025-11-19 06:00:00 - Jurug,78.06055737053632
2025-11-19 12:00:00 - Jurug,78.035
2025-11-19 18:00:00 - Jurug,78.1189454625013
2025-11-20 06:00:00 - Jurug,78.06055737053632
2025-11-20 12:00:00 - Jurug,78.035
2025-11-20 18:00:00 - Jurug,78.1189454625013
2025-11-21 06:00:00 - Jurug,78.06055737053632
2025-11-21 12:00:00 - Jurug,78.035
2025-11-21 18:00:00 - Jurug,78.1189454625013
2025-11-22 06:00:00 - Jurug,78.06055737053632
2025-11-22 12:00:00 - Jurug,78.035
2025-11-22 18:00:00 - Jurug,78.1189454625013
2025-11-23 06:00:00 - Jurug,78.06055737053632
2025-11-23 12:00:00 - Jurug,78.035
2025-11-23 18:00:00 - Jurug,78.1189454625013
2025-11-24 06:00:00 - Jurug,78.06055737053632
2025-11-24 12:00:00 - Jurug,78.035
2025-11-24 18:00:00 - Jurug,78.1189454625013
2025-11-25 06:00:00 - Jurug,78.06055737053632
2025-11-25 12:00:00 - Jurug,78.035
2025-11-25 18:00:00 - Jurug,78.1189454625013
2025-11-26 06:00:00 - Jurug,78.06055737053632
2025-11-26 12:00:00 - Jurug,78.035
2025-11-26 18:00:00 - Jurug,78.1189454625013
2025-11-27 06:00:00 - Jurug,78.06055737053632
2025-11-27 12:00:00 - Jurug,78.035
2025-11-27 18:00:00 - Jurug,78.1189454625013
2025-11-28 06:00:00 - Jurug,78.06055737053632
2025-11-28 12:00:00 - Jurug,78.035
2025-11-28 18:00:00 - Jurug,78.1189454625013
2025-11-29 06:00:00 - Jurug,78.06055737053632
2025-11-29 12:00:00 - Jurug,78.035
2025-11-29 18:00:00 - Jurug,78.1189454625013
2025-11-30 06:00:00 - Jurug,78.06055737053632
2025-11-30 12:00:00 - Jurug,78.035
2025-11-30 18:00:00 - Jurug,78.1189454625013
2025-12-01 06:00:00 - Jurug,79.0
2025-12-01 12:00:00 - Jurug,78.88
2025-12-01 18:00:00 - Jurug,78.815
2025-12-02 06:00:00 - Jurug,79.0
2025-12-02 12:00:00 - Jurug,78.88
2025-12-02 18:00:00 - Jurug,78.815
2025-12-03 06:00:00 - Jurug,79.0
2025-12-03 12:00:00 - Jurug,78.88
2025-12-03 18:00:00 - Jurug,78.815
2025-12-04 06:00:00 - Jurug,79.0
2025-12-04 12:00:00 - Jurug,78.88
2025-12-04 18:00:00 - Jurug,78.815
2025-12-05 06:00:00 - Jurug,79.0
2025-12-05 12:00:00 - Jurug,78.88
2025-12-05 18:00:00 - Jurug,78.815
2025-12-06 06:00:00 - Jurug,79.0
2025-12-06 12:00:00 - Jurug,78.88
2025-12-06 18:00:00 - Jurug,78.815
2025-12-07 06:00:00 - Jurug,79.0
2025-12-07 12:00:00 - Jurug,78.88
2025-12-07 18:00:00 - Jurug,78.815
2025-12-08 06:00:00 - Jurug,79.0
2025-12-08 12:00:00 - Jurug,78.88
2025-12-08 18:00:00 - Jurug,78.815
2025-12-09 06:00:00 - Jurug,79.0
2025-12-09 12:00:00 - Jurug,78.88
2025-12-09 18:00:00 - Jurug,78.815
2025-12-10 06:00:00 - Jurug,79.0
2025-12-10 12:00:00 - Jurug,78.88
2025-12-10 18:00:00 - Jurug,78.815
2025-12-11 06:00:00 - Jurug,79.0
2025-12-11 12:00:00 - Jurug,78.88
2025-12-11 18:00:00 - Jurug,78.815
2025-12-12 06:00:00 - Jurug,79.0
2025-12-12 12:00:00 - Jurug,78.88
2025-12-12 18:00:00 - Jurug,78.815
2025-12-13 06:00:00 - Jurug,79.0
2025-12-13 12:00:00 - Jurug,78.88
2025-12-13 18:00:00 - Jurug,78.815
2025-12-14 06:00:00 - Jurug,79.0
2025-12-14 12:00:00 - Jurug,78.88
2025-12-14 18:00:00 - Jurug,78.815
2025-12-15 06:00:00 - Jurug,79.0
2025-12-15 12:00:00 - Jurug,78.88
2025-12-15 18:00:00 - Jurug,78.815
2025-12-16 06:00:00 - Jurug,79.0
2025-12-16 12:00:00 - Jurug,78.88
2025-12-16 18:00:00 - Jurug,78.815
2025-12-17 06:00:00 - Jurug,79.0
2025-12-17 12:00:00 - Jurug,78.88
2025-12-17 18:00:00 - Jurug,78.815
2025-12-18 06:00:00 - Jurug,79.0
2025-12-18 12:00:00 - Jurug,78.88
2025-12-18 18:00:00 - Jurug,78.815
2025-12-19 06:00:00 - Jurug,79.0
2025-12-19 12:00:00 - Jurug,78.88
2025-12-19 18:00:00 - Jurug,78.815
2025-12-20 06:00:00 - Jurug,79.0
2025-12-20 12:00:00 - Jurug,78.88
2025-12-20 18:00:00 - Jurug,78.815
2025-12-21 06:00:00 - Jurug,79.0
2025-12-21 12:00:00 - Jurug,78.88
2025-12-21 18:00:00 - Jurug,78.815
2025-12-22 06:00:00 - Jurug,79.0
2025-12-22 12:00:00 - Jurug,78.88
2025-12-22 18:00:00 - Jurug,78.815
2025-12-23 06:00:00 - Jurug,79.0
2025-12-23 12:00:00 - Jurug,78.88
2025-12-23 18:00:00 - Jurug,78.815
2025-12-24 06:00:00 - Jurug,79.0
2025-12-24 12:00:00 - Jurug,78.88
2025-12-24 18:00:00 - Jurug,78.815
2025-12-25 06:00:00 - Jurug,79.0
2025-12-25 12:00:00 - Jurug,78.88
2025-12-25 18:00:00 - Jurug,78.815
2025-12-26 06:00:00 - Jurug,79.0
2025-12-26 12:00:00 - Jurug,78.88
2025-12-26 18:00:00 - Jurug,78.815
2025-12-27 06:00:00 - Jurug,79.0
2025-12-27 12:00:00 - Jurug,78.88
2025-12-27 18:00:00 - Jurug,78.815
2025-12-28 06:00:00 - Jurug,79.0
2025-12-28 12:00:00 - Jurug,78.88
2025-12-28 18:00:00 - Jurug,78.815
2025-12-29 06:00:00 - Jurug,79.0
2025-12-29 12:00:00 - Jurug,78.88
2025-12-29 18:00:00 - Jurug,78.815
2025-12-30 06:00:00 - Jurug,79.0
2025-12-30 12:00:00 - Jurug,78.88
2025-12-30 18:00:00 - Jurug,78.815
2025-12-31 06:00:00 - Jurug,79.0
2025-12-31 12:00:00 - Jurug,78.88
2025-12-31 18:00:00 - Jurug,78.815
2026-01-01 06:00:00 - Jurug,79.71
2026-01-01 12:00:00 - Jurug,79.47
2026-01-01 18:00:00 - Jurug,79.56
2026-01-02 06:00:00 - Jurug,79.71
2026-01-02 12:00:00 - Jurug,79.47
2026-01-02 18:00:00 - Jurug,79.56
2026-01-03 06:00:00 - Jurug,79.71
2026-01-03 12:00:00 - Jurug,79.47
2026-01-03 18:00:00 - Jurug,79.56
2026-01-04 06:00:00 - Jurug,79.71
2026-01-04 12:00:00 - Jurug,79.47
2026-01-04 18:00:00 - Jurug,79.56
2026-01-05 06:00:00 - Jurug,79.71
2026-01-05 12:00:00 - Jurug,79.47
2026-01-05 18:00:00 - Jurug,79.56
2026-01-06 06:00:00 - Jurug,79.71
2026-01-06 12:00:00 - Jurug,79.47
2026-01-06 18:00:00 - Jurug,79.56
2026-01-07 06:00:00 - Jurug,79.71
2026-01-07 12:00:00 - Jurug,79.47
2026-01-07 18:00:00 - Jurug,79.56
2026-01-08 06:00:00 - Jurug,79.71
2026-01-08 12:00:00 - Jurug,79.47
2026-01-08 18:00:00 - Jurug,79.56
2026-01-09 06:00:00 - Jurug,79.71
2026-01-09 12:00:00 - Jurug,79.47
2026-01-09 18:00:00 - Jurug,79.56
2026-01-10 06:00:00 - Jurug,79.71
2026-01-10 12:00:00 - Jurug,79.47
2026-01-10 18:00:00 - Jurug,79.56
2026-01-11 06:00:00 - Jurug,79.71
2026-01-11 12:00:00 - Jurug,79.47
2026-01-11 18:00:00 - Jurug,79.56
2026-01-12 06:00:00 - Jurug,79.71
2026-01-12 12:00:00 - Jurug,79.47
2026-01-12 18:00:00 - Jurug,79.56
2026-01-13 06:00:00 - Jurug,79.71
2026-01-13 12:00:00 - Jurug,79.47
2026-01-13 18:00:00 - Jurug,79.56
2026-01-14 06:00:00 - Jurug,79.71
2026-01-14 12:00:00 - Jurug,79.47
2026-01-14 18:00:00 - Jurug,79.56
2026-01-15 06:00:00 - Jurug,79.71
2026-01-15 12:00:00 - Jurug,79.47
2026-01-15 18:00:00 - Jurug,79.56
2026-01-16 06:00:00 - Jurug,79.71
2026-01-16 12:00:00 - Jurug,79.47
2026-01-16 18:00:00 - Jurug,79.56
2026-01-17 06:00:00 - Jurug,79.71
2026-01-17 12:00:00 - Jurug,79.47
2026-01-17 18:00:00 - Jurug,79.56
2026-01-18 06:00:00 - Jurug,79.71
2026-01-18 12:00:00 - Jurug,79.47
2026-01-18 18:00:00 - Jurug,79.56
2026-01-19 06:00:00 - Jurug,79.71
2026-01-19 12:00:00 - Jurug,79.47
2026-01-19 18:00:00 - Jurug,79.56
2026-01-20 06:00:00 - Jurug,79.71
2026-01-20 12:00:00 - Jurug,79.47
2026-01-20 18:00:00 - Jurug,79.56
2026-01-21 06:00:00 - Jurug,79.71
2026-01-21 12:00:00 - Jurug,79.47
2026-01-21 18:00:00 - Jurug,79.56
2026-01-22 06:00:00 - Jurug,79.71
2026-01-22 12:00:00 - Jurug,79.47
2026-01-22 18:00:00 - Jurug,79.56
2026-01-23 06:00:00 - Jurug,79.71
2026-01-23 12:00:00 - Jurug,79.47
2026-01-23 18:00:00 - Jurug,79.56
2026-01-24 06:00:00 - Jurug,79.71
2026-01-24 12:00:00 - Jurug,79.47
2026-01-24 18:00:00 - Jurug,79.56
2026-01-25 06:00:00 - Jurug,79.71
2026-01-25 12:00:00 - Jurug,79.47
2026-01-25 18:00:00 - Jurug,79.56
2026-01-26 06:00:00 - Jurug,79.71
2026-01-26 12:00:00 - Jurug,79.47
2026-01-26 18:00:00 - Jurug,79.56
2026-01-27 06:00:00 - Jurug,79.71
2026-01-27 12:00:00 - Jurug,79.47
2026-01-27 18:00:00 - Jurug,79.56
2026-01-28 06:00:00 - Jurug,79.71
2026-01-28 12:00:00 - Jurug,79.47
2026-01-28 18:00:00 - Jurug,79.56
2026-01-29 06:00:00 - Jurug,79.71
2026-01-29 12:00:00 - Jurug,79.47
2026-01-29 18:00:00 - Jurug,79.56
2026-01-30 06:00:00 - Jurug,79.71
2026-01-30 12:00:00 - Jurug,79.47
2026-01-30 18:00:00 - Jurug,79.56
2026-01-31 06:00:00 - Jurug,79.71
2026-01-31 12:00:00 - Jurug,79.47
2026-01-31 18:00:00 - Jurug,79.56
2026-02-01 06:00:00 - Jurug,80.12
2026-02-01 12:00:00 - Jurug,79.905
2026-02-01 18:00:00 - Jurug,80.02
2026-02-02 06:00:00 - Jurug,80.12
2026-02-02 12:00:00 - Jurug,79.905
2026-02-02 18:00:00 - Jurug,80.02
2026-02-03 06:00:00 - Jurug,80.12
2026-02-03 12:00:00 - Jurug,79.905
2026-02-03 18:00:00 - Jurug,80.02
2026-02-04 06:00:00 - Jurug,80.12
2026-02-04 12:00:00 - Jurug,79.905
2026-02-04 18:00:00 - Jurug,80.02
2026-02-05 06:00:00 - Jurug,80.12
2026-02-05 12:00:00 - Jurug,79.905
2026-02-05 18:00:00 - Jurug,80.02
2026-02-06 06:00:00 - Jurug,80.12
2026-02-06 12:00:00 - Jurug,79.905
2026-02-06 18:00:00 - Jurug,80.02
2026-02-07 06:00:00 - Jurug,80.12
2026-02-07 12:00:00 - Jurug,79.905
2026-02-07 18:00:00 - Jurug,80.02
2026-02-08 06:00:00 - Jurug,80.12
2026-02-08 12:00:00 - Jurug,79.905
2026-02-08 18:00:00 - Jurug,80.02
2026-02-09 06:00:00 - Jurug,80.12
2026-02-09 12:00:00 - Jurug,79.905
2026-02-09 18:00:00 - Jurug,80.02
2026-02-10 06:00:00 - Jurug,80.12
2026-02-10 12:00:00 - Jurug,79.905
2026-02-10 18:00:00 - Jurug,80.02
2026-02-11 06:00:00 - Jurug,80.12
2026-02-11 12:00:00 - Jurug,79.905
2026-02-11 18:00:00 - Jurug,80.02
2026-02-12 06:00:00 - Jurug,80.12
2026-02-12 12:00:00 - Jurug,79.905
2026-02-12 18:00:00 - Jurug,80.02
2026-02-13 06:00:00 - Jurug,80.12
2026-02-13 12:00:00 - Jurug,79.905
2026-02-13 18:00:00 - Jurug,80.02
2026-02-14 06:00:00 - Jurug,80.12
2026-02-14 12:00:00 - Jurug,79.905
2026-02-14 18:00:00 - Jurug,80.02
2026-02-15 06:00:00 - Jurug,80.12
2026-02-15 12:00:00 - Jurug,79.905
2026-02-15 18:00:00 - Jurug,80.02
2026-02-16 06:00:00 - Jurug,80.12
2026-02-16 12:00:00 - Jurug,79.905
2026-02-16 18:00:00 - Jurug,80.02
2026-02-17 06:00:00 - Jurug,80.12
2026-02-17 12:00:00 - Jurug,79.905
2026-02-17 18:00:00 - Jurug,80.02
2026-02-18 06:00:00 - Jurug,80.12
2026-02-18 12:00:00 - Jurug,79.905
2026-02-18 18:00:00 - Jurug,80.02
2026-02-19 06:00:00 - Jurug,80.12
2026-02-19 12:00:00 - Jurug,79.905
2026-02-19 18:00:00 - Jurug,80.02
2026-02-20 06:00:00 - Jurug,80.12
2026-02-20 12:00:00 - Jurug,79.905
2026-02-20 18:00:00 - Jurug,80.02
2026-02-21 06:00:00 - Jurug,80.12
2026-02-21 12:00:00 - Jurug,79.905
2026-02-21 18:00:00 - Jurug,80.02
2026-02-22 06:00:00 - Jurug,80.12
2026-02-22 12:00:00 - Jurug,79.905
2026-02-22 18:00:00 - Jurug,80.02
2026-02-23 06:00:00 - Jurug,80.12
2026-02-23 12:00:00 - Jurug,79.905
2026-02-23 18:00:00 - Jurug,80.02
2026-02-24 06:00:00 - Jurug,80.12
2026-02-24 12:00:00 - Jurug,79.905
2026-02-24 18:00:00 - Jurug,80.02
2026-02-25 06:00:00 - Jurug,80.12
2026-02-25 12:00:00 - Jurug,79.905
2026-02-25 18:00:00 - Jurug,80.02
2026-02-26 06:00:00 - Jurug,80.12
2026-02-26 12:00:00 - Jurug,79.905
2026-02-26 18:00:00 - Jurug,80.02
2026-02-27 06:00:00 - Jurug,80.12
2026-02-27 12:00:00 - Jurug,79.905
2026-02-27 18:00:00 - Jurug,80.02
2026-02-28 06:00:00 - Jurug,80.12
2026-02-28 12:00:00 - Jurug,79.905
2026-02-28 18:00:00 - Jurug,80.02
2026-03-01 06:00:00 - Jurug,80.03
2026-03-01 12:00:00 - Jurug,79.83
2026-03-01 18:00:00 - Jurug,79.73
2026-03-02 06:00:00 - Jurug,80.03
2026-03-02 12:00:00 - Jurug,79.83
2026-03-02 18:00:00 - Jurug,79.73
2026-03-03 06:00:00 - Jurug,80.03
2026-03-03 12:00:00 - Jurug,79.83
2026-03-03 18:00:00 - Jurug,79.73
2026-03-04 06:00:00 - Jurug,80.03
2026-03-04 12:00:00 - Jurug,79.83
2026-03-04 18:00:00 - Jurug,79.73
2026-03-05 06:00:00 - Jurug,80.03
2026-03-05 12:00:00 - Jurug,79.83
2026-03-05 18:00:00 - Jurug,79.73
2026-03-06 06:00:00 - Jurug,80.03
2026-03-06 12:00:00 - Jurug,79.83
2026-03-06 18:00:00 - Jurug,79.73
2026-03-07 06:00:00 - Jurug,80.03
2026-03-07 12:00:00 - Jurug,79.83
2026-03-07 18:00:00 - Jurug,79.73
2026-03-08 06:00:00 - Jurug,80.03
2026-03-08 12:00:00 - Jurug,79.83
2026-03-08 18:00:00 - Jurug,79.73
2026-03-09 06:00:00 - Jurug,80.03
2026-03-09 12:00:00 - Jurug,79.83
2026-03-09 18:00:00 - Jurug,79.73
2026-03-10 06:00:00 - Jurug,80.03
2026-03-10 12:00:00 - Jurug,79.83
2026-03-10 18:00:00 - Jurug,79.73
2026-03-11 06:00:00 - Jurug,80.03
2026-03-11 12:00:00 - Jurug,79.83
2026-03-11 18:00:00 - Jurug,79.73
2026-03-12 06:00:00 - Jurug,80.03
2026-03-12 12:00:00 - Jurug,79.83
2026-03-12 18:00:00 - Jurug,79.73
2026-03-13 06:00:00 - Jurug,80.03
2026-03-13 12:00:00 - Jurug,79.83
2026-03-13 18:00:00 - Jurug,79.73
2026-03-14 06:00:00 - Jurug,80.03
2026-03-14 12:00:00 - Jurug,79.83
2026-03-14 18:00:00 - Jurug,79.73
2026-03-15 06:00:00 - Jurug,80.03
2026-03-15 12:00:00 - Jurug,79.83
2026-03-15 18:00:00 - Jurug,79.73
2026-03-16 06:00:00 - Jurug,80.03
2026-03-16 12:00:00 - Jurug,79.83
2026-03-16 18:00:00 - Jurug,79.73
2026-03-17 06:00:00 - Jurug,80.03
2026-03-17 12:00:00 - Jurug,79.83
2026-03-17 18:00:00 - Jurug,79.73
2026-03-18 06:00:00 - Jurug,80.03
2026-03-18 12:00:00 - Jurug,79.83
2026-03-18 18:00:00 - Jurug,79.73
2026-03-19 06:00:00 - Jurug,80.03
2026-03-19 12:00:00 - Jurug,79.83
2026-03-19 18:00:00 - Jurug,79.73
2026-03-20 06:00:00 - Jurug,80.03
2026-03-20 12:00:00 - Jurug,79.83
2026-03-20 18:00:00 - Jurug,79.73
2026-03-21 06:00:00 - Jurug,80.03
2026-03-21 12:00:00 - Jurug,79.83
2026-03-21 18:00:00 - Jurug,79.73
2026-03-22 06:00:00 - Jurug,80.03
2026-03-22 12:00:00 - Jurug,79.83
2026-03-22 18:00:00 - Jurug,79.73
2026-03-23 06:00:00 - Jurug,80.03
2026-03-23 12:00:00 - Jurug,79.83
2026-03-23 18:00:00 - Jurug,79.73
2026-03-24 06:00:00 - Jurug,80.03
2026-03-24 12:00:00 - Jurug,79.83
2026-03-24 18:00:00 - Jurug,79.73
2026-03-25 06:00:00 - Jurug,80.03
2026-03-25 12:00:00 - Jurug,79.83
2026-03-25 18:00:00 - Jurug,79.73
2026-03-26 06:00:00 - Jurug,80.03
2026-03-26 12:00:00 - Jurug,79.83
2026-03-26 18:00:00 - Jurug,79.73
2026-03-27 06:00:00 - Jurug,80.03
2026-03-27 12:00:00 - Jurug,79.83
2026-03-27 18:00:00 - Jurug,79.73
2026-03-28 06:00:00 - Jurug,80.03
2026-03-28 12:00:00 - Jurug,79.83
2026-03-28 18:00:00 - Jurug,79.73
2026-03-29 06:00:00 - Jurug,80.03
2026-03-29 12:00:00 - Jurug,79.83
2026-03-29 18:00:00 - Jurug,79.73
2026-03-30 06:00:00 - Jurug,80.03
2026-03-30 12:00:00 - Jurug,79.83
2026-03-30 18:00:00 - Jurug,79.73
2026-03-31 06:00:00 - Jurug,80.03
2026-03-31 12:00:00 - Jurug,79.83
2026-03-31 18:00:00 - Jurug,79.73
2026-04-01 06:00:00 - Jurug,78.92
2026-04-01 12:00:00 - Jurug,78.83
2026-04-01 18:00:00 - Jurug,78.89
2026-04-02 06:00:00 - Jurug,78.92
2026-04-02 12:00:00 - Jurug,78.83
2026-04-02 18:00:00 - Jurug,78.89
2026-04-03 06:00:00 - Jurug,78.92
2026-04-03 12:00:00 - Jurug,78.83
2026-04-03 18:00:00 - Jurug,78.89
2026-04-04 06:00:00 - Jurug,78.92
2026-04-04 12:00:00 - Jurug,78.83
2026-04-04 18:00:00 - Jurug,78.89
2026-04-05 06:00:00 - Jurug,78.92
2026-04-05 12:00:00 - Jurug,78.83
2026-04-05 18:00:00 - Jurug,78.89
2026-04-06 06:00:00 - Jurug,78.92
2026-04-06 12:00:00 - Jurug,78.83
2026-04-06 18:00:00 - Jurug,78.89
2026-04-07 06:00:00 - Jurug,78.92
2026-04-07 12:00:00 - Jurug,78.83
2026-04-07 18:00:00 - Jurug,78.89
2026-04-08 06:00:00 - Jurug,78.92
2026-04-08 12:00:00 - Jurug,78.83
2026-04-08 18:00:00 - Jurug,78.89
2026-04-09 06:00:00 - Jurug,78.92
2026-04-09 12:00:00 - Jurug,78.83
2026-04-09 18:00:00 - Jurug,78.89
2026-04-10 06:00:00 - Jurug,78.92
2026-04-10 12:00:00 - Jurug,78.83
2026-04-10 18:00:00 - Jurug,78.89
2026-04-11 06:00:00 - Jurug,78.92
2026-04-11 12:00:00 - Jurug,78.83
2026-04-11 18:00:00 - Jurug,78.89
2026-04-12 06:00:00 - Jurug,78.92
2026-04-12 12:00:00 - Jurug,78.83
2026-04-12 18:00:00 - Jurug,78.89
2026-04-13 06:00:00 - Jurug,78.92
2026-04-13 12:00:00 - Jurug,78.83
2026-04-13 18:00:00 - Jurug,78.89
2026-04-14 06:00:00 - Jurug,78.92
2026-04-14 12:00:00 - Jurug,78.83
2026-04-14 18:00:00 - Jurug,78.89
2026-04-15 06:00:00 - Jurug,78.92
2026-04-15 12:00:00 - Jurug,78.83
2026-04-15 18:00:00 - Jurug,78.89
2026-04-16 06:00:00 - Jurug,78.92
2026-04-16 12:00:00 - Jurug,78.83
2026-04-16 18:00:00 - Jurug,78.89
2026-04-17 06:00:00 - Jurug,78.92
2026-04-17 12:00:00 - Jurug,78.83
2026-04-17 18:00:00 - Jurug,78.89
2026-04-18 06:00:00 - Jurug,78.92
2026-04-18 12:00:00 - Jurug,78.83
2026-04-18 18:00:00 - Jurug,78.89
2026-04-19 06:00:00 - Jurug,78.92
2026-04-19 12:00:00 - Jurug,78.83
2026-04-19 18:00:00 - Jurug,78.89
2026-04-20 06:00:00 - Jurug,78.92
2026-04-20 12:00:00 - Jurug,78.83
2026-04-20 18:00:00 - Jurug,78.89
2026-04-21 06:00:00 - Jurug,78.92
2026-04-21 12:00:00 - Jurug,78.83
2026-04-21 18:00:00 - Jurug,78.89
2026-04-22 06:00:00 - Jurug,78.92
2026-04-22 12:00:00 - Jurug,78.83
2026-04-22 18:00:00 - Jurug,78.89
2026-04-23 06:00:00 - Jurug,78.92
2026-04-23 12:00:00 - Jurug,78.83
2026-04-23 18:00:00 - Jurug,78.89
2026-04-24 06:00:00 - Jurug,78.92
2026-04-24 12:00:00 - Jurug,78.83
2026-04-24 18:00:00 - Jurug,78.89
2026-04-25 06:00:00 - Jurug,78.92
2026-04-25 12:00:00 - Jurug,78.83
2026-04-25 18:00:00 - Jurug,78.89
2026-04-26 06:00:00 - Jurug,78.92
2026-04-26 12:00:00 - Jurug,78.83
2026-04-26 18:00:00 - Jurug,78.89
2026-04-27 06:00:00 - Jurug,78.92
2026-04-27 12:00:00 - Jurug,78.83
2026-04-27 18:00:00 - Jurug,78.89
2026-04-28 06:00:00 - Jurug,78.92
2026-04-28 12:00:00 - Jurug,78.83
2026-04-28 18:00:00 - Jurug,78.89
2026-04-29 06:00:00 - Jurug,78.92
2026-04-29 12:00:00 - Jurug,78.83
2026-04-29 18:00:00 - Jurug,78.89
2026-04-30 06:00:00 - Jurug,78.92
2026-04-30 12:00:00 - Jurug,78.83
2026-04-30 18:00:00 - Jurug,78.89
2026-05-01 06:00:00 - Jurug,78.57
2026-05-01 12:00:00 - Jurug,78.53
2026-05-01 18:00:00 - Jurug,78.43
2026-05-02 06:00:00 - Jurug,78.57
2026-05-02 12:00:00 - Jurug,78.53
2026-05-02 18:00:00 - Jurug,78.43
2026-05-03 06:00:00 - Jurug,78.57
2026-05-03 12:00:00 - Jurug,78.53
2026-05-03 18:00:00 - Jurug,78.43
2026-05-04 06:00:00 - Jurug,78.57
2026-05-04 12:00:00 - Jurug,78.53
2026-05-04 18:00:00 - Jurug,78.43
2026-05-05 06:00:00 - Jurug,78.57
2026-05-05 12:00:00 - Jurug,78.53
2026-05-05 18:00:00 - Jurug,78.43
2026-05-06 06:00:00 - Jurug,78.57
2026-05-06 12:00:00 - Jurug,78.53
2026-05-06 18:00:00 - Jurug,78.43
2026-05-07 06:00:00 - Jurug,78.57
2026-05-07 12:00:00 - Jurug,78.53
2026-05-07 18:00:00 - Jurug,78.43
2026-05-08 06:00:00 - Jurug,78.57
2026-05-08 12:00:00 - Jurug,78.53
2026-05-08 18:00:00 - Jurug,78.43
2026-05-09 06:00:00 - Jurug,78.57
2026-05-09 12:00:00 - Jurug,78.53
2026-05-09 18:00:00 - Jurug,78.43
2026-05-10 06:00:00 - Jurug,78.57
2026-05-10 12:00:00 - Jurug,78.53
2026-05-10 18:00:00 - Jurug,78.43
2026-05-11 06:00:00 - Jurug,78.57
2026-05-11 12:00:00 - Jurug,78.53
2026-05-11 18:00:00 - Jurug,78.43
2026-05-12 06:00:00 - Jurug,78.57
2026-05-12 12:00:00 - Jurug,78.53
2026-05-12 18:00:00 - Jurug,78.43
2026-05-13 06:00:00 - Jurug,78.57
2026-05-13 12:00:00 - Jurug,78.53
2026-05-13 18:00:00 - Jurug,78.43
2026-05-14 06:00:00 - Jurug,78.57
2026-05-14 12:00:00 - Jurug,78.53
2026-05-14 18:00:00 - Jurug,78.43
2026-05-15 06:00:00 - Jurug,78.57
2026-05-15 12:00:00 - Jurug,78.53
2026-05-15 18:00:00 - Jurug,78.43
2026-05-16 06:00:00 - Jurug,78.57
2026-05-16 12:00:00 - Jurug,78.53
2026-05-16 18:00:00 - Jurug,78.43
2026-05-17 06:00:00 - Jurug,78.57
2026-05-17 12:00:00 - Jurug,78.53
2026-05-17 18:00:00 - Jurug,78.43
2026-05-18 06:00:00 - Jurug,78.57
2026-05-18 12:00:00 - Jurug,78.53
2026-05-18 18:00:00 - Jurug,78.43
2025-09-19 06:00:00 - Kajangan,49.93
2025-09-19 12:00:00 - Kajangan,49.925
2025-09-19 18:00:00 - Kajangan,49.92
2025-09-20 06:00:00 - Kajangan,49.93
2025-09-20 12:00:00 - Kajangan,49.925
2025-09-20 18:00:00 - Kajangan,49.92
2025-09-21 06:00:00 - Kajangan,49.93
2025-09-21 12:00:00 - Kajangan,49.925
2025-09-21 18:00:00 - Kajangan,49.92
2025-09-22 06:00:00 - Kajangan,49.93
2025-09-22 12:00:00 - Kajangan,49.925
2025-09-22 18:00:00 - Kajangan,49.92
2025-09-23 06:00:00 - Kajangan,49.93
2025-09-23 12:00:00 - Kajangan,49.925
2025-09-23 18:00:00 - Kajangan,49.92
2025-09-24 06:00:00 - Kajangan,49.93
2025-09-24 12:00:00 - Kajangan,49.925
2025-09-24 18:00:00 - Kajangan,49.92
2025-09-25 06:00:00 - Kajangan,49.93
2025-09-25 12:00:00 - Kajangan,49.925
2025-09-25 18:00:00 - Kajangan,49.92
2025-09-26 06:00:00 - Kajangan,49.93
2025-09-26 12:00:00 - Kajangan,49.925
2025-09-26 18:00:00 - Kajangan,49.92
2025-09-27 06:00:00 - Kajangan,49.93
2025-09-27 12:00:00 - Kajangan,49.925
2025-09-27 18:00:00 - Kajangan,49.92
2025-09-28 06:00:00 - Kajangan,49.93
2025-09-28 12:00:00 - Kajangan,49.925
2025-09-28 18:00:00 - Kajangan,49.92
2025-09-29 06:00:00 - Kajangan,49.93
2025-09-29 12:00:00 - Kajangan,49.925
2025-09-29 18:00:00 - Kajangan,49.92
2025-09-30 06:00:00 - Kajangan,49.93
2025-09-30 12:00:00 - Kajangan,49.925
2025-09-30 18:00:00 - Kajangan,49.92
2025-10-01 06:00:00 - Kajangan,49.846629547650664
2025-10-01 12:00:00 - Kajangan,49.84
2025-10-01 18:00:00 - Kajangan,49.835
2025-10-02 06:00:00 - Kajangan,49.846629547650664
2025-10-02 12:00:00 - Kajangan,49.84
2025-10-02 18:00:00 - Kajangan,49.835
2025-10-03 06:00:00 - Kajangan,49.846629547650664
2025-10-03 12:00:00 - Kajangan,49.84
2025-10-03 18:00:00 - Kajangan,49.835
2025-10-04 06:00:00 - Kajangan,49.846629547650664
2025-10-04 12:00:00 - Kajangan,49.84
2025-10-04 18:00:00 - Kajangan,49.835
2025-10-05 06:00:00 - Kajangan,49.846629547650664
2025-10-05 12:00:00 - Kajangan,49.84
2025-10-05 18:00:00 - Kajangan,49.835
2025-10-06 06:00:00 - Kajangan,49.846629547650664
2025-10-06 12:00:00 - Kajangan,49.84
2025-10-06 18:00:00 - Kajangan,49.835
2025-10-07 06:00:00 - Kajangan,49.846629547650664
2025-10-07 12:00:00 - Kajangan,49.84
2025-10-07 18:00:00 - Kajangan,49.835
2025-10-08 06:00:00 - Kajangan,49.846629547650664
2025-10-08 12:00:00 - Kajangan,49.84
2025-10-08 18:00:00 - Kajangan,49.835
2025-10-09 06:00:00 - Kajangan,49.846629547650664
2025-10-09 12:00:00 - Kajangan,49.84
2025-10-09 18:00:00 - Kajangan,49.835
2025-10-10 06:00:00 - Kajangan,49.846629547650664
2025-10-10 12:00:00 - Kajangan,49.84
2025-10-10 18:00:00 - Kajangan,49.835
2025-10-11 06:00:00 - Kajangan,49.846629547650664
2025-10-11 12:00:00 - Kajangan,49.84
2025-10-11 18:00:00 - Kajangan,49.835
2025-10-12 06:00:00 - Kajangan,49.846629547650664
2025-10-12 12:00:00 - Kajangan,49.84
2025-10-12 18:00:00 - Kajangan,49.835
2025-10-13 06:00:00 - Kajangan,49.846629547650664
2025-10-13 12:00:00 - Kajangan,49.84
2025-10-13 18:00:00 - Kajangan,49.835
2025-10-14 06:00:00 - Kajangan,49.846629547650664
2025-10-14 12:00:00 - Kajangan,49.84
2025-10-14 18:00:00 - Kajangan,49.835
2025-10-15 06:00:00 - Kajangan,49.846629547650664
2025-10-15 12:00:00 - Kajangan,49.84
2025-10-15 18:00:00 - Kajangan,49.835
2025-10-16 06:00:00 - Kajangan,49.846629547650664
2025-10-16 12:00:00 - Kajangan,49.84
2025-10-16 18:00:00 - Kajangan,49.835
2025-10-17 06:00:00 - Kajangan,49.846629547650664
2025-10-17 12:00:00 - Kajangan,49.84
2025-10-17 18:00:00 - Kajangan,49.835
2025-10-18 06:00:00 - Kajangan,49.846629547650664
2025-10-18 12:00:00 - Kajangan,49.84
2025-10-18 18:00:00 - Kajangan,49.835
2025-10-19 06:00:00 - Kajangan,49.846629547650664
2025-10-19 12:00:00 - Kajangan,49.84
2025-10-19 18:00:00 - Kajangan,49.835
2025-10-20 06:00:00 - Kajangan,49.846629547650664
2025-10-20 12:00:00 - Kajangan,49.84
2025-10-20 18:00:00 - Kajangan,49.835
2025-10-21 06:00:00 - Kajangan,49.846629547650664
2025-10-21 12:00:00 - Kajangan,49.84
2025-10-21 18:00:00 - Kajangan,49.835
2025-10-22 06:00:00 - Kajangan,49.846629547650664
2025-10-22 12:00:00 - Kajangan,49.84
2025-10-22 18:00:00 - Kajangan,49.835
2025-10-23 06:00:00 - Kajangan,49.846629547650664
2025-10-23 12:00:00 - Kajangan,49.84
2025-10-23 18:00:00 - Kajangan,49.835
2025-10-24 06:00:00 - Kajangan,49.846629547650664
2025-10-24 12:00:00 - Kajangan,49.84
2025-10-24 18:00:00 - Kajangan,49.835
2025-10-25 06:00:00 - Kajangan,49.846629547650664
2025-10-25 12:00:00 - Kajangan,49.84
2025-10-25 18:00:00 - Kajangan,49.835
2025-10-26 06:00:00 - Kajangan,49.846629547650664
2025-10-26 12:00:00 - Kajangan,49.84
2025-10-26 18:00:00 - Kajangan,49.835
2025-10-27 06:00:00 - Kajangan,49.846629547650664
2025-10-27 12:00:00 - Kajangan,49.84
2025-10-27 18:00:00 - Kajangan,49.835
2025-10-28 06:00:00 - Kajangan,49.846629547650664
2025-10-28 12:00:00 - Kajangan,49.84
2025-10-28 18:00:00 - Kajangan,49.835
2025-10-29 06:00:00 - Kajangan,49.846629547650664
2025-10-29 12:00:00 - Kajangan,49.84
2025-10-29 18:00:00 - Kajangan,49.835
2025-10-30 06:00:00 - Kajangan,49.846629547650664
2025-10-30 12:00:00 - Kajangan,49.84
2025-10-30 18:00:00 - Kajangan,49.835
2025-10-31 06:00:00 - Kajangan,49.846629547650664
2025-10-31 12:00:00 - Kajangan,49.84
2025-10-31 18:00:00 - Kajangan,49.835
2025-11-01 06:00:00 - Kajangan,50.17
2025-11-01 12:00:00 - Kajangan,50.195
2025-11-01 18:00:00 - Kajangan,50.185
2025-11-02 06:00:00 - Kajangan,50.17
2025-11-02 12:00:00 - Kajangan,50.195
2025-11-02 18:00:00 - Kajangan,50.185
2025-11-03 06:00:00 - Kajangan,50.17
2025-11-03 12:00:00 - Kajangan,50.195
2025-11-03 18:00:00 - Kajangan,50.185
2025-11-04 06:00:00 - Kajangan,50.17
2025-11-04 12:00:00 - Kajangan,50.195
2025-11-04 18:00:00 - Kajangan,50.185
2025-11-05 06:00:00 - Kajangan,50.17
2025-11-05 12:00:00 - Kajangan,50.195
2025-11-05 18:00:00 - Kajangan,50.185
2025-11-06 06:00:00 - Kajangan,50.17
2025-11-06 12:00:00 - Kajangan,50.195
2025-11-06 18:00:00 - Kajangan,50.185
2025-11-07 06:00:00 - Kajangan,50.17
2025-11-07 12:00:00 - Kajangan,50.195
2025-11-07 18:00:00 - Kajangan,50.185
2025-11-08 06:00:00 - Kajangan,50.17
2025-11-08 12:00:00 - Kajangan,50.195
2025-11-08 18:00:00 - Kajangan,50.185
2025-11-09 06:00:00 - Kajangan,50.17
2025-11-09 12:00:00 - Kajangan,50.195
2025-11-09 18:00:00 - Kajangan,50.185
2025-11-10 06:00:00 - Kajangan,50.17
2025-11-10 12:00:00 - Kajangan,50.195
2025-11-10 18:00:00 - Kajangan,50.185
2025-11-11 06:00:00 - Kajangan,50.17
2025-11-11 12:00:00 - Kajangan,50.195
2025-11-11 18:00:00 - Kajangan,50.185
2025-11-12 06:00:00 - Kajangan,50.17
2025-11-12 12:00:00 - Kajangan,50.195
2025-11-12 18:00:00 - Kajangan,50.185
2025-11-13 06:00:00 - Kajangan,50.17
2025-11-13 12:00:00 - Kajangan,50.195
2025-11-13 18:00:00 - Kajangan,50.185
2025-11-14 06:00:00 - Kajangan,50.17
2025-11-14 12:00:00 - Kajangan,50.195
2025-11-14 18:00:00 - Kajangan,50.185
2025-11-15 06:00:00 - Kajangan,50.17
2025-11-15 12:00:00 - Kajangan,50.195
2025-11-15 18:00:00 - Kajangan,50.185
2025-11-16 06:00:00 - Kajangan,50.17
2025-11-16 12:00:00 - Kajangan,50.195
2025-11-16 18:00:00 - Kajangan,50.185
2025-11-17 06:00:00 - Kajangan,50.17
2025-11-17 12:00:00 - Kajangan,50.195
2025-11-17 18:00:00 - Kajangan,50.185
2025-11-18 06:00:00 - Kajangan,50.17
2025-11-18 12:00:00 - Kajangan,50.195
2025-11-18 18:00:00 - Kajangan,50.185
2025-11-19 06:00:00 - Kajangan,50.17
2025-11-19 12:00:00 - Kajangan,50.195
2025-11-19 18:00:00 - Kajangan,50.185
2025-11-20 06:00:00 - Kajangan,50.17
2025-11-20 12:00:00 - Kajangan,50.195
2025-11-20 18:00:00 - Kajangan,50.185
2025-11-21 06:00:00 - Kajangan,50.17
2025-11-21 12:00:00 - Kajangan,50.195
2025-11-21 18:00:00 - Kajangan,50.185
2025-11-22 06:00:00 - Kajangan,50.17
2025-11-22 12:00:00 - Kajangan,50.195
2025-11-22 18:00:00 - Kajangan,50.185
2025-11-23 06:00:00 - Kajangan,50.17
2025-11-23 12:00:00 - Kajangan,50.195
2025-11-23 18:00:00 - Kajangan,50.185
2025-11-24 06:00:00 - Kajangan,50.17
2025-11-24 12:00:00 - Kajangan,50.195
2025-11-24 18:00:00 - Kajangan,50.185
2025-11-25 06:00:00 - Kajangan,50.17
2025-11-25 12:00:00 - Kajangan,50.195
2025-11-25 18:00:00 - Kajangan,50.185
2025-11-26 06:00:00 - Kajangan,50.17
2025-11-26 12:00:00 - Kajangan,50.195
2025-11-26 18:00:00 - Kajangan,50.185
2025-11-27 06:00:00 - Kajangan,50.17
2025-11-27 12:00:00 - Kajangan,50.195
2025-11-27 18:00:00 - Kajangan,50.185
2025-11-28 06:00:00 - Kajangan,50.17
2025-11-28 12:00:00 - Kajangan,50.195
2025-11-28 18:00:00 - Kajangan,50.185
2025-11-29 06:00:00 - Kajangan,50.17
2025-11-29 12:00:00 - Kajangan,50.195
2025-11-29 18:00:00 - Kajangan,50.185
2025-11-30 06:00:00 - Kajangan,50.17
2025-11-30 12:00:00 - Kajangan,50.195
2025-11-30 18:00:00 - Kajangan,50.185
2025-12-01 06:00:00 - Kajangan,51.019999999999996
2025-12-01 12:00:00 - Kajangan,51.2594454142686
2025-12-01 18:00:00 - Kajangan,51.120000000000005
2025-12-02 06:00:00 - Kajangan,51.019999999999996
2025-12-02 12:00:00 - Kajangan,51.2594454142686
2025-12-02 18:00:00 - Kajangan,51.120000000000005
2025-12-03 06:00:00 - Kajangan,51.019999999999996
2025-12-03 12:00:00 - Kajangan,51.2594454142686
2025-12-03 18:00:00 - Kajangan,51.120000000000005
2025-12-04 06:00:00 - Kajangan,51.019999999999996
2025-12-04 12:00:00 - Kajangan,51.2594454142686
2025-12-04 18:00:00 - Kajangan,51.120000000000005
2025-12-05 06:00:00 - Kajangan,51.019999999999996
2025-12-05 12:00:00 - Kajangan,51.2594454142686
2025-12-05 18:00:00 - Kajangan,51.120000000000005
2025-12-06 06:00:00 - Kajangan,51.019999999999996
2025-12-06 12:00:00 - Kajangan,51.2594454142686
2025-12-06 18:00:00 - Kajangan,51.120000000000005
2025-12-07 06:00:00 - Kajangan,51.019999999999996
2025-12-07 12:00:00 - Kajangan,51.2594454142686
2025-12-07 18:00:00 - Kajangan,51.120000000000005
2025-12-08 06:00:00 - Kajangan,51.019999999999996
2025-12-08 12:00:00 - Kajangan,51.2594454142686
2025-12-08 18:00:00 - Kajangan,51.120000000000005
2025-12-09 06:00:00 - Kajangan,51.019999999999996
2025-12-09 12:00:00 - Kajangan,51.2594454142686
2025-12-09 18:00:00 - Kajangan,51.120000000000005
2025-12-10 06:00:00 - Kajangan,51.019999999999996
2025-12-10 12:00:00 - Kajangan,51.2594454142686
2025-12-10 18:00:00 - Kajangan,51.120000000000005
2025-12-11 06:00:00 - Kajangan,51.019999999999996
2025-12-11 12:00:00 - Kajangan,51.2594454142686
2025-12-11 18:00:00 - Kajangan,51.120000000000005
2025-12-12 06:00:00 - Kajangan,51.019999999999996
2025-12-12 12:00:00 - Kajangan,51.2594454142686
2025-12-12 18:00:00 - Kajangan,51.120000000000005
2025-12-13 06:00:00 - Kajangan,51.019999999999996
2025-12-13 12:00:00 - Kajangan,51.2594454142686
2025-12-13 18:00:00 - Kajangan,51.120000000000005
2025-12-14 06:00:00 - Kajangan,51.019999999999996
2025-12-14 12:00:00 - Kajangan,51.2594454142686
2025-12-14 18:00:00 - Kajangan,51.120000000000005
2025-12-15 06:00:00 - Kajangan,51.019999999999996
2025-12-15 12:00:00 - Kajangan,51.2594454142686
2025-12-15 18:00:00 - Kajangan,51.120000000000005
2025-12-16 06:00:00 - Kajangan,51.019999999999996
2025-12-16 12:00:00 - Kajangan,51.2594454142686
2025-12-16 18:00:00 - Kajangan,51.120000000000005
2025-12-17 06:00:00 - Kajangan,51.019999999999996
2025-12-17 12:00:00 - Kajangan,51.2594454142686
2025-12-17 18:00:00 - Kajangan,51.120000000000005
2025-12-18 06:00:00 - Kajangan,51.019999999999996
2025-12-18 12:00:00 - Kajangan,51.2594454142686
2025-12-18 18:00:00 - Kajangan,51.120000000000005
2025-12-19 06:00:00 - Kajangan,51.019999999999996
2025-12-19 12:00:00 - Kajangan,51.2594454142686
2025-12-19 18:00:00 - Kajangan,51.120000000000005
2025-12-20 06:00:00 - Kajangan,51.019999999999996
2025-12-20 12:00:00 - Kajangan,51.2594454142686
2025-12-20 18:00:00 - Kajangan,51.120000000000005
2025-12-21 06:00:00 - Kajangan,51.019999999999996
2025-12-21 12:00:00 - Kajangan,51.2594454142686
2025-12-21 18:00:00 - Kajangan,51.120000000000005
2025-12-22 06:00:00 - Kajangan,51.019999999999996
2025-12-22 12:00:00 - Kajangan,51.2594454142686
2025-12-22 18:00:00 - Kajangan,51.120000000000005
2025-12-23 06:00:00 - Kajangan,51.019999999999996
2025-12-23 12:00:00 - Kajangan,51.2594454142686
2025-12-23 18:00:00 - Kajangan,51.120000000000005
2025-12-24 06:00:00 - Kajangan,51.019999999999996
2025-12-24 12:00:00 - Kajangan,51.2594454142686
2025-12-24 18:00:00 - Kajangan,51.120000000000005
2025-12-25 06:00:00 - Kajangan,51.019999999999996
2025-12-25 12:00:00 - Kajangan,51.2594454142686
2025-12-25 18:00:00 - Kajangan,51.120000000000005
2025-12-26 06:00:00 - Kajangan,51.019999999999996
2025-12-26 12:00:00 - Kajangan,51.2594454142686
2025-12-26 18:00:00 - Kajangan,51.120000000000005
2025-12-27 06:00:00 - Kajangan,51.019999999999996
2025-12-27 12:00:00 - Kajangan,51.2594454142686
2025-12-27 18:00:00 - Kajangan,51.120000000000005
2025-12-28 06:00:00 - Kajangan,51.019999999999996
2025-12-28 12:00:00 - Kajangan,51.2594454142686
2025-12-28 18:00:00 - Kajangan,51.120000000000005
2025-12-29 06:00:00 - Kajangan,51.019999999999996
2025-12-29 12:00:00 - Kajangan,51.2594454142686
2025-12-29 18:00:00 - Kajangan,51.120000000000005
2025-12-30 06:00:00 - Kajangan,51.019999999999996
2025-12-30 12:00:00 - Kajangan,51.2594454142686
2025-12-30 18:00:00 - Kajangan,51.120000000000005
2025-12-31 06:00:00 - Kajangan,51.019999999999996
2025-12-31 12:00:00 - Kajangan,51.2594454142686
2025-12-31 18:00:00 - Kajangan,51.120000000000005
2026-01-01 06:00:00 - Kajangan,51.89
2026-01-01 12:00:00 - Kajangan,51.87
2026-01-01 18:00:00 - Kajangan,51.77
2026-01-02 06:00:00 - Kajangan,51.89
2026-01-02 12:00:00 - Kajangan,51.87
2026-01-02 18:00:00 - Kajangan,51.77
2026-01-03 06:00:00 - Kajangan,51.89
2026-01-03 12:00:00 - Kajangan,51.87
2026-01-03 18:00:00 - Kajangan,51.77
2026-01-04 06:00:00 - Kajangan,51.89
2026-01-04 12:00:00 - Kajangan,51.87
2026-01-04 18:00:00 - Kajangan,51.77
2026-01-05 06:00:00 - Kajangan,51.89
2026-01-05 12:00:00 - Kajangan,51.87
2026-01-05 18:00:00 - Kajangan,51.77
2026-01-06 06:00:00 - Kajangan,51.89
2026-01-06 12:00:00 - Kajangan,51.87
2026-01-06 18:00:00 - Kajangan,51.77
2026-01-07 06:00:00 - Kajangan,51.89
2026-01-07 12:00:00 - Kajangan,51.87
2026-01-07 18:00:00 - Kajangan,51.77
2026-01-08 06:00:00 - Kajangan,51.89
2026-01-08 12:00:00 - Kajangan,51.87
2026-01-08 18:00:00 - Kajangan,51.77
2026-01-09 06:00:00 - Kajangan,51.89
2026-01-09 12:00:00 - Kajangan,51.87
2026-01-09 18:00:00 - Kajangan,51.77
2026-01-10 06:00:00 - Kajangan,51.89
2026-01-10 12:00:00 - Kajangan,51.87
2026-01-10 18:00:00 - Kajangan,51.77
2026-01-11 06:00:00 - Kajangan,51.89
2026-01-11 12:00:00 - Kajangan,51.87
2026-01-11 18:00:00 - Kajangan,51.77
2026-01-12 06:00:00 - Kajangan,51.89
2026-01-12 12:00:00 - Kajangan,51.87
2026-01-12 18:00:00 - Kajangan,51.77
2026-01-13 06:00:00 - Kajangan,51.89
2026-01-13 12:00:00 - Kajangan,51.87
2026-01-13 18:00:00 - Kajangan,51.77
2026-01-14 06:00:00 - Kajangan,51.89
2026-01-14 12:00:00 - Kajangan,51.87
2026-01-14 18:00:00 - Kajangan,51.77
2026-01-15 06:00:00 - Kajangan,51.89
2026-01-15 12:00:00 - Kajangan,51.87
2026-01-15 18:00:00 - Kajangan,51.77
2026-01-16 06:00:00 - Kajangan,51.89
2026-01-16 12:00:00 - Kajangan,51.87
2026-01-16 18:00:00 - Kajangan,51.77
2026-01-17 06:00:00 - Kajangan,51.89
2026-01-17 12:00:00 - Kajangan,51.87
2026-01-17 18:00:00 - Kajangan,51.77
2026-01-18 06:00:00 - Kajangan,51.89
2026-01-18 12:00:00 - Kajangan,51.87
2026-01-18 18:00:00 - Kajangan,51.77
2026-01-19 06:00:00 - Kajangan,51.89
2026-01-19 12:00:00 - Kajangan,51.87
2026-01-19 18:00:00 - Kajangan,51.77
2026-01-20 06:00:00 - Kajangan,51.89
2026-01-20 12:00:00 - Kajangan,51.87
2026-01-20 18:00:00 - Kajangan,51.77
2026-01-21 06:00:00 - Kajangan,51.89
2026-01-21 12:00:00 - Kajangan,51.87
2026-01-21 18:00:00 - Kajangan,51.77
2026-01-22 06:00:00 - Kajangan,51.89
2026-01-22 12:00:00 - Kajangan,51.87
2026-01-22 18:00:00 - Kajangan,51.77
2026-01-23 06:00:00 - Kajangan,51.89
2026-01-23 12:00:00 - Kajangan,51.87
2026-01-23 18:00:00 - Kajangan,51.77
2026-01-24 06:00:00 - Kajangan,51.89
2026-01-24 12:00:00 - Kajangan,51.87
2026-01-24 18:00:00 - Kajangan,51.77
2026-01-25 06:00:00 - Kajangan,51.89
2026-01-25 12:00:00 - Kajangan,51.87
2026-01-25 18:00:00 - Kajangan,51.77
2026-01-26 06:00:00 - Kajangan,51.89
2026-01-26 12:00:00 - Kajangan,51.87
2026-01-26 18:00:00 - Kajangan,51.77
2026-01-27 06:00:00 - Kajangan,51.89
2026-01-27 12:00:00 - Kajangan,51.87
2026-01-27 18:00:00 - Kajangan,51.77
2026-01-28 06:00:00 - Kajangan,51.89
2026-01-28 12:00:00 - Kajangan,51.87
2026-01-28 18:00:00 - Kajangan,51.77
2026-01-29 06:00:00 - Kajangan,51.89
2026-01-29 12:00:00 - Kajangan,51.87
2026-01-29 18:00:00 - Kajangan,51.77
2026-01-30 06:00:00 - Kajangan,51.89
2026-01-30 12:00:00 - Kajangan,51.87
2026-01-30 18:00:00 - Kajangan,51.77
2026-01-31 06:00:00 - Kajangan,51.89
2026-01-31 12:00:00 - Kajangan,51.87
2026-01-31 18:00:00 - Kajangan,51.77
2026-02-01 06:00:00 - Kajangan,52.445
2026-02-01 12:00:00 - Kajangan,52.32
2026-02-01 18:00:00 - Kajangan,52.22
2026-02-02 06:00:00 - Kajangan,52.445
2026-02-02 12:00:00 - Kajangan,52.32
2026-02-02 18:00:00 - Kajangan,52.22
2026-02-03 06:00:00 - Kajangan,52.445
2026-02-03 12:00:00 - Kajangan,52.32
2026-02-03 18:00:00 - Kajangan,52.22
2026-02-04 06:00:00 - Kajangan,52.445
2026-02-04 12:00:00 - Kajangan,52.32
2026-02-04 18:00:00 - Kajangan,52.22
2026-02-05 06:00:00 - Kajangan,52.445
2026-02-05 12:00:00 - Kajangan,52.32
2026-02-05 18:00:00 - Kajangan,52.22
2026-02-06 06:00:00 - Kajangan,52.445
2026-02-06 12:00:00 - Kajangan,52.32
2026-02-06 18:00:00 - Kajangan,52.22
2026-02-07 06:00:00 - Kajangan,52.445
2026-02-07 12:00:00 - Kajangan,52.32
2026-02-07 18:00:00 - Kajangan,52.22
2026-02-08 06:00:00 - Kajangan,52.445
2026-02-08 12:00:00 - Kajangan,52.32
2026-02-08 18:00:00 - Kajangan,52.22
2026-02-09 06:00:00 - Kajangan,52.445
2026-02-09 12:00:00 - Kajangan,52.32
2026-02-09 18:00:00 - Kajangan,52.22
2026-02-10 06:00:00 - Kajangan,52.445
2026-02-10 12:00:00 - Kajangan,52.32
2026-02-10 18:00:00 - Kajangan,52.22
2026-02-11 06:00:00 - Kajangan,52.445
2026-02-11 12:00:00 - Kajangan,52.32
2026-02-11 18:00:00 - Kajangan,52.22
2026-02-12 06:00:00 - Kajangan,52.445
2026-02-12 12:00:00 - Kajangan,52.32
2026-02-12 18:00:00 - Kajangan,52.22
2026-02-13 06:00:00 - Kajangan,52.445
2026-02-13 12:00:00 - Kajangan,52.32
2026-02-13 18:00:00 - Kajangan,52.22
2026-02-14 06:00:00 - Kajangan,52.445
2026-02-14 12:00:00 - Kajangan,52.32
2026-02-14 18:00:00 - Kajangan,52.22
2026-02-15 06:00:00 - Kajangan,52.445
2026-02-15 12:00:00 - Kajangan,52.32
2026-02-15 18:00:00 - Kajangan,52.22
2026-02-16 06:00:00 - Kajangan,52.445
2026-02-16 12:00:00 - Kajangan,52.32
2026-02-16 18:00:00 - Kajangan,52.22
2026-02-17 06:00:00 - Kajangan,52.445
2026-02-17 12:00:00 - Kajangan,52.32
2026-02-17 18:00:00 - Kajangan,52.22
2026-02-18 06:00:00 - Kajangan,52.445
2026-02-18 12:00:00 - Kajangan,52.32
2026-02-18 18:00:00 - Kajangan,52.22
2026-02-19 06:00:00 - Kajangan,52.445
2026-02-19 12:00:00 - Kajangan,52.32
2026-02-19 18:00:00 - Kajangan,52.22
2026-02-20 06:00:00 - Kajangan,52.445
2026-02-20 12:00:00 - Kajangan,52.32
2026-02-20 18:00:00 - Kajangan,52.22
2026-02-21 06:00:00 - Kajangan,52.445
2026-02-21 12:00:00 - Kajangan,52.32
2026-02-21 18:00:00 - Kajangan,52.22
2026-02-22 06:00:00 - Kajangan,52.445
2026-02-22 12:00:00 - Kajangan,52.32
2026-02-22 18:00:00 - Kajangan,52.22
2026-02-23 06:00:00 - Kajangan,52.445
2026-02-23 12:00:00 - Kajangan,52.32
2026-02-23 18:00:00 - Kajangan,52.22
2026-02-24 06:00:00 - Kajangan,52.445
2026-02-24 12:00:00 - Kajangan,52.32
2026-02-24 18:00:00 - Kajangan,52.22
2026-02-25 06:00:00 - Kajangan,52.445
2026-02-25 12:00:00 - Kajangan,52.32
2026-02-25 18:00:00 - Kajangan,52.22
2026-02-26 06:00:00 - Kajangan,52.445
2026-02-26 12:00:00 - Kajangan,52.32
2026-02-26 18:00:00 - Kajangan,52.22
2026-02-27 06:00:00 - Kajangan,52.445
2026-02-27 12:00:00 - Kajangan,52.32
2026-02-27 18:00:00 - Kajangan,52.22
2026-02-28 06:00:00 - Kajangan,52.445
2026-02-28 12:00:00 - Kajangan,52.32
2026-02-28 18:00:00 - Kajangan,52.22
2026-03-01 06:00:00 - Kajangan,52.42
2026-03-01 12:00:00 - Kajangan,52.27
2026-03-01 18:00:00 - Kajangan,52.36
2026-03-02 06:00:00 - Kajangan,52.42
2026-03-02 12:00:00 - Kajangan,52.27
2026-03-02 18:00:00 - Kajangan,52.36
2026-03-03 06:00:00 - Kajangan,52.42
2026-03-03 12:00:00 - Kajangan,52.27
2026-03-03 18:00:00 - Kajangan,52.36
2026-03-04 06:00:00 - Kajangan,52.42
2026-03-04 12:00:00 - Kajangan,52.27
2026-03-04 18:00:00 - Kajangan,52.36
2026-03-05 06:00:00 - Kajangan,52.42
2026-03-05 12:00:00 - Kajangan,52.27
2026-03-05 18:00:00 - Kajangan,52.36
2026-03-06 06:00:00 - Kajangan,52.42
2026-03-06 12:00:00 - Kajangan,52.27
2026-03-06 18:00:00 - Kajangan,52.36
2026-03-07 06:00:00 - Kajangan,52.42
2026-03-07 12:00:00 - Kajangan,52.27
2026-03-07 18:00:00 - Kajangan,52.36
2026-03-08 06:00:00 - Kajangan,52.42
2026-03-08 12:00:00 - Kajangan,52.27
2026-03-08 18:00:00 - Kajangan,52.36
2026-03-09 06:00:00 - Kajangan,52.42
2026-03-09 12:00:00 - Kajangan,52.27
2026-03-09 18:00:00 - Kajangan,52.36
2026-03-10 06:00:00 - Kajangan,52.42
2026-03-10 12:00:00 - Kajangan,52.27
2026-03-10 18:00:00 - Kajangan,52.36
2026-03-11 06:00:00 - Kajangan,52.42
2026-03-11 12:00:00 - Kajangan,52.27
2026-03-11 18:00:00 - Kajangan,52.36
2026-03-12 06:00:00 - Kajangan,52.42
2026-03-12 12:00:00 - Kajangan,52.27
2026-03-12 18:00:00 - Kajangan,52.36
2026-03-13 06:00:00 - Kajangan,52.42
2026-03-13 12:00:00 - Kajangan,52.27
2026-03-13 18:00:00 - Kajangan,52.36
2026-03-14 06:00:00 - Kajangan,52.42
2026-03-14 12:00:00 - Kajangan,52.27
2026-03-14 18:00:00 - Kajangan,52.36
2026-03-15 06:00:00 - Kajangan,52.42
2026-03-15 12:00:00 - Kajangan,52.27
2026-03-15 18:00:00 - Kajangan,52.36
2026-03-16 06:00:00 - Kajangan,52.42
2026-03-16 12:00:00 - Kajangan,52.27
2026-03-16 18:00:00 - Kajangan,52.36
2026-03-17 06:00:00 - Kajangan,52.42
2026-03-17 12:00:00 - Kajangan,52.27
2026-03-17 18:00:00 - Kajangan,52.36
2026-03-18 06:00:00 - Kajangan,52.42
2026-03-18 12:00:00 - Kajangan,52.27
2026-03-18 18:00:00 - Kajangan,52.36
2026-03-19 06:00:00 - Kajangan,52.42
2026-03-19 12:00:00 - Kajangan,52.27
2026-03-19 18:00:00 - Kajangan,52.36
2026-03-20 06:00:00 - Kajangan,52.42
2026-03-20 12:00:00 - Kajangan,52.27
2026-03-20 18:00:00 - Kajangan,52.36
2026-03-21 06:00:00 - Kajangan,52.42
2026-03-21 12:00:00 - Kajangan,52.27
2026-03-21 18:00:00 - Kajangan,52.36
2026-03-22 06:00:00 - Kajangan,52.42
2026-03-22 12:00:00 - Kajangan,52.27
2026-03-22 18:00:00 - Kajangan,52.36
2026-03-23 06:00:00 - Kajangan,52.42
2026-03-23 12:00:00 - Kajangan,52.27
2026-03-23 18:00:00 - Kajangan,52.36
2026-03-24 06:00:00 - Kajangan,52.42
2026-03-24 12:00:00 - Kajangan,52.27
2026-03-24 18:00:00 - Kajangan,52.36
2026-03-25 06:00:00 - Kajangan,52.42
2026-03-25 12:00:00 - Kajangan,52.27
2026-03-25 18:00:00 - Kajangan,52.36
2026-03-26 06:00:00 - Kajangan,52.42
2026-03-26 12:00:00 - Kajangan,52.27
2026-03-26 18:00:00 - Kajangan,52.36
2026-03-27 06:00:00 - Kajangan,52.42
2026-03-27 12:00:00 - Kajangan,52.27
2026-03-27 18:00:00 - Kajangan,52.36
2026-03-28 06:00:00 - Kajangan,52.42
2026-03-28 12:00:00 - Kajangan,52.27
2026-03-28 18:00:00 - Kajangan,52.36
2026-03-29 06:00:00 - Kajangan,52.42
2026-03-29 12:00:00 - Kajangan,52.27
2026-03-29 18:00:00 - Kajangan,52.36
2026-03-30 06:00:00 - Kajangan,52.42
2026-03-30 12:00:00 - Kajangan,52.27
2026-03-30 18:00:00 - Kajangan,52.36
2026-03-31 06:00:00 - Kajangan,52.42
2026-03-31 12:00:00 - Kajangan,52.27
2026-03-31 18:00:00 - Kajangan,52.36
2026-04-01 06:00:00 - Kajangan,51.366629848990755
2026-04-01 12:00:00 - Kajangan,51.36
2026-04-01 18:00:00 - Kajangan,51.295
2026-04-02 06:00:00 - Kajangan,51.366629848990755
2026-04-02 12:00:00 - Kajangan,51.36
2026-04-02 18:00:00 - Kajangan,51.295
2026-04-03 06:00:00 - Kajangan,51.366629848990755
2026-04-03 12:00:00 - Kajangan,51.36
2026-04-03 18:00:00 - Kajangan,51.295
2026-04-04 06:00:00 - Kajangan,51.366629848990755
2026-04-04 12:00:00 - Kajangan,51.36
2026-04-04 18:00:00 - Kajangan,51.295
2026-04-05 06:00:00 - Kajangan,51.366629848990755
2026-04-05 12:00:00 - Kajangan,51.36
2026-04-05 18:00:00 - Kajangan,51.295
2026-04-06 06:00:00 - Kajangan,51.366629848990755
2026-04-06 12:00:00 - Kajangan,51.36
2026-04-06 18:00:00 - Kajangan,51.295
2026-04-07 06:00:00 - Kajangan,51.366629848990755
2026-04-07 12:00:00 - Kajangan,51.36
2026-04-07 18:00:00 - Kajangan,51.295
2026-04-08 06:00:00 - Kajangan,51.366629848990755
2026-04-08 12:00:00 - Kajangan,51.36
2026-04-08 18:00:00 - Kajangan,51.295
2026-04-09 06:00:00 - Kajangan,51.366629848990755
2026-04-09 12:00:00 - Kajangan,51.36
2026-04-09 18:00:00 - Kajangan,51.295
2026-04-10 06:00:00 - Kajangan,51.366629848990755
2026-04-10 12:00:00 - Kajangan,51.36
2026-04-10 18:00:00 - Kajangan,51.295
2026-04-11 06:00:00 - Kajangan,51.366629848990755
2026-04-11 12:00:00 - Kajangan,51.36
2026-04-11 18:00:00 - Kajangan,51.295
2026-04-12 06:00:00 - Kajangan,51.366629848990755
2026-04-12 12:00:00 - Kajangan,51.36
2026-04-12 18:00:00 - Kajangan,51.295
2026-04-13 06:00:00 - Kajangan,51.366629848990755
2026-04-13 12:00:00 - Kajangan,51.36
2026-04-13 18:00:00 - Kajangan,51.295
2026-04-14 06:00:00 - Kajangan,51.366629848990755
2026-04-14 12:00:00 - Kajangan,51.36
2026-04-14 18:00:00 - Kajangan,51.295
2026-04-15 06:00:00 - Kajangan,51.366629848990755
2026-04-15 12:00:00 - Kajangan,51.36
2026-04-15 18:00:00 - Kajangan,51.295
2026-04-16 06:00:00 - Kajangan,51.366629848990755
2026-04-16 12:00:00 - Kajangan,51.36
2026-04-16 18:00:00 - Kajangan,51.295
2026-04-17 06:00:00 - Kajangan,51.366629848990755
2026-04-17 12:00:00 - Kajangan,51.36
2026-04-17 18:00:00 - Kajangan,51.295
2026-04-18 06:00:00 - Kajangan,51.366629848990755
2026-04-18 12:00:00 - Kajangan,51.36
2026-04-18 18:00:00 - Kajangan,51.295
2026-04-19 06:00:00 - Kajangan,51.366629848990755
2026-04-19 12:00:00 - Kajangan,51.36
2026-04-19 18:00:00 - Kajangan,51.295
2026-04-20 06:00:00 - Kajangan,51.366629848990755
2026-04-20 12:00:00 - Kajangan,51.36
2026-04-20 18:00:00 - Kajangan,51.295
2026-04-21 06:00:00 - Kajangan,51.366629848990755
2026-04-21 12:00:00 - Kajangan,51.36
2026-04-21 18:00:00 - Kajangan,51.295
2026-04-22 06:00:00 - Kajangan,51.366629848990755
2026-04-22 12:00:00 - Kajangan,51.36
2026-04-22 18:00:00 - Kajangan,51.295
2026-04-23 06:00:00 - Kajangan,51.366629848990755
2026-04-23 12:00:00 - Kajangan,51.36
2026-04-23 18:00:00 - Kajangan,51.295
2026-04-24 06:00:00 - Kajangan,51.366629848990755
2026-04-24 12:00:00 - Kajangan,51.36
2026-04-24 18:00:00 - Kajangan,51.295
2026-04-25 06:00:00 - Kajangan,51.366629848990755
2026-04-25 12:00:00 - Kajangan,51.36
2026-04-25 18:00:00 - Kajangan,51.295
2026-04-26 06:00:00 - Kajangan,51.366629848990755
2026-04-26 12:00:00 - Kajangan,51.36
2026-04-26 18:00:00 - Kajangan,51.295
2026-04-27 06:00:00 - Kajangan,51.366629848990755
2026-04-27 12:00:00 - Kajangan,51.36
2026-04-27 18:00:00 - Kajangan,51.295
2026-04-28 06:00:00 - Kajangan,51.366629848990755
2026-04-28 12:00:00 - Kajangan,51.36
2026-04-28 18:00:00 - Kajangan,51.295
2026-04-29 06:00:00 - Kajangan,51.366629848990755
2026-04-29 12:00:00 - Kajangan,51.36
2026-04-29 18:00:00 - Kajangan,51.295
2026-04-30 06:00:00 - Kajangan,51.366629848990755
2026-04-30 12:00:00 - Kajangan,51.36
2026-04-30 18:00:00 - Kajangan,51.295
2026-05-01 06:00:00 - Kajangan,50.67
2026-05-01 12:00:00 - Kajangan,50.67
2026-05-01 18:00:00 - Kajangan,50.67
2026-05-02 06:00:00 - Kajangan,50.67
2026-05-02 12:00:00 - Kajangan,50.67
2026-05-02 18:00:00 - Kajangan,50.67
2026-05-03 06:00:00 - Kajangan,50.67
2026-05-03 12:00:00 - Kajangan,50.67
2026-05-03 18:00:00 - Kajangan,50.67
2026-05-04 06:00:00 - Kajangan,50.67
2026-05-04 12:00:00 - Kajangan,50.67
2026-05-04 18:00:00 - Kajangan,50.67
2026-05-05 06:00:00 - Kajangan,50.67
2026-05-05 12:00:00 - Kajangan,50.67
2026-05-05 18:00:00 - Kajangan,50.67
2026-05-06 06:00:00 - Kajangan,50.67
2026-05-06 12:00:00 - Kajangan,50.67
2026-05-06 18:00:00 - Kajangan,50.67
2026-05-07 06:00:00 - Kajangan,50.67
2026-05-07 12:00:00 - Kajangan,50.67
2026-05-07 18:00:00 - Kajangan,50.67
2026-05-08 06:00:00 - Kajangan,50.67
2026-05-08 12:00:00 - Kajangan,50.67
2026-05-08 18:00:00 - Kajangan,50.67
2026-05-09 06:00:00 - Kajangan,50.67
2026-05-09 12:00:00 - Kajangan,50.67
2026-05-09 18:00:00 - Kajangan,50.67
2026-05-10 06:00:00 - Kajangan,50.67
2026-05-10 12:00:00 - Kajangan,50.67
2026-05-10 18:00:00 - Kajangan,50.67
2026-05-11 06:00:00 - Kajangan,50.67
2026-05-11 12:00:00 - Kajangan,50.67
2026-05-11 18:00:00 - Kajangan,50.67
2026-05-12 06:00:00 - Kajangan,50.67
2026-05-12 12:00:00 - Kajangan,50.67
2026-05-12 18:00:00 - Kajangan,50.67
2026-05-13 06:00:00 - Kajangan,50.67
2026-05-13 12:00:00 - Kajangan,50.67
2026-05-13 18:00:00 - Kajangan,50.67
2026-05-14 06:00:00 - Kajangan,50.67
2026-05-14 12:00:00 - Kajangan,50.67
2026-05-14 18:00:00 - Kajangan,50.67
2026-05-15 06:00:00 - Kajangan,50.67
2026-05-15 12:00:00 - Kajangan,50.67
2026-05-15 18:00:00 - Kajangan,50.67
2026-05-16 06:00:00 - Kajangan,50.67
2026-05-16 12:00:00 - Kajangan,50.67
2026-05-16 18:00:00 - Kajangan,50.67
2026-05-17 06:00:00 - Kajangan,50.67
2026-05-17 12:00:00 - Kajangan,50.67
2026-05-17 18:00:00 - Kajangan,50.67
2026-05-18 06:00:00 - Kajangan,50.67
2026-05-18 12:00:00 - Kajangan,50.67
2026-05-18 18:00:00 - Kajangan,50.67
2025-09-19 06:00:00 - Kali Anyar - Kreteg Abang,85.86500000000001
2025-09-19 12:00:00 - Kali Anyar - Kreteg Abang,85.815
2025-09-19 18:00:00 - Kali Anyar - Kreteg Abang,85.84
2025-09-20 06:00:00 - Kali Anyar - Kreteg Abang,85.86500000000001
2025-09-20 12:00:00 - Kali Anyar - Kreteg Abang,85.815
2025-09-20 18:00:00 - Kali Anyar - Kreteg Abang,85.84
2025-09-21 06:00:00 - Kali Anyar - Kreteg Abang,85.86500000000001
2025-09-21 12:00:00 - Kali Anyar - Kreteg Abang,85.815
2025-09-21 18:00:00 - Kali Anyar - Kreteg Abang,85.84
2025-09-22 06:00:00 - Kali Anyar - Kreteg Abang,85.86500000000001
2025-09-22 12:00:00 - Kali Anyar - Kreteg Abang,85.815
2025-09-22 18:00:00 - Kali Anyar - Kreteg Abang,85.84
2025-09-23 06:00:00 - Kali Anyar - Kreteg Abang,85.86500000000001
2025-09-23 12:00:00 - Kali Anyar - Kreteg Abang,85.815
2025-09-23 18:00:00 - Kali Anyar - Kreteg Abang,85.84
2025-09-24 06:00:00 - Kali Anyar - Kreteg Abang,85.86500000000001
2025-09-24 12:00:00 - Kali Anyar - Kreteg Abang,85.815
2025-09-24 18:00:00 - Kali Anyar - Kreteg Abang,85.84
2025-09-25 06:00:00 - Kali Anyar - Kreteg Abang,85.86500000000001
2025-09-25 12:00:00 - Kali Anyar - Kreteg Abang,85.815
2025-09-25 18:00:00 - Kali Anyar - Kreteg Abang,85.84
2025-09-26 06:00:00 - Kali Anyar - Kreteg Abang,85.86500000000001
2025-09-26 12:00:00 - Kali Anyar - Kreteg Abang,85.815
2025-09-26 18:00:00 - Kali Anyar - Kreteg Abang,85.84
2025-09-27 06:00:00 - Kali Anyar - Kreteg Abang,85.86500000000001
2025-09-27 12:00:00 - Kali Anyar - Kreteg Abang,85.815
2025-09-27 18:00:00 - Kali Anyar - Kreteg Abang,85.84
2025-09-28 06:00:00 - Kali Anyar - Kreteg Abang,85.86500000000001
2025-09-28 12:00:00 - Kali Anyar - Kreteg Abang,85.815
2025-09-28 18:00:00 - Kali Anyar - Kreteg Abang,85.84
2025-09-29 06:00:00 - Kali Anyar - Kreteg Abang,85.86500000000001
2025-09-29 12:00:00 - Kali Anyar - Kreteg Abang,85.815
2025-09-29 18:00:00 - Kali Anyar - Kreteg Abang,85.84
2025-09-30 06:00:00 - Kali Anyar - Kreteg Abang,85.86500000000001
2025-09-30 12:00:00 - Kali Anyar - Kreteg Abang,85.815
2025-09-30 18:00:00 - Kali Anyar - Kreteg Abang,85.84
2025-10-01 06:00:00 - Kali Anyar - Kreteg Abang,85.58500000000001
2025-10-01 12:00:00 - Kali Anyar - Kreteg Abang,85.545
2025-10-01 18:00:00 - Kali Anyar - Kreteg Abang,85.59
2025-10-02 06:00:00 - Kali Anyar - Kreteg Abang,85.58500000000001
2025-10-02 12:00:00 - Kali Anyar - Kreteg Abang,85.545
2025-10-02 18:00:00 - Kali Anyar - Kreteg Abang,85.59
2025-10-03 06:00:00 - Kali Anyar - Kreteg Abang,85.58500000000001
2025-10-03 12:00:00 - Kali Anyar - Kreteg Abang,85.545
2025-10-03 18:00:00 - Kali Anyar - Kreteg Abang,85.59
2025-10-04 06:00:00 - Kali Anyar - Kreteg Abang,85.58500000000001
2025-10-04 12:00:00 - Kali Anyar - Kreteg Abang,85.545
2025-10-04 18:00:00 - Kali Anyar - Kreteg Abang,85.59
2025-10-05 06:00:00 - Kali Anyar - Kreteg Abang,85.58500000000001
2025-10-05 12:00:00 - Kali Anyar - Kreteg Abang,85.545
2025-10-05 18:00:00 - Kali Anyar - Kreteg Abang,85.59
2025-10-06 06:00:00 - Kali Anyar - Kreteg Abang,85.58500000000001
2025-10-06 12:00:00 - Kali Anyar - Kreteg Abang,85.545
2025-10-06 18:00:00 - Kali Anyar - Kreteg Abang,85.59
2025-10-07 06:00:00 - Kali Anyar - Kreteg Abang,85.58500000000001
2025-10-07 12:00:00 - Kali Anyar - Kreteg Abang,85.545
2025-10-07 18:00:00 - Kali Anyar - Kreteg Abang,85.59
2025-10-08 06:00:00 - Kali Anyar - Kreteg Abang,85.58500000000001
2025-10-08 12:00:00 - Kali Anyar - Kreteg Abang,85.545
2025-10-08 18:00:00 - Kali Anyar - Kreteg Abang,85.59
2025-10-09 06:00:00 - Kali Anyar - Kreteg Abang,85.58500000000001
2025-10-09 12:00:00 - Kali Anyar - Kreteg Abang,85.545
2025-10-09 18:00:00 - Kali Anyar - Kreteg Abang,85.59
2025-10-10 06:00:00 - Kali Anyar - Kreteg Abang,85.58500000000001
2025-10-10 12:00:00 - Kali Anyar - Kreteg Abang,85.545
2025-10-10 18:00:00 - Kali Anyar - Kreteg Abang,85.59
2025-10-11 06:00:00 - Kali Anyar - Kreteg Abang,85.58500000000001
2025-10-11 12:00:00 - Kali Anyar - Kreteg Abang,85.545
2025-10-11 18:00:00 - Kali Anyar - Kreteg Abang,85.59
2025-10-12 06:00:00 - Kali Anyar - Kreteg Abang,85.58500000000001
2025-10-12 12:00:00 - Kali Anyar - Kreteg Abang,85.545
2025-10-12 18:00:00 - Kali Anyar - Kreteg Abang,85.59
2025-10-13 06:00:00 - Kali Anyar - Kreteg Abang,85.58500000000001
2025-10-13 12:00:00 - Kali Anyar - Kreteg Abang,85.545
2025-10-13 18:00:00 - Kali Anyar - Kreteg Abang,85.59
2025-10-14 06:00:00 - Kali Anyar - Kreteg Abang,85.58500000000001
2025-10-14 12:00:00 - Kali Anyar - Kreteg Abang,85.545
2025-10-14 18:00:00 - Kali Anyar - Kreteg Abang,85.59
2025-10-15 06:00:00 - Kali Anyar - Kreteg Abang,85.58500000000001
2025-10-15 12:00:00 - Kali Anyar - Kreteg Abang,85.545
2025-10-15 18:00:00 - Kali Anyar - Kreteg Abang,85.59
2025-10-16 06:00:00 - Kali Anyar - Kreteg Abang,85.58500000000001
2025-10-16 12:00:00 - Kali Anyar - Kreteg Abang,85.545
2025-10-16 18:00:00 - Kali Anyar - Kreteg Abang,85.59
2025-10-17 06:00:00 - Kali Anyar - Kreteg Abang,85.58500000000001
2025-10-17 12:00:00 - Kali Anyar - Kreteg Abang,85.545
2025-10-17 18:00:00 - Kali Anyar - Kreteg Abang,85.59
2025-10-18 06:00:00 - Kali Anyar - Kreteg Abang,85.58500000000001
2025-10-18 12:00:00 - Kali Anyar - Kreteg Abang,85.545
2025-10-18 18:00:00 - Kali Anyar - Kreteg Abang,85.59
2025-10-19 06:00:00 - Kali Anyar - Kreteg Abang,85.58500000000001
2025-10-19 12:00:00 - Kali Anyar - Kreteg Abang,85.545
2025-10-19 18:00:00 - Kali Anyar - Kreteg Abang,85.59
2025-10-20 06:00:00 - Kali Anyar - Kreteg Abang,85.58500000000001
2025-10-20 12:00:00 - Kali Anyar - Kreteg Abang,85.545
2025-10-20 18:00:00 - Kali Anyar - Kreteg Abang,85.59
2025-10-21 06:00:00 - Kali Anyar - Kreteg Abang,85.58500000000001
2025-10-21 12:00:00 - Kali Anyar - Kreteg Abang,85.545
2025-10-21 18:00:00 - Kali Anyar - Kreteg Abang,85.59
2025-10-22 06:00:00 - Kali Anyar - Kreteg Abang,85.58500000000001
2025-10-22 12:00:00 - Kali Anyar - Kreteg Abang,85.545
2025-10-22 18:00:00 - Kali Anyar - Kreteg Abang,85.59
2025-10-23 06:00:00 - Kali Anyar - Kreteg Abang,85.58500000000001
2025-10-23 12:00:00 - Kali Anyar - Kreteg Abang,85.545
2025-10-23 18:00:00 - Kali Anyar - Kreteg Abang,85.59
2025-10-24 06:00:00 - Kali Anyar - Kreteg Abang,85.58500000000001
2025-10-24 12:00:00 - Kali Anyar - Kreteg Abang,85.545
2025-10-24 18:00:00 - Kali Anyar - Kreteg Abang,85.59
2025-10-25 06:00:00 - Kali Anyar - Kreteg Abang,85.58500000000001
2025-10-25 12:00:00 - Kali Anyar - Kreteg Abang,85.545
2025-10-25 18:00:00 - Kali Anyar - Kreteg Abang,85.59
2025-10-26 06:00:00 - Kali Anyar - Kreteg Abang,85.58500000000001
2025-10-26 12:00:00 - Kali Anyar - Kreteg Abang,85.545
2025-10-26 18:00:00 - Kali Anyar - Kreteg Abang,85.59
2025-10-27 06:00:00 - Kali Anyar - Kreteg Abang,85.58500000000001
2025-10-27 12:00:00 - Kali Anyar - Kreteg Abang,85.545
2025-10-27 18:00:00 - Kali Anyar - Kreteg Abang,85.59
2025-10-28 06:00:00 - Kali Anyar - Kreteg Abang,85.58500000000001
2025-10-28 12:00:00 - Kali Anyar - Kreteg Abang,85.545
2025-10-28 18:00:00 - Kali Anyar - Kreteg Abang,85.59
2025-10-29 06:00:00 - Kali Anyar - Kreteg Abang,85.58500000000001
2025-10-29 12:00:00 - Kali Anyar - Kreteg Abang,85.545
2025-10-29 18:00:00 - Kali Anyar - Kreteg Abang,85.59
2025-10-30 06:00:00 - Kali Anyar - Kreteg Abang,85.58500000000001
2025-10-30 12:00:00 - Kali Anyar - Kreteg Abang,85.545
2025-10-30 18:00:00 - Kali Anyar - Kreteg Abang,85.59
2025-10-31 06:00:00 - Kali Anyar - Kreteg Abang,85.58500000000001
2025-10-31 12:00:00 - Kali Anyar - Kreteg Abang,85.545
2025-10-31 18:00:00 - Kali Anyar - Kreteg Abang,85.59
2025-11-01 06:00:00 - Kali Anyar - Kreteg Abang,85.65
2025-11-01 12:00:00 - Kali Anyar - Kreteg Abang,85.59
2025-11-01 18:00:00 - Kali Anyar - Kreteg Abang,85.79
2025-11-02 06:00:00 - Kali Anyar - Kreteg Abang,85.65
2025-11-02 12:00:00 - Kali Anyar - Kreteg Abang,85.59
2025-11-02 18:00:00 - Kali Anyar - Kreteg Abang,85.79
2025-11-03 06:00:00 - Kali Anyar - Kreteg Abang,85.65
2025-11-03 12:00:00 - Kali Anyar - Kreteg Abang,85.59
2025-11-03 18:00:00 - Kali Anyar - Kreteg Abang,85.79
2025-11-04 06:00:00 - Kali Anyar - Kreteg Abang,85.65
2025-11-04 12:00:00 - Kali Anyar - Kreteg Abang,85.59
2025-11-04 18:00:00 - Kali Anyar - Kreteg Abang,85.79
2025-11-05 06:00:00 - Kali Anyar - Kreteg Abang,85.65
2025-11-05 12:00:00 - Kali Anyar - Kreteg Abang,85.59
2025-11-05 18:00:00 - Kali Anyar - Kreteg Abang,85.79
2025-11-06 06:00:00 - Kali Anyar - Kreteg Abang,85.65
2025-11-06 12:00:00 - Kali Anyar - Kreteg Abang,85.59
2025-11-06 18:00:00 - Kali Anyar - Kreteg Abang,85.79
2025-11-07 06:00:00 - Kali Anyar - Kreteg Abang,85.65
2025-11-07 12:00:00 - Kali Anyar - Kreteg Abang,85.59
2025-11-07 18:00:00 - Kali Anyar - Kreteg Abang,85.79
2025-11-08 06:00:00 - Kali Anyar - Kreteg Abang,85.65
2025-11-08 12:00:00 - Kali Anyar - Kreteg Abang,85.59
2025-11-08 18:00:00 - Kali Anyar - Kreteg Abang,85.79
2025-11-09 06:00:00 - Kali Anyar - Kreteg Abang,85.65
2025-11-09 12:00:00 - Kali Anyar - Kreteg Abang,85.59
2025-11-09 18:00:00 - Kali Anyar - Kreteg Abang,85.79
2025-11-10 06:00:00 - Kali Anyar - Kreteg Abang,85.65
2025-11-10 12:00:00 - Kali Anyar - Kreteg Abang,85.59
2025-11-10 18:00:00 - Kali Anyar - Kreteg Abang,85.79
2025-11-11 06:00:00 - Kali Anyar - Kreteg Abang,85.65
2025-11-11 12:00:00 - Kali Anyar - Kreteg Abang,85.59
2025-11-11 18:00:00 - Kali Anyar - Kreteg Abang,85.79
2025-11-12 06:00:00 - Kali Anyar - Kreteg Abang,85.65
2025-11-12 12:00:00 - Kali Anyar - Kreteg Abang,85.59
2025-11-12 18:00:00 - Kali Anyar - Kreteg Abang,85.79
2025-11-13 06:00:00 - Kali Anyar - Kreteg Abang,85.65
2025-11-13 12:00:00 - Kali Anyar - Kreteg Abang,85.59
2025-11-13 18:00:00 - Kali Anyar - Kreteg Abang,85.79
2025-11-14 06:00:00 - Kali Anyar - Kreteg Abang,85.65
2025-11-14 12:00:00 - Kali Anyar - Kreteg Abang,85.59
2025-11-14 18:00:00 - Kali Anyar - Kreteg Abang,85.79
2025-11-15 06:00:00 - Kali Anyar - Kreteg Abang,85.65
2025-11-15 12:00:00 - Kali Anyar - Kreteg Abang,85.59
2025-11-15 18:00:00 - Kali Anyar - Kreteg Abang,85.79
2025-11-16 06:00:00 - Kali Anyar - Kreteg Abang,85.65
2025-11-16 12:00:00 - Kali Anyar - Kreteg Abang,85.59
2025-11-16 18:00:00 - Kali Anyar - Kreteg Abang,85.79
2025-11-17 06:00:00 - Kali Anyar - Kreteg Abang,85.65
2025-11-17 12:00:00 - Kali Anyar - Kreteg Abang,85.59
2025-11-17 18:00:00 - Kali Anyar - Kreteg Abang,85.79
2025-11-18 06:00:00 - Kali Anyar - Kreteg Abang,85.65
2025-11-18 12:00:00 - Kali Anyar - Kreteg Abang,85.59
2025-11-18 18:00:00 - Kali Anyar - Kreteg Abang,85.79
2025-11-19 06:00:00 - Kali Anyar - Kreteg Abang,85.65
2025-11-19 12:00:00 - Kali Anyar - Kreteg Abang,85.59
2025-11-19 18:00:00 - Kali Anyar - Kreteg Abang,85.79
2025-11-20 06:00:00 - Kali Anyar - Kreteg Abang,85.65
2025-11-20 12:00:00 - Kali Anyar - Kreteg Abang,85.59
2025-11-20 18:00:00 - Kali Anyar - Kreteg Abang,85.79
2025-11-21 06:00:00 - Kali Anyar - Kreteg Abang,85.65
2025-11-21 12:00:00 - Kali Anyar - Kreteg Abang,85.59
2025-11-21 18:00:00 - Kali Anyar - Kreteg Abang,85.79
2025-11-22 06:00:00 - Kali Anyar - Kreteg Abang,85.65
2025-11-22 12:00:00 - Kali Anyar - Kreteg Abang,85.59
2025-11-22 18:00:00 - Kali Anyar - Kreteg Abang,85.79
2025-11-23 06:00:00 - Kali Anyar - Kreteg Abang,85.65
2025-11-23 12:00:00 - Kali Anyar - Kreteg Abang,85.59
2025-11-23 18:00:00 - Kali Anyar - Kreteg Abang,85.79
2025-11-24 06:00:00 - Kali Anyar - Kreteg Abang,85.65
2025-11-24 12:00:00 - Kali Anyar - Kreteg Abang,85.59
2025-11-24 18:00:00 - Kali Anyar - Kreteg Abang,85.79
2025-11-25 06:00:00 - Kali Anyar - Kreteg Abang,85.65
2025-11-25 12:00:00 - Kali Anyar - Kreteg Abang,85.59
2025-11-25 18:00:00 - Kali Anyar - Kreteg Abang,85.79
2025-11-26 06:00:00 - Kali Anyar - Kreteg Abang,85.65
2025-11-26 12:00:00 - Kali Anyar - Kreteg Abang,85.59
2025-11-26 18:00:00 - Kali Anyar - Kreteg Abang,85.79
2025-11-27 06:00:00 - Kali Anyar - Kreteg Abang,85.65
2025-11-27 12:00:00 - Kali Anyar - Kreteg Abang,85.59
2025-11-27 18:00:00 - Kali Anyar - Kreteg Abang,85.79
2025-11-28 06:00:00 - Kali Anyar - Kreteg Abang,85.65
2025-11-28 12:00:00 - Kali Anyar - Kreteg Abang,85.59
2025-11-28 18:00:00 - Kali Anyar - Kreteg Abang,85.79
2025-11-29 06:00:00 - Kali Anyar - Kreteg Abang,85.65
2025-11-29 12:00:00 - Kali Anyar - Kreteg Abang,85.59
2025-11-29 18:00:00 - Kali Anyar - Kreteg Abang,85.79
2025-11-30 06:00:00 - Kali Anyar - Kreteg Abang,85.65
2025-11-30 12:00:00 - Kali Anyar - Kreteg Abang,85.59
2025-11-30 18:00:00 - Kali Anyar - Kreteg Abang,85.79
2025-12-01 06:00:00 - Kali Anyar - Kreteg Abang,85.89
2025-12-01 12:00:00 - Kali Anyar - Kreteg Abang,85.84137819186614
2025-12-01 18:00:00 - Kali Anyar - Kreteg Abang,85.905
2025-12-02 06:00:00 - Kali Anyar - Kreteg Abang,85.89
2025-12-02 12:00:00 - Kali Anyar - Kreteg Abang,85.84137819186614
2025-12-02 18:00:00 - Kali Anyar - Kreteg Abang,85.905
2025-12-03 06:00:00 - Kali Anyar - Kreteg Abang,85.89
2025-12-03 12:00:00 - Kali Anyar - Kreteg Abang,85.84137819186614
2025-12-03 18:00:00 - Kali Anyar - Kreteg Abang,85.905
2025-12-04 06:00:00 - Kali Anyar - Kreteg Abang,85.89
2025-12-04 12:00:00 - Kali Anyar - Kreteg Abang,85.84137819186614
2025-12-04 18:00:00 - Kali Anyar - Kreteg Abang,85.905
2025-12-05 06:00:00 - Kali Anyar - Kreteg Abang,85.89
2025-12-05 12:00:00 - Kali Anyar - Kreteg Abang,85.84137819186614
2025-12-05 18:00:00 - Kali Anyar - Kreteg Abang,85.905
2025-12-06 06:00:00 - Kali Anyar - Kreteg Abang,85.89
2025-12-06 12:00:00 - Kali Anyar - Kreteg Abang,85.84137819186614
2025-12-06 18:00:00 - Kali Anyar - Kreteg Abang,85.905
2025-12-07 06:00:00 - Kali Anyar - Kreteg Abang,85.89
2025-12-07 12:00:00 - Kali Anyar - Kreteg Abang,85.84137819186614
2025-12-07 18:00:00 - Kali Anyar - Kreteg Abang,85.905
2025-12-08 06:00:00 - Kali Anyar - Kreteg Abang,85.89
2025-12-08 12:00:00 - Kali Anyar - Kreteg Abang,85.84137819186614
2025-12-08 18:00:00 - Kali Anyar - Kreteg Abang,85.905
2025-12-09 06:00:00 - Kali Anyar - Kreteg Abang,85.89
2025-12-09 12:00:00 - Kali Anyar - Kreteg Abang,85.84137819186614
2025-12-09 18:00:00 - Kali Anyar - Kreteg Abang,85.905
2025-12-10 06:00:00 - Kali Anyar - Kreteg Abang,85.89
2025-12-10 12:00:00 - Kali Anyar - Kreteg Abang,85.84137819186614
2025-12-10 18:00:00 - Kali Anyar - Kreteg Abang,85.905
2025-12-11 06:00:00 - Kali Anyar - Kreteg Abang,85.89
2025-12-11 12:00:00 - Kali Anyar - Kreteg Abang,85.84137819186614
2025-12-11 18:00:00 - Kali Anyar - Kreteg Abang,85.905
2025-12-12 06:00:00 - Kali Anyar - Kreteg Abang,85.89
2025-12-12 12:00:00 - Kali Anyar - Kreteg Abang,85.84137819186614
2025-12-12 18:00:00 - Kali Anyar - Kreteg Abang,85.905
2025-12-13 06:00:00 - Kali Anyar - Kreteg Abang,85.89
2025-12-13 12:00:00 - Kali Anyar - Kreteg Abang,85.84137819186614
2025-12-13 18:00:00 - Kali Anyar - Kreteg Abang,85.905
2025-12-14 06:00:00 - Kali Anyar - Kreteg Abang,85.89
2025-12-14 12:00:00 - Kali Anyar - Kreteg Abang,85.84137819186614
2025-12-14 18:00:00 - Kali Anyar - Kreteg Abang,85.905
2025-12-15 06:00:00 - Kali Anyar - Kreteg Abang,85.89
2025-12-15 12:00:00 - Kali Anyar - Kreteg Abang,85.84137819186614
2025-12-15 18:00:00 - Kali Anyar - Kreteg Abang,85.905
2025-12-16 06:00:00 - Kali Anyar - Kreteg Abang,85.89
2025-12-16 12:00:00 - Kali Anyar - Kreteg Abang,85.84137819186614
2025-12-16 18:00:00 - Kali Anyar - Kreteg Abang,85.905
2025-12-17 06:00:00 - Kali Anyar - Kreteg Abang,85.89
2025-12-17 12:00:00 - Kali Anyar - Kreteg Abang,85.84137819186614
2025-12-17 18:00:00 - Kali Anyar - Kreteg Abang,85.905
2025-12-18 06:00:00 - Kali Anyar - Kreteg Abang,85.89
2025-12-18 12:00:00 - Kali Anyar - Kreteg Abang,85.84137819186614
2025-12-18 18:00:00 - Kali Anyar - Kreteg Abang,85.905
2025-12-19 06:00:00 - Kali Anyar - Kreteg Abang,85.89
2025-12-19 12:00:00 - Kali Anyar - Kreteg Abang,85.84137819186614
2025-12-19 18:00:00 - Kali Anyar - Kreteg Abang,85.905
2025-12-20 06:00:00 - Kali Anyar - Kreteg Abang,85.89
2025-12-20 12:00:00 - Kali Anyar - Kreteg Abang,85.84137819186614
2025-12-20 18:00:00 - Kali Anyar - Kreteg Abang,85.905
2025-12-21 06:00:00 - Kali Anyar - Kreteg Abang,85.89
2025-12-21 12:00:00 - Kali Anyar - Kreteg Abang,85.84137819186614
2025-12-21 18:00:00 - Kali Anyar - Kreteg Abang,85.905
2025-12-22 06:00:00 - Kali Anyar - Kreteg Abang,85.89
2025-12-22 12:00:00 - Kali Anyar - Kreteg Abang,85.84137819186614
2025-12-22 18:00:00 - Kali Anyar - Kreteg Abang,85.905
2025-12-23 06:00:00 - Kali Anyar - Kreteg Abang,85.89
2025-12-23 12:00:00 - Kali Anyar - Kreteg Abang,85.84137819186614
2025-12-23 18:00:00 - Kali Anyar - Kreteg Abang,85.905
2025-12-24 06:00:00 - Kali Anyar - Kreteg Abang,85.89
2025-12-24 12:00:00 - Kali Anyar - Kreteg Abang,85.84137819186614
2025-12-24 18:00:00 - Kali Anyar - Kreteg Abang,85.905
2025-12-25 06:00:00 - Kali Anyar - Kreteg Abang,85.89
2025-12-25 12:00:00 - Kali Anyar - Kreteg Abang,85.84137819186614
2025-12-25 18:00:00 - Kali Anyar - Kreteg Abang,85.905
2025-12-26 06:00:00 - Kali Anyar - Kreteg Abang,85.89
2025-12-26 12:00:00 - Kali Anyar - Kreteg Abang,85.84137819186614
2025-12-26 18:00:00 - Kali Anyar - Kreteg Abang,85.905
2025-12-27 06:00:00 - Kali Anyar - Kreteg Abang,85.89
2025-12-27 12:00:00 - Kali Anyar - Kreteg Abang,85.84137819186614
2025-12-27 18:00:00 - Kali Anyar - Kreteg Abang,85.905
2025-12-28 06:00:00 - Kali Anyar - Kreteg Abang,85.89
2025-12-28 12:00:00 - Kali Anyar - Kreteg Abang,85.84137819186614
2025-12-28 18:00:00 - Kali Anyar - Kreteg Abang,85.905
2025-12-29 06:00:00 - Kali Anyar - Kreteg Abang,85.89
2025-12-29 12:00:00 - Kali Anyar - Kreteg Abang,85.84137819186614
2025-12-29 18:00:00 - Kali Anyar - Kreteg Abang,85.905
2025-12-30 06:00:00 - Kali Anyar - Kreteg Abang,85.89
2025-12-30 12:00:00 - Kali Anyar - Kreteg Abang,85.84137819186614
2025-12-30 18:00:00 - Kali Anyar - Kreteg Abang,85.905
2025-12-31 06:00:00 - Kali Anyar - Kreteg Abang,85.89
2025-12-31 12:00:00 - Kali Anyar - Kreteg Abang,85.84137819186614
2025-12-31 18:00:00 - Kali Anyar - Kreteg Abang,85.905
2026-01-01 06:00:00 - Kali Anyar - Kreteg Abang,86.49
2026-01-01 12:00:00 - Kali Anyar - Kreteg Abang,86.3
2026-01-01 18:00:00 - Kali Anyar - Kreteg Abang,86.64
2026-01-02 06:00:00 - Kali Anyar - Kreteg Abang,86.49
2026-01-02 12:00:00 - Kali Anyar - Kreteg Abang,86.3
2026-01-02 18:00:00 - Kali Anyar - Kreteg Abang,86.64
2026-01-03 06:00:00 - Kali Anyar - Kreteg Abang,86.49
2026-01-03 12:00:00 - Kali Anyar - Kreteg Abang,86.3
2026-01-03 18:00:00 - Kali Anyar - Kreteg Abang,86.64
2026-01-04 06:00:00 - Kali Anyar - Kreteg Abang,86.49
2026-01-04 12:00:00 - Kali Anyar - Kreteg Abang,86.3
2026-01-04 18:00:00 - Kali Anyar - Kreteg Abang,86.64
2026-01-05 06:00:00 - Kali Anyar - Kreteg Abang,86.49
2026-01-05 12:00:00 - Kali Anyar - Kreteg Abang,86.3
2026-01-05 18:00:00 - Kali Anyar - Kreteg Abang,86.64
2026-01-06 06:00:00 - Kali Anyar - Kreteg Abang,86.49
2026-01-06 12:00:00 - Kali Anyar - Kreteg Abang,86.3
2026-01-06 18:00:00 - Kali Anyar - Kreteg Abang,86.64
2026-01-07 06:00:00 - Kali Anyar - Kreteg Abang,86.49
2026-01-07 12:00:00 - Kali Anyar - Kreteg Abang,86.3
2026-01-07 18:00:00 - Kali Anyar - Kreteg Abang,86.64
2026-01-08 06:00:00 - Kali Anyar - Kreteg Abang,86.49
2026-01-08 12:00:00 - Kali Anyar - Kreteg Abang,86.3
2026-01-08 18:00:00 - Kali Anyar - Kreteg Abang,86.64
2026-01-09 06:00:00 - Kali Anyar - Kreteg Abang,86.49
2026-01-09 12:00:00 - Kali Anyar - Kreteg Abang,86.3
2026-01-09 18:00:00 - Kali Anyar - Kreteg Abang,86.64
2026-01-10 06:00:00 - Kali Anyar - Kreteg Abang,86.49
2026-01-10 12:00:00 - Kali Anyar - Kreteg Abang,86.3
2026-01-10 18:00:00 - Kali Anyar - Kreteg Abang,86.64
2026-01-11 06:00:00 - Kali Anyar - Kreteg Abang,86.49
2026-01-11 12:00:00 - Kali Anyar - Kreteg Abang,86.3
2026-01-11 18:00:00 - Kali Anyar - Kreteg Abang,86.64
2026-01-12 06:00:00 - Kali Anyar - Kreteg Abang,86.49
2026-01-12 12:00:00 - Kali Anyar - Kreteg Abang,86.3
2026-01-12 18:00:00 - Kali Anyar - Kreteg Abang,86.64
2026-01-13 06:00:00 - Kali Anyar - Kreteg Abang,86.49
2026-01-13 12:00:00 - Kali Anyar - Kreteg Abang,86.3
2026-01-13 18:00:00 - Kali Anyar - Kreteg Abang,86.64
2026-01-14 06:00:00 - Kali Anyar - Kreteg Abang,86.49
2026-01-14 12:00:00 - Kali Anyar - Kreteg Abang,86.3
2026-01-14 18:00:00 - Kali Anyar - Kreteg Abang,86.64
2026-01-15 06:00:00 - Kali Anyar - Kreteg Abang,86.49
2026-01-15 12:00:00 - Kali Anyar - Kreteg Abang,86.3
2026-01-15 18:00:00 - Kali Anyar - Kreteg Abang,86.64
2026-01-16 06:00:00 - Kali Anyar - Kreteg Abang,86.49
2026-01-16 12:00:00 - Kali Anyar - Kreteg Abang,86.3
2026-01-16 18:00:00 - Kali Anyar - Kreteg Abang,86.64
2026-01-17 06:00:00 - Kali Anyar - Kreteg Abang,86.49
2026-01-17 12:00:00 - Kali Anyar - Kreteg Abang,86.3
2026-01-17 18:00:00 - Kali Anyar - Kreteg Abang,86.64
2026-01-18 06:00:00 - Kali Anyar - Kreteg Abang,86.49
2026-01-18 12:00:00 - Kali Anyar - Kreteg Abang,86.3
2026-01-18 18:00:00 - Kali Anyar - Kreteg Abang,86.64
2026-01-19 06:00:00 - Kali Anyar - Kreteg Abang,86.49
2026-01-19 12:00:00 - Kali Anyar - Kreteg Abang,86.3
2026-01-19 18:00:00 - Kali Anyar - Kreteg Abang,86.64
2026-01-20 06:00:00 - Kali Anyar - Kreteg Abang,86.49
2026-01-20 12:00:00 - Kali Anyar - Kreteg Abang,86.3
2026-01-20 18:00:00 - Kali Anyar - Kreteg Abang,86.64
2026-01-21 06:00:00 - Kali Anyar - Kreteg Abang,86.49
2026-01-21 12:00:00 - Kali Anyar - Kreteg Abang,86.3
2026-01-21 18:00:00 - Kali Anyar - Kreteg Abang,86.64
2026-01-22 06:00:00 - Kali Anyar - Kreteg Abang,86.49
2026-01-22 12:00:00 - Kali Anyar - Kreteg Abang,86.3
2026-01-22 18:00:00 - Kali Anyar - Kreteg Abang,86.64
2026-01-23 06:00:00 - Kali Anyar - Kreteg Abang,86.49
2026-01-23 12:00:00 - Kali Anyar - Kreteg Abang,86.3
2026-01-23 18:00:00 - Kali Anyar - Kreteg Abang,86.64
2026-01-24 06:00:00 - Kali Anyar - Kreteg Abang,86.49
2026-01-24 12:00:00 - Kali Anyar - Kreteg Abang,86.3
2026-01-24 18:00:00 - Kali Anyar - Kreteg Abang,86.64
2026-01-25 06:00:00 - Kali Anyar - Kreteg Abang,86.49
2026-01-25 12:00:00 - Kali Anyar - Kreteg Abang,86.3
2026-01-25 18:00:00 - Kali Anyar - Kreteg Abang,86.64
2026-01-26 06:00:00 - Kali Anyar - Kreteg Abang,86.49
2026-01-26 12:00:00 - Kali Anyar - Kreteg Abang,86.3
2026-01-26 18:00:00 - Kali Anyar - Kreteg Abang,86.64
2026-01-27 06:00:00 - Kali Anyar - Kreteg Abang,86.49
2026-01-27 12:00:00 - Kali Anyar - Kreteg Abang,86.3
2026-01-27 18:00:00 - Kali Anyar - Kreteg Abang,86.64
2026-01-28 06:00:00 - Kali Anyar - Kreteg Abang,86.49
2026-01-28 12:00:00 - Kali Anyar - Kreteg Abang,86.3
2026-01-28 18:00:00 - Kali Anyar - Kreteg Abang,86.64
2026-01-29 06:00:00 - Kali Anyar - Kreteg Abang,86.49
2026-01-29 12:00:00 - Kali Anyar - Kreteg Abang,86.3
2026-01-29 18:00:00 - Kali Anyar - Kreteg Abang,86.64
2026-01-30 06:00:00 - Kali Anyar - Kreteg Abang,86.49
2026-01-30 12:00:00 - Kali Anyar - Kreteg Abang,86.3
2026-01-30 18:00:00 - Kali Anyar - Kreteg Abang,86.64
2026-01-31 06:00:00 - Kali Anyar - Kreteg Abang,86.49
2026-01-31 12:00:00 - Kali Anyar - Kreteg Abang,86.3
2026-01-31 18:00:00 - Kali Anyar - Kreteg Abang,86.64
2026-02-01 06:00:00 - Kali Anyar - Kreteg Abang,86.86102140021788
2026-02-01 12:00:00 - Kali Anyar - Kreteg Abang,86.50999999999999
2026-02-01 18:00:00 - Kali Anyar - Kreteg Abang,87.03036508449739
2026-02-02 06:00:00 - Kali Anyar - Kreteg Abang,86.86102140021788
2026-02-02 12:00:00 - Kali Anyar - Kreteg Abang,86.50999999999999
2026-02-02 18:00:00 - Kali Anyar - Kreteg Abang,87.03036508449739
2026-02-03 06:00:00 - Kali Anyar - Kreteg Abang,86.86102140021788
2026-02-03 12:00:00 - Kali Anyar - Kreteg Abang,86.50999999999999
2026-02-03 18:00:00 - Kali Anyar - Kreteg Abang,87.03036508449739
2026-02-04 06:00:00 - Kali Anyar - Kreteg Abang,86.86102140021788
2026-02-04 12:00:00 - Kali Anyar - Kreteg Abang,86.50999999999999
2026-02-04 18:00:00 - Kali Anyar - Kreteg Abang,87.03036508449739
2026-02-05 06:00:00 - Kali Anyar - Kreteg Abang,86.86102140021788
2026-02-05 12:00:00 - Kali Anyar - Kreteg Abang,86.50999999999999
2026-02-05 18:00:00 - Kali Anyar - Kreteg Abang,87.03036508449739
2026-02-06 06:00:00 - Kali Anyar - Kreteg Abang,86.86102140021788
2026-02-06 12:00:00 - Kali Anyar - Kreteg Abang,86.50999999999999
2026-02-06 18:00:00 - Kali Anyar - Kreteg Abang,87.03036508449739
2026-02-07 06:00:00 - Kali Anyar - Kreteg Abang,86.86102140021788
2026-02-07 12:00:00 - Kali Anyar - Kreteg Abang,86.50999999999999
2026-02-07 18:00:00 - Kali Anyar - Kreteg Abang,87.03036508449739
2026-02-08 06:00:00 - Kali Anyar - Kreteg Abang,86.86102140021788
2026-02-08 12:00:00 - Kali Anyar - Kreteg Abang,86.50999999999999
2026-02-08 18:00:00 - Kali Anyar - Kreteg Abang,87.03036508449739
2026-02-09 06:00:00 - Kali Anyar - Kreteg Abang,86.86102140021788
2026-02-09 12:00:00 - Kali Anyar - Kreteg Abang,86.50999999999999
2026-02-09 18:00:00 - Kali Anyar - Kreteg Abang,87.03036508449739
2026-02-10 06:00:00 - Kali Anyar - Kreteg Abang,86.86102140021788
2026-02-10 12:00:00 - Kali Anyar - Kreteg Abang,86.50999999999999
2026-02-10 18:00:00 - Kali Anyar - Kreteg Abang,87.03036508449739
2026-02-11 06:00:00 - Kali Anyar - Kreteg Abang,86.86102140021788
2026-02-11 12:00:00 - Kali Anyar - Kreteg Abang,86.50999999999999
2026-02-11 18:00:00 - Kali Anyar - Kreteg Abang,87.03036508449739
2026-02-12 06:00:00 - Kali Anyar - Kreteg Abang,86.86102140021788
2026-02-12 12:00:00 - Kali Anyar - Kreteg Abang,86.50999999999999
2026-02-12 18:00:00 - Kali Anyar - Kreteg Abang,87.03036508449739
2026-02-13 06:00:00 - Kali Anyar - Kreteg Abang,86.86102140021788
2026-02-13 12:00:00 - Kali Anyar - Kreteg Abang,86.50999999999999
2026-02-13 18:00:00 - Kali Anyar - Kreteg Abang,87.03036508449739
2026-02-14 06:00:00 - Kali Anyar - Kreteg Abang,86.86102140021788
2026-02-14 12:00:00 - Kali Anyar - Kreteg Abang,86.50999999999999
2026-02-14 18:00:00 - Kali Anyar - Kreteg Abang,87.03036508449739
2026-02-15 06:00:00 - Kali Anyar - Kreteg Abang,86.86102140021788
2026-02-15 12:00:00 - Kali Anyar - Kreteg Abang,86.50999999999999
2026-02-15 18:00:00 - Kali Anyar - Kreteg Abang,87.03036508449739
2026-02-16 06:00:00 - Kali Anyar - Kreteg Abang,86.86102140021788
2026-02-16 12:00:00 - Kali Anyar - Kreteg Abang,86.50999999999999
2026-02-16 18:00:00 - Kali Anyar - Kreteg Abang,87.03036508449739
2026-02-17 06:00:00 - Kali Anyar - Kreteg Abang,86.86102140021788
2026-02-17 12:00:00 - Kali Anyar - Kreteg Abang,86.50999999999999
2026-02-17 18:00:00 - Kali Anyar - Kreteg Abang,87.03036508449739
2026-02-18 06:00:00 - Kali Anyar - Kreteg Abang,86.86102140021788
2026-02-18 12:00:00 - Kali Anyar - Kreteg Abang,86.50999999999999
2026-02-18 18:00:00 - Kali Anyar - Kreteg Abang,87.03036508449739
2026-02-19 06:00:00 - Kali Anyar - Kreteg Abang,86.86102140021788
2026-02-19 12:00:00 - Kali Anyar - Kreteg Abang,86.50999999999999
2026-02-19 18:00:00 - Kali Anyar - Kreteg Abang,87.03036508449739
2026-02-20 06:00:00 - Kali Anyar - Kreteg Abang,86.86102140021788
2026-02-20 12:00:00 - Kali Anyar - Kreteg Abang,86.50999999999999
2026-02-20 18:00:00 - Kali Anyar - Kreteg Abang,87.03036508449739
2026-02-21 06:00:00 - Kali Anyar - Kreteg Abang,86.86102140021788
2026-02-21 12:00:00 - Kali Anyar - Kreteg Abang,86.50999999999999
2026-02-21 18:00:00 - Kali Anyar - Kreteg Abang,87.03036508449739
2026-02-22 06:00:00 - Kali Anyar - Kreteg Abang,86.86102140021788
2026-02-22 12:00:00 - Kali Anyar - Kreteg Abang,86.50999999999999
2026-02-22 18:00:00 - Kali Anyar - Kreteg Abang,87.03036508449739
2026-02-23 06:00:00 - Kali Anyar - Kreteg Abang,86.86102140021788
2026-02-23 12:00:00 - Kali Anyar - Kreteg Abang,86.50999999999999
2026-02-23 18:00:00 - Kali Anyar - Kreteg Abang,87.03036508449739
2026-02-24 06:00:00 - Kali Anyar - Kreteg Abang,86.86102140021788
2026-02-24 12:00:00 - Kali Anyar - Kreteg Abang,86.50999999999999
2026-02-24 18:00:00 - Kali Anyar - Kreteg Abang,87.03036508449739
2026-02-25 06:00:00 - Kali Anyar - Kreteg Abang,86.86102140021788
2026-02-25 12:00:00 - Kali Anyar - Kreteg Abang,86.50999999999999
2026-02-25 18:00:00 - Kali Anyar - Kreteg Abang,87.03036508449739
2026-02-26 06:00:00 - Kali Anyar - Kreteg Abang,86.86102140021788
2026-02-26 12:00:00 - Kali Anyar - Kreteg Abang,86.50999999999999
2026-02-26 18:00:00 - Kali Anyar - Kreteg Abang,87.03036508449739
2026-02-27 06:00:00 - Kali Anyar - Kreteg Abang,86.86102140021788
2026-02-27 12:00:00 - Kali Anyar - Kreteg Abang,86.50999999999999
2026-02-27 18:00:00 - Kali Anyar - Kreteg Abang,87.03036508449739
2026-02-28 06:00:00 - Kali Anyar - Kreteg Abang,86.86102140021788
2026-02-28 12:00:00 - Kali Anyar - Kreteg Abang,86.50999999999999
2026-02-28 18:00:00 - Kali Anyar - Kreteg Abang,87.03036508449739
2026-03-01 06:00:00 - Kali Anyar - Kreteg Abang,86.43520186479768
2026-03-01 12:00:00 - Kali Anyar - Kreteg Abang,86.3751060281288
2026-03-01 18:00:00 - Kali Anyar - Kreteg Abang,86.49
2026-03-02 06:00:00 - Kali Anyar - Kreteg Abang,86.43520186479768
2026-03-02 12:00:00 - Kali Anyar - Kreteg Abang,86.3751060281288
2026-03-02 18:00:00 - Kali Anyar - Kreteg Abang,86.49
2026-03-03 06:00:00 - Kali Anyar - Kreteg Abang,86.43520186479768
2026-03-03 12:00:00 - Kali Anyar - Kreteg Abang,86.3751060281288
2026-03-03 18:00:00 - Kali Anyar - Kreteg Abang,86.49
2026-03-04 06:00:00 - Kali Anyar - Kreteg Abang,86.43520186479768
2026-03-04 12:00:00 - Kali Anyar - Kreteg Abang,86.3751060281288
2026-03-04 18:00:00 - Kali Anyar - Kreteg Abang,86.49
2026-03-05 06:00:00 - Kali Anyar - Kreteg Abang,86.43520186479768
2026-03-05 12:00:00 - Kali Anyar - Kreteg Abang,86.3751060281288
2026-03-05 18:00:00 - Kali Anyar - Kreteg Abang,86.49
2026-03-06 06:00:00 - Kali Anyar - Kreteg Abang,86.43520186479768
2026-03-06 12:00:00 - Kali Anyar - Kreteg Abang,86.3751060281288
2026-03-06 18:00:00 - Kali Anyar - Kreteg Abang,86.49
2026-03-07 06:00:00 - Kali Anyar - Kreteg Abang,86.43520186479768
2026-03-07 12:00:00 - Kali Anyar - Kreteg Abang,86.3751060281288
2026-03-07 18:00:00 - Kali Anyar - Kreteg Abang,86.49
2026-03-08 06:00:00 - Kali Anyar - Kreteg Abang,86.43520186479768
2026-03-08 12:00:00 - Kali Anyar - Kreteg Abang,86.3751060281288
2026-03-08 18:00:00 - Kali Anyar - Kreteg Abang,86.49
2026-03-09 06:00:00 - Kali Anyar - Kreteg Abang,86.43520186479768
2026-03-09 12:00:00 - Kali Anyar - Kreteg Abang,86.3751060281288
2026-03-09 18:00:00 - Kali Anyar - Kreteg Abang,86.49
2026-03-10 06:00:00 - Kali Anyar - Kreteg Abang,86.43520186479768
2026-03-10 12:00:00 - Kali Anyar - Kreteg Abang,86.3751060281288
2026-03-10 18:00:00 - Kali Anyar - Kreteg Abang,86.49
2026-03-11 06:00:00 - Kali Anyar - Kreteg Abang,86.43520186479768
2026-03-11 12:00:00 - Kali Anyar - Kreteg Abang,86.3751060281288
2026-03-11 18:00:00 - Kali Anyar - Kreteg Abang,86.49
2026-03-12 06:00:00 - Kali Anyar - Kreteg Abang,86.43520186479768
2026-03-12 12:00:00 - Kali Anyar - Kreteg Abang,86.3751060281288
2026-03-12 18:00:00 - Kali Anyar - Kreteg Abang,86.49
2026-03-13 06:00:00 - Kali Anyar - Kreteg Abang,86.43520186479768
2026-03-13 12:00:00 - Kali Anyar - Kreteg Abang,86.3751060281288
2026-03-13 18:00:00 - Kali Anyar - Kreteg Abang,86.49
2026-03-14 06:00:00 - Kali Anyar - Kreteg Abang,86.43520186479768
2026-03-14 12:00:00 - Kali Anyar - Kreteg Abang,86.3751060281288
2026-03-14 18:00:00 - Kali Anyar - Kreteg Abang,86.49
2026-03-15 06:00:00 - Kali Anyar - Kreteg Abang,86.43520186479768
2026-03-15 12:00:00 - Kali Anyar - Kreteg Abang,86.3751060281288
2026-03-15 18:00:00 - Kali Anyar - Kreteg Abang,86.49
2026-03-16 06:00:00 - Kali Anyar - Kreteg Abang,86.43520186479768
2026-03-16 12:00:00 - Kali Anyar - Kreteg Abang,86.3751060281288
2026-03-16 18:00:00 - Kali Anyar - Kreteg Abang,86.49
2026-03-17 06:00:00 - Kali Anyar - Kreteg Abang,86.43520186479768
2026-03-17 12:00:00 - Kali Anyar - Kreteg Abang,86.3751060281288
2026-03-17 18:00:00 - Kali Anyar - Kreteg Abang,86.49
2026-03-18 06:00:00 - Kali Anyar - Kreteg Abang,86.43520186479768
2026-03-18 12:00:00 - Kali Anyar - Kreteg Abang,86.3751060281288
2026-03-18 18:00:00 - Kali Anyar - Kreteg Abang,86.49
2026-03-19 06:00:00 - Kali Anyar - Kreteg Abang,86.43520186479768
2026-03-19 12:00:00 - Kali Anyar - Kreteg Abang,86.3751060281288
2026-03-19 18:00:00 - Kali Anyar - Kreteg Abang,86.49
2026-03-20 06:00:00 - Kali Anyar - Kreteg Abang,86.43520186479768
2026-03-20 12:00:00 - Kali Anyar - Kreteg Abang,86.3751060281288
2026-03-20 18:00:00 - Kali Anyar - Kreteg Abang,86.49
2026-03-21 06:00:00 - Kali Anyar - Kreteg Abang,86.43520186479768
2026-03-21 12:00:00 - Kali Anyar - Kreteg Abang,86.3751060281288
2026-03-21 18:00:00 - Kali Anyar - Kreteg Abang,86.49
2026-03-22 06:00:00 - Kali Anyar - Kreteg Abang,86.43520186479768
2026-03-22 12:00:00 - Kali Anyar - Kreteg Abang,86.3751060281288
2026-03-22 18:00:00 - Kali Anyar - Kreteg Abang,86.49
2026-03-23 06:00:00 - Kali Anyar - Kreteg Abang,86.43520186479768
2026-03-23 12:00:00 - Kali Anyar - Kreteg Abang,86.3751060281288
2026-03-23 18:00:00 - Kali Anyar - Kreteg Abang,86.49
2026-03-24 06:00:00 - Kali Anyar - Kreteg Abang,86.43520186479768
2026-03-24 12:00:00 - Kali Anyar - Kreteg Abang,86.3751060281288
2026-03-24 18:00:00 - Kali Anyar - Kreteg Abang,86.49
2026-03-25 06:00:00 - Kali Anyar - Kreteg Abang,86.43520186479768
2026-03-25 12:00:00 - Kali Anyar - Kreteg Abang,86.3751060281288
2026-03-25 18:00:00 - Kali Anyar - Kreteg Abang,86.49
2026-03-26 06:00:00 - Kali Anyar - Kreteg Abang,86.43520186479768
2026-03-26 12:00:00 - Kali Anyar - Kreteg Abang,86.3751060281288
2026-03-26 18:00:00 - Kali Anyar - Kreteg Abang,86.49
2026-03-27 06:00:00 - Kali Anyar - Kreteg Abang,86.43520186479768
2026-03-27 12:00:00 - Kali Anyar - Kreteg Abang,86.3751060281288
2026-03-27 18:00:00 - Kali Anyar - Kreteg Abang,86.49
2026-03-28 06:00:00 - Kali Anyar - Kreteg Abang,86.43520186479768
2026-03-28 12:00:00 - Kali Anyar - Kreteg Abang,86.3751060281288
2026-03-28 18:00:00 - Kali Anyar - Kreteg Abang,86.49
2026-03-29 06:00:00 - Kali Anyar - Kreteg Abang,86.43520186479768
2026-03-29 12:00:00 - Kali Anyar - Kreteg Abang,86.3751060281288
2026-03-29 18:00:00 - Kali Anyar - Kreteg Abang,86.49
2026-03-30 06:00:00 - Kali Anyar - Kreteg Abang,86.43520186479768
2026-03-30 12:00:00 - Kali Anyar - Kreteg Abang,86.3751060281288
2026-03-30 18:00:00 - Kali Anyar - Kreteg Abang,86.49
2026-03-31 06:00:00 - Kali Anyar - Kreteg Abang,86.43520186479768
2026-03-31 12:00:00 - Kali Anyar - Kreteg Abang,86.3751060281288
2026-03-31 18:00:00 - Kali Anyar - Kreteg Abang,86.49
2026-04-01 06:00:00 - Kali Anyar - Kreteg Abang,86.24063866016722
2026-04-01 12:00:00 - Kali Anyar - Kreteg Abang,86.24
2026-04-01 18:00:00 - Kali Anyar - Kreteg Abang,86.22999999999999
2026-04-02 06:00:00 - Kali Anyar - Kreteg Abang,86.24063866016722
2026-04-02 12:00:00 - Kali Anyar - Kreteg Abang,86.24
2026-04-02 18:00:00 - Kali Anyar - Kreteg Abang,86.22999999999999
2026-04-03 06:00:00 - Kali Anyar - Kreteg Abang,86.24063866016722
2026-04-03 12:00:00 - Kali Anyar - Kreteg Abang,86.24
2026-04-03 18:00:00 - Kali Anyar - Kreteg Abang,86.22999999999999
2026-04-04 06:00:00 - Kali Anyar - Kreteg Abang,86.24063866016722
2026-04-04 12:00:00 - Kali Anyar - Kreteg Abang,86.24
2026-04-04 18:00:00 - Kali Anyar - Kreteg Abang,86.22999999999999
2026-04-05 06:00:00 - Kali Anyar - Kreteg Abang,86.24063866016722
2026-04-05 12:00:00 - Kali Anyar - Kreteg Abang,86.24
2026-04-05 18:00:00 - Kali Anyar - Kreteg Abang,86.22999999999999
2026-04-06 06:00:00 - Kali Anyar - Kreteg Abang,86.24063866016722
2026-04-06 12:00:00 - Kali Anyar - Kreteg Abang,86.24
2026-04-06 18:00:00 - Kali Anyar - Kreteg Abang,86.22999999999999
2026-04-07 06:00:00 - Kali Anyar - Kreteg Abang,86.24063866016722
2026-04-07 12:00:00 - Kali Anyar - Kreteg Abang,86.24
2026-04-07 18:00:00 - Kali Anyar - Kreteg Abang,86.22999999999999
2026-04-08 06:00:00 - Kali Anyar - Kreteg Abang,86.24063866016722
2026-04-08 12:00:00 - Kali Anyar - Kreteg Abang,86.24
2026-04-08 18:00:00 - Kali Anyar - Kreteg Abang,86.22999999999999
2026-04-09 06:00:00 - Kali Anyar - Kreteg Abang,86.24063866016722
2026-04-09 12:00:00 - Kali Anyar - Kreteg Abang,86.24
2026-04-09 18:00:00 - Kali Anyar - Kreteg Abang,86.22999999999999
2026-04-10 06:00:00 - Kali Anyar - Kreteg Abang,86.24063866016722
2026-04-10 12:00:00 - Kali Anyar - Kreteg Abang,86.24
2026-04-10 18:00:00 - Kali Anyar - Kreteg Abang,86.22999999999999
2026-04-11 06:00:00 - Kali Anyar - Kreteg Abang,86.24063866016722
2026-04-11 12:00:00 - Kali Anyar - Kreteg Abang,86.24
2026-04-11 18:00:00 - Kali Anyar - Kreteg Abang,86.22999999999999
2026-04-12 06:00:00 - Kali Anyar - Kreteg Abang,86.24063866016722
2026-04-12 12:00:00 - Kali Anyar - Kreteg Abang,86.24
2026-04-12 18:00:00 - Kali Anyar - Kreteg Abang,86.22999999999999
2026-04-13 06:00:00 - Kali Anyar - Kreteg Abang,86.24063866016722
2026-04-13 12:00:00 - Kali Anyar - Kreteg Abang,86.24
2026-04-13 18:00:00 - Kali Anyar - Kreteg Abang,86.22999999999999
2026-04-14 06:00:00 - Kali Anyar - Kreteg Abang,86.24063866016722
2026-04-14 12:00:00 - Kali Anyar - Kreteg Abang,86.24
2026-04-14 18:00:00 - Kali Anyar - Kreteg Abang,86.22999999999999
2026-04-15 06:00:00 - Kali Anyar - Kreteg Abang,86.24063866016722
2026-04-15 12:00:00 - Kali Anyar - Kreteg Abang,86.24
2026-04-15 18:00:00 - Kali Anyar - Kreteg Abang,86.22999999999999
2026-04-16 06:00:00 - Kali Anyar - Kreteg Abang,86.24063866016722
2026-04-16 12:00:00 - Kali Anyar - Kreteg Abang,86.24
2026-04-16 18:00:00 - Kali Anyar - Kreteg Abang,86.22999999999999
2026-04-17 06:00:00 - Kali Anyar - Kreteg Abang,86.24063866016722
2026-04-17 12:00:00 - Kali Anyar - Kreteg Abang,86.24
2026-04-17 18:00:00 - Kali Anyar - Kreteg Abang,86.22999999999999
2026-04-18 06:00:00 - Kali Anyar - Kreteg Abang,86.24063866016722
2026-04-18 12:00:00 - Kali Anyar - Kreteg Abang,86.24
2026-04-18 18:00:00 - Kali Anyar - Kreteg Abang,86.22999999999999
2026-04-19 06:00:00 - Kali Anyar - Kreteg Abang,86.24063866016722
2026-04-19 12:00:00 - Kali Anyar - Kreteg Abang,86.24
2026-04-19 18:00:00 - Kali Anyar - Kreteg Abang,86.22999999999999
2026-04-20 06:00:00 - Kali Anyar - Kreteg Abang,86.24063866016722
2026-04-20 12:00:00 - Kali Anyar - Kreteg Abang,86.24
2026-04-20 18:00:00 - Kali Anyar - Kreteg Abang,86.22999999999999
2026-04-21 06:00:00 - Kali Anyar - Kreteg Abang,86.24063866016722
2026-04-21 12:00:00 - Kali Anyar - Kreteg Abang,86.24
2026-04-21 18:00:00 - Kali Anyar - Kreteg Abang,86.22999999999999
2026-04-22 06:00:00 - Kali Anyar - Kreteg Abang,86.24063866016722
2026-04-22 12:00:00 - Kali Anyar - Kreteg Abang,86.24
2026-04-22 18:00:00 - Kali Anyar - Kreteg Abang,86.22999999999999
2026-04-23 06:00:00 - Kali Anyar - Kreteg Abang,86.24063866016722
2026-04-23 12:00:00 - Kali Anyar - Kreteg Abang,86.24
2026-04-23 18:00:00 - Kali Anyar - Kreteg Abang,86.22999999999999
2026-04-24 06:00:00 - Kali Anyar - Kreteg Abang,86.24063866016722
2026-04-24 12:00:00 - Kali Anyar - Kreteg Abang,86.24
2026-04-24 18:00:00 - Kali Anyar - Kreteg Abang,86.22999999999999
2026-04-25 06:00:00 - Kali Anyar - Kreteg Abang,86.24063866016722
2026-04-25 12:00:00 - Kali Anyar - Kreteg Abang,86.24
2026-04-25 18:00:00 - Kali Anyar - Kreteg Abang,86.22999999999999
2026-04-26 06:00:00 - Kali Anyar - Kreteg Abang,86.24063866016722
2026-04-26 12:00:00 - Kali Anyar - Kreteg Abang,86.24
2026-04-26 18:00:00 - Kali Anyar - Kreteg Abang,86.22999999999999
2026-04-27 06:00:00 - Kali Anyar - Kreteg Abang,86.24063866016722
2026-04-27 12:00:00 - Kali Anyar - Kreteg Abang,86.24
2026-04-27 18:00:00 - Kali Anyar - Kreteg Abang,86.22999999999999
2026-04-28 06:00:00 - Kali Anyar - Kreteg Abang,86.24063866016722
2026-04-28 12:00:00 - Kali Anyar - Kreteg Abang,86.24
2026-04-28 18:00:00 - Kali Anyar - Kreteg Abang,86.22999999999999
2026-04-29 06:00:00 - Kali Anyar - Kreteg Abang,86.24063866016722
2026-04-29 12:00:00 - Kali Anyar - Kreteg Abang,86.24
2026-04-29 18:00:00 - Kali Anyar - Kreteg Abang,86.22999999999999
2026-04-30 06:00:00 - Kali Anyar - Kreteg Abang,86.24063866016722
2026-04-30 12:00:00 - Kali Anyar - Kreteg Abang,86.24
2026-04-30 18:00:00 - Kali Anyar - Kreteg Abang,86.22999999999999
2026-05-01 06:00:00 - Kali Anyar - Kreteg Abang,86.24
2026-05-01 12:00:00 - Kali Anyar - Kreteg Abang,86.15388518901608
2026-05-01 18:00:00 - Kali Anyar - Kreteg Abang,86.29102717260885
2026-05-02 06:00:00 - Kali Anyar - Kreteg Abang,86.24
2026-05-02 12:00:00 - Kali Anyar - Kreteg Abang,86.15388518901608
2026-05-02 18:00:00 - Kali Anyar - Kreteg Abang,86.29102717260885
2026-05-03 06:00:00 - Kali Anyar - Kreteg Abang,86.24
2026-05-03 12:00:00 - Kali Anyar - Kreteg Abang,86.15388518901608
2026-05-03 18:00:00 - Kali Anyar - Kreteg Abang,86.29102717260885
2026-05-04 06:00:00 - Kali Anyar - Kreteg Abang,86.24
2026-05-04 12:00:00 - Kali Anyar - Kreteg Abang,86.15388518901608
2026-05-04 18:00:00 - Kali Anyar - Kreteg Abang,86.29102717260885
2026-05-05 06:00:00 - Kali Anyar - Kreteg Abang,86.24
2026-05-05 12:00:00 - Kali Anyar - Kreteg Abang,86.15388518901608
2026-05-05 18:00:00 - Kali Anyar - Kreteg Abang,86.29102717260885
2026-05-06 06:00:00 - Kali Anyar - Kreteg Abang,86.24
2026-05-06 12:00:00 - Kali Anyar - Kreteg Abang,86.15388518901608
2026-05-06 18:00:00 - Kali Anyar - Kreteg Abang,86.29102717260885
2026-05-07 06:00:00 - Kali Anyar - Kreteg Abang,86.24
2026-05-07 12:00:00 - Kali Anyar - Kreteg Abang,86.15388518901608
2026-05-07 18:00:00 - Kali Anyar - Kreteg Abang,86.29102717260885
2026-05-08 06:00:00 - Kali Anyar - Kreteg Abang,86.24
2026-05-08 12:00:00 - Kali Anyar - Kreteg Abang,86.15388518901608
2026-05-08 18:00:00 - Kali Anyar - Kreteg Abang,86.29102717260885
2026-05-09 06:00:00 - Kali Anyar - Kreteg Abang,86.24
2026-05-09 12:00:00 - Kali Anyar - Kreteg Abang,86.15388518901608
2026-05-09 18:00:00 - Kali Anyar - Kreteg Abang,86.29102717260885
2026-05-10 06:00:00 - Kali Anyar - Kreteg Abang,86.24
2026-05-10 12:00:00 - Kali Anyar - Kreteg Abang,86.15388518901608
2026-05-10 18:00:00 - Kali Anyar - Kreteg Abang,86.29102717260885
2026-05-11 06:00:00 - Kali Anyar - Kreteg Abang,86.24
2026-05-11 12:00:00 - Kali Anyar - Kreteg Abang,86.15388518901608
2026-05-11 18:00:00 - Kali Anyar - Kreteg Abang,86.29102717260885
2026-05-12 06:00:00 - Kali Anyar - Kreteg Abang,86.24
2026-05-12 12:00:00 - Kali Anyar - Kreteg Abang,86.15388518901608
2026-05-12 18:00:00 - Kali Anyar - Kreteg Abang,86.29102717260885
2026-05-13 06:00:00 - Kali Anyar - Kreteg Abang,86.24
2026-05-13 12:00:00 - Kali Anyar - Kreteg Abang,86.15388518901608
2026-05-13 18:00:00 - Kali Anyar - Kreteg Abang,86.29102717260885
2026-05-14 06:00:00 - Kali Anyar - Kreteg Abang,86.24
2026-05-14 12:00:00 - Kali Anyar - Kreteg Abang,86.15388518901608
2026-05-14 18:00:00 - Kali Anyar - Kreteg Abang,86.29102717260885
2026-05-15 06:00:00 - Kali Anyar - Kreteg Abang,86.24
2026-05-15 12:00:00 - Kali Anyar - Kreteg Abang,86.15388518901608
2026-05-15 18:00:00 - Kali Anyar - Kreteg Abang,86.29102717260885
2026-05-16 06:00:00 - Kali Anyar - Kreteg Abang,86.24
2026-05-16 12:00:00 - Kali Anyar - Kreteg Abang,86.15388518901608
2026-05-16 18:00:00 - Kali Anyar - Kreteg Abang,86.29102717260885
2026-05-17 06:00:00 - Kali Anyar - Kreteg Abang,86.24
2026-05-17 12:00:00 - Kali Anyar - Kreteg Abang,86.15388518901608
2026-05-17 18:00:00 - Kali Anyar - Kreteg Abang,86.29102717260885
2026-05-18 06:00:00 - Kali Anyar - Kreteg Abang,86.24
2026-05-18 12:00:00 - Kali Anyar - Kreteg Abang,86.15388518901608
2026-05-18 18:00:00 - Kali Anyar - Kreteg Abang,86.29102717260885
2025-09-19 06:00:00 - Kali Pepe - PTPN,82.47
2025-09-19 12:00:00 - Kali Pepe - PTPN,82.47
2025-09-19 18:00:00 - Kali Pepe - PTPN,82.47
2025-09-20 06:00:00 - Kali Pepe - PTPN,82.47
2025-09-20 12:00:00 - Kali Pepe - PTPN,82.47
2025-09-20 18:00:00 - Kali Pepe - PTPN,82.47
2025-09-21 06:00:00 - Kali Pepe - PTPN,82.47
2025-09-21 12:00:00 - Kali Pepe - PTPN,82.47
2025-09-21 18:00:00 - Kali Pepe - PTPN,82.47
2025-09-22 06:00:00 - Kali Pepe - PTPN,82.47
2025-09-22 12:00:00 - Kali Pepe - PTPN,82.47
2025-09-22 18:00:00 - Kali Pepe - PTPN,82.47
2025-09-23 06:00:00 - Kali Pepe - PTPN,82.47
2025-09-23 12:00:00 - Kali Pepe - PTPN,82.47
2025-09-23 18:00:00 - Kali Pepe - PTPN,82.47
2025-09-24 06:00:00 - Kali Pepe - PTPN,82.47
2025-09-24 12:00:00 - Kali Pepe - PTPN,82.47
2025-09-24 18:00:00 - Kali Pepe - PTPN,82.47
2025-09-25 06:00:00 - Kali Pepe - PTPN,82.47
2025-09-25 12:00:00 - Kali Pepe - PTPN,82.47
2025-09-25 18:00:00 - Kali Pepe - PTPN,82.47
2025-09-26 06:00:00 - Kali Pepe - PTPN,82.47
2025-09-26 12:00:00 - Kali Pepe - PTPN,82.47
2025-09-26 18:00:00 - Kali Pepe - PTPN,82.47
2025-09-27 06:00:00 - Kali Pepe - PTPN,82.47
2025-09-27 12:00:00 - Kali Pepe - PTPN,82.47
2025-09-27 18:00:00 - Kali Pepe - PTPN,82.47
2025-09-28 06:00:00 - Kali Pepe - PTPN,82.47
2025-09-28 12:00:00 - Kali Pepe - PTPN,82.47
2025-09-28 18:00:00 - Kali Pepe - PTPN,82.47
2025-09-29 06:00:00 - Kali Pepe - PTPN,82.47
2025-09-29 12:00:00 - Kali Pepe - PTPN,82.47
2025-09-29 18:00:00 - Kali Pepe - PTPN,82.47
2025-09-30 06:00:00 - Kali Pepe - PTPN,82.47
2025-09-30 12:00:00 - Kali Pepe - PTPN,82.47
2025-09-30 18:00:00 - Kali Pepe - PTPN,82.47
2025-10-01 06:00:00 - Kali Pepe - PTPN,82.47
2025-10-01 12:00:00 - Kali Pepe - PTPN,82.47
2025-10-01 18:00:00 - Kali Pepe - PTPN,82.47
2025-10-02 06:00:00 - Kali Pepe - PTPN,82.47
2025-10-02 12:00:00 - Kali Pepe - PTPN,82.47
2025-10-02 18:00:00 - Kali Pepe - PTPN,82.47
2025-10-03 06:00:00 - Kali Pepe - PTPN,82.47
2025-10-03 12:00:00 - Kali Pepe - PTPN,82.47
2025-10-03 18:00:00 - Kali Pepe - PTPN,82.47
2025-10-04 06:00:00 - Kali Pepe - PTPN,82.47
2025-10-04 12:00:00 - Kali Pepe - PTPN,82.47
2025-10-04 18:00:00 - Kali Pepe - PTPN,82.47
2025-10-05 06:00:00 - Kali Pepe - PTPN,82.47
2025-10-05 12:00:00 - Kali Pepe - PTPN,82.47
2025-10-05 18:00:00 - Kali Pepe - PTPN,82.47
2025-10-06 06:00:00 - Kali Pepe - PTPN,82.47
2025-10-06 12:00:00 - Kali Pepe - PTPN,82.47
2025-10-06 18:00:00 - Kali Pepe - PTPN,82.47
2025-10-07 06:00:00 - Kali Pepe - PTPN,82.47
2025-10-07 12:00:00 - Kali Pepe - PTPN,82.47
2025-10-07 18:00:00 - Kali Pepe - PTPN,82.47
2025-10-08 06:00:00 - Kali Pepe - PTPN,82.47
2025-10-08 12:00:00 - Kali Pepe - PTPN,82.47
2025-10-08 18:00:00 - Kali Pepe - PTPN,82.47
2025-10-09 06:00:00 - Kali Pepe - PTPN,82.47
2025-10-09 12:00:00 - Kali Pepe - PTPN,82.47
2025-10-09 18:00:00 - Kali Pepe - PTPN,82.47
2025-10-10 06:00:00 - Kali Pepe - PTPN,82.47
2025-10-10 12:00:00 - Kali Pepe - PTPN,82.47
2025-10-10 18:00:00 - Kali Pepe - PTPN,82.47
2025-10-11 06:00:00 - Kali Pepe - PTPN,82.47
2025-10-11 12:00:00 - Kali Pepe - PTPN,82.47
2025-10-11 18:00:00 - Kali Pepe - PTPN,82.47
2025-10-12 06:00:00 - Kali Pepe - PTPN,82.47
2025-10-12 12:00:00 - Kali Pepe - PTPN,82.47
2025-10-12 18:00:00 - Kali Pepe - PTPN,82.47
2025-10-13 06:00:00 - Kali Pepe - PTPN,82.47
2025-10-13 12:00:00 - Kali Pepe - PTPN,82.47
2025-10-13 18:00:00 - Kali Pepe - PTPN,82.47
2025-10-14 06:00:00 - Kali Pepe - PTPN,82.47
2025-10-14 12:00:00 - Kali Pepe - PTPN,82.47
2025-10-14 18:00:00 - Kali Pepe - PTPN,82.47
2025-10-15 06:00:00 - Kali Pepe - PTPN,82.47
2025-10-15 12:00:00 - Kali Pepe - PTPN,82.47
2025-10-15 18:00:00 - Kali Pepe - PTPN,82.47
2025-10-16 06:00:00 - Kali Pepe - PTPN,82.47
2025-10-16 12:00:00 - Kali Pepe - PTPN,82.47
2025-10-16 18:00:00 - Kali Pepe - PTPN,82.47
2025-10-17 06:00:00 - Kali Pepe - PTPN,82.47
2025-10-17 12:00:00 - Kali Pepe - PTPN,82.47
2025-10-17 18:00:00 - Kali Pepe - PTPN,82.47
2025-10-18 06:00:00 - Kali Pepe - PTPN,82.47
2025-10-18 12:00:00 - Kali Pepe - PTPN,82.47
2025-10-18 18:00:00 - Kali Pepe - PTPN,82.47
2025-10-19 06:00:00 - Kali Pepe - PTPN,82.47
2025-10-19 12:00:00 - Kali Pepe - PTPN,82.47
2025-10-19 18:00:00 - Kali Pepe - PTPN,82.47
2025-10-20 06:00:00 - Kali Pepe - PTPN,82.47
2025-10-20 12:00:00 - Kali Pepe - PTPN,82.47
2025-10-20 18:00:00 - Kali Pepe - PTPN,82.47
2025-10-21 06:00:00 - Kali Pepe - PTPN,82.47
2025-10-21 12:00:00 - Kali Pepe - PTPN,82.47
2025-10-21 18:00:00 - Kali Pepe - PTPN,82.47
2025-10-22 06:00:00 - Kali Pepe - PTPN,82.47
2025-10-22 12:00:00 - Kali Pepe - PTPN,82.47
2025-10-22 18:00:00 - Kali Pepe - PTPN,82.47
2025-10-23 06:00:00 - Kali Pepe - PTPN,82.47
2025-10-23 12:00:00 - Kali Pepe - PTPN,82.47
2025-10-23 18:00:00 - Kali Pepe - PTPN,82.47
2025-10-24 06:00:00 - Kali Pepe - PTPN,82.47
2025-10-24 12:00:00 - Kali Pepe - PTPN,82.47
2025-10-24 18:00:00 - Kali Pepe - PTPN,82.47
2025-10-25 06:00:00 - Kali Pepe - PTPN,82.47
2025-10-25 12:00:00 - Kali Pepe - PTPN,82.47
2025-10-25 18:00:00 - Kali Pepe - PTPN,82.47
2025-10-26 06:00:00 - Kali Pepe - PTPN,82.47
2025-10-26 12:00:00 - Kali Pepe - PTPN,82.47
2025-10-26 18:00:00 - Kali Pepe - PTPN,82.47
2025-10-27 06:00:00 - Kali Pepe - PTPN,82.47
2025-10-27 12:00:00 - Kali Pepe - PTPN,82.47
2025-10-27 18:00:00 - Kali Pepe - PTPN,82.47
2025-10-28 06:00:00 - Kali Pepe - PTPN,82.47
2025-10-28 12:00:00 - Kali Pepe - PTPN,82.47
2025-10-28 18:00:00 - Kali Pepe - PTPN,82.47
2025-10-29 06:00:00 - Kali Pepe - PTPN,82.47
2025-10-29 12:00:00 - Kali Pepe - PTPN,82.47
2025-10-29 18:00:00 - Kali Pepe - PTPN,82.47
2025-10-30 06:00:00 - Kali Pepe - PTPN,82.47
2025-10-30 12:00:00 - Kali Pepe - PTPN,82.47
2025-10-30 18:00:00 - Kali Pepe - PTPN,82.47
2025-10-31 06:00:00 - Kali Pepe - PTPN,82.47
2025-10-31 12:00:00 - Kali Pepe - PTPN,82.47
2025-10-31 18:00:00 - Kali Pepe - PTPN,82.47
2025-11-01 06:00:00 - Kali Pepe - PTPN,82.35
2025-11-01 12:00:00 - Kali Pepe - PTPN,82.36
2025-11-01 18:00:00 - Kali Pepe - PTPN,82.625
2025-11-02 06:00:00 - Kali Pepe - PTPN,82.35
2025-11-02 12:00:00 - Kali Pepe - PTPN,82.36
2025-11-02 18:00:00 - Kali Pepe - PTPN,82.625
2025-11-03 06:00:00 - Kali Pepe - PTPN,82.35
2025-11-03 12:00:00 - Kali Pepe - PTPN,82.36
2025-11-03 18:00:00 - Kali Pepe - PTPN,82.625
2025-11-04 06:00:00 - Kali Pepe - PTPN,82.35
2025-11-04 12:00:00 - Kali Pepe - PTPN,82.36
2025-11-04 18:00:00 - Kali Pepe - PTPN,82.625
2025-11-05 06:00:00 - Kali Pepe - PTPN,82.35
2025-11-05 12:00:00 - Kali Pepe - PTPN,82.36
2025-11-05 18:00:00 - Kali Pepe - PTPN,82.625
2025-11-06 06:00:00 - Kali Pepe - PTPN,82.35
2025-11-06 12:00:00 - Kali Pepe - PTPN,82.36
2025-11-06 18:00:00 - Kali Pepe - PTPN,82.625
2025-11-07 06:00:00 - Kali Pepe - PTPN,82.35
2025-11-07 12:00:00 - Kali Pepe - PTPN,82.36
2025-11-07 18:00:00 - Kali Pepe - PTPN,82.625
2025-11-08 06:00:00 - Kali Pepe - PTPN,82.35
2025-11-08 12:00:00 - Kali Pepe - PTPN,82.36
2025-11-08 18:00:00 - Kali Pepe - PTPN,82.625
2025-11-09 06:00:00 - Kali Pepe - PTPN,82.35
2025-11-09 12:00:00 - Kali Pepe - PTPN,82.36
2025-11-09 18:00:00 - Kali Pepe - PTPN,82.625
2025-11-10 06:00:00 - Kali Pepe - PTPN,82.35
2025-11-10 12:00:00 - Kali Pepe - PTPN,82.36
2025-11-10 18:00:00 - Kali Pepe - PTPN,82.625
2025-11-11 06:00:00 - Kali Pepe - PTPN,82.35
2025-11-11 12:00:00 - Kali Pepe - PTPN,82.36
2025-11-11 18:00:00 - Kali Pepe - PTPN,82.625
2025-11-12 06:00:00 - Kali Pepe - PTPN,82.35
2025-11-12 12:00:00 - Kali Pepe - PTPN,82.36
2025-11-12 18:00:00 - Kali Pepe - PTPN,82.625
2025-11-13 06:00:00 - Kali Pepe - PTPN,82.35
2025-11-13 12:00:00 - Kali Pepe - PTPN,82.36
2025-11-13 18:00:00 - Kali Pepe - PTPN,82.625
2025-11-14 06:00:00 - Kali Pepe - PTPN,82.35
2025-11-14 12:00:00 - Kali Pepe - PTPN,82.36
2025-11-14 18:00:00 - Kali Pepe - PTPN,82.625
2025-11-15 06:00:00 - Kali Pepe - PTPN,82.35
2025-11-15 12:00:00 - Kali Pepe - PTPN,82.36
2025-11-15 18:00:00 - Kali Pepe - PTPN,82.625
2025-11-16 06:00:00 - Kali Pepe - PTPN,82.35
2025-11-16 12:00:00 - Kali Pepe - PTPN,82.36
2025-11-16 18:00:00 - Kali Pepe - PTPN,82.625
2025-11-17 06:00:00 - Kali Pepe - PTPN,82.35
2025-11-17 12:00:00 - Kali Pepe - PTPN,82.36
2025-11-17 18:00:00 - Kali Pepe - PTPN,82.625
2025-11-18 06:00:00 - Kali Pepe - PTPN,82.35
2025-11-18 12:00:00 - Kali Pepe - PTPN,82.36
2025-11-18 18:00:00 - Kali Pepe - PTPN,82.625
2025-11-19 06:00:00 - Kali Pepe - PTPN,82.35
2025-11-19 12:00:00 - Kali Pepe - PTPN,82.36
2025-11-19 18:00:00 - Kali Pepe - PTPN,82.625
2025-11-20 06:00:00 - Kali Pepe - PTPN,82.35
2025-11-20 12:00:00 - Kali Pepe - PTPN,82.36
2025-11-20 18:00:00 - Kali Pepe - PTPN,82.625
2025-11-21 06:00:00 - Kali Pepe - PTPN,82.35
2025-11-21 12:00:00 - Kali Pepe - PTPN,82.36
2025-11-21 18:00:00 - Kali Pepe - PTPN,82.625
2025-11-22 06:00:00 - Kali Pepe - PTPN,82.35
2025-11-22 12:00:00 - Kali Pepe - PTPN,82.36
2025-11-22 18:00:00 - Kali Pepe - PTPN,82.625
2025-11-23 06:00:00 - Kali Pepe - PTPN,82.35
2025-11-23 12:00:00 - Kali Pepe - PTPN,82.36
2025-11-23 18:00:00 - Kali Pepe - PTPN,82.625
2025-11-24 06:00:00 - Kali Pepe - PTPN,82.35
2025-11-24 12:00:00 - Kali Pepe - PTPN,82.36
2025-11-24 18:00:00 - Kali Pepe - PTPN,82.625
2025-11-25 06:00:00 - Kali Pepe - PTPN,82.35
2025-11-25 12:00:00 - Kali Pepe - PTPN,82.36
2025-11-25 18:00:00 - Kali Pepe - PTPN,82.625
2025-11-26 06:00:00 - Kali Pepe - PTPN,82.35
2025-11-26 12:00:00 - Kali Pepe - PTPN,82.36
2025-11-26 18:00:00 - Kali Pepe - PTPN,82.625
2025-11-27 06:00:00 - Kali Pepe - PTPN,82.35
2025-11-27 12:00:00 - Kali Pepe - PTPN,82.36
2025-11-27 18:00:00 - Kali Pepe - PTPN,82.625
2025-11-28 06:00:00 - Kali Pepe - PTPN,82.35
2025-11-28 12:00:00 - Kali Pepe - PTPN,82.36
2025-11-28 18:00:00 - Kali Pepe - PTPN,82.625
2025-11-29 06:00:00 - Kali Pepe - PTPN,82.35
2025-11-29 12:00:00 - Kali Pepe - PTPN,82.36
2025-11-29 18:00:00 - Kali Pepe - PTPN,82.625
2025-11-30 06:00:00 - Kali Pepe - PTPN,82.35
2025-11-30 12:00:00 - Kali Pepe - PTPN,82.36
2025-11-30 18:00:00 - Kali Pepe - PTPN,82.625
2025-12-01 06:00:00 - Kali Pepe - PTPN,82.63
2025-12-01 12:00:00 - Kali Pepe - PTPN,82.63
2025-12-01 18:00:00 - Kali Pepe - PTPN,82.6232416919664
2025-12-02 06:00:00 - Kali Pepe - PTPN,82.63
2025-12-02 12:00:00 - Kali Pepe - PTPN,82.63
2025-12-02 18:00:00 - Kali Pepe - PTPN,82.6232416919664
2025-12-03 06:00:00 - Kali Pepe - PTPN,82.63
2025-12-03 12:00:00 - Kali Pepe - PTPN,82.63
2025-12-03 18:00:00 - Kali Pepe - PTPN,82.6232416919664
2025-12-04 06:00:00 - Kali Pepe - PTPN,82.63
2025-12-04 12:00:00 - Kali Pepe - PTPN,82.63
2025-12-04 18:00:00 - Kali Pepe - PTPN,82.6232416919664
2025-12-05 06:00:00 - Kali Pepe - PTPN,82.63
2025-12-05 12:00:00 - Kali Pepe - PTPN,82.63
2025-12-05 18:00:00 - Kali Pepe - PTPN,82.6232416919664
2025-12-06 06:00:00 - Kali Pepe - PTPN,82.63
2025-12-06 12:00:00 - Kali Pepe - PTPN,82.63
2025-12-06 18:00:00 - Kali Pepe - PTPN,82.6232416919664
2025-12-07 06:00:00 - Kali Pepe - PTPN,82.63
2025-12-07 12:00:00 - Kali Pepe - PTPN,82.63
2025-12-07 18:00:00 - Kali Pepe - PTPN,82.6232416919664
2025-12-08 06:00:00 - Kali Pepe - PTPN,82.63
2025-12-08 12:00:00 - Kali Pepe - PTPN,82.63
2025-12-08 18:00:00 - Kali Pepe - PTPN,82.6232416919664
2025-12-09 06:00:00 - Kali Pepe - PTPN,82.63
2025-12-09 12:00:00 - Kali Pepe - PTPN,82.63
2025-12-09 18:00:00 - Kali Pepe - PTPN,82.6232416919664
2025-12-10 06:00:00 - Kali Pepe - PTPN,82.63
2025-12-10 12:00:00 - Kali Pepe - PTPN,82.63
2025-12-10 18:00:00 - Kali Pepe - PTPN,82.6232416919664
2025-12-11 06:00:00 - Kali Pepe - PTPN,82.63
2025-12-11 12:00:00 - Kali Pepe - PTPN,82.63
2025-12-11 18:00:00 - Kali Pepe - PTPN,82.6232416919664
2025-12-12 06:00:00 - Kali Pepe - PTPN,82.63
2025-12-12 12:00:00 - Kali Pepe - PTPN,82.63
2025-12-12 18:00:00 - Kali Pepe - PTPN,82.6232416919664
2025-12-13 06:00:00 - Kali Pepe - PTPN,82.63
2025-12-13 12:00:00 - Kali Pepe - PTPN,82.63
2025-12-13 18:00:00 - Kali Pepe - PTPN,82.6232416919664
2025-12-14 06:00:00 - Kali Pepe - PTPN,82.63
2025-12-14 12:00:00 - Kali Pepe - PTPN,82.63
2025-12-14 18:00:00 - Kali Pepe - PTPN,82.6232416919664
2025-12-15 06:00:00 - Kali Pepe - PTPN,82.63
2025-12-15 12:00:00 - Kali Pepe - PTPN,82.63
2025-12-15 18:00:00 - Kali Pepe - PTPN,82.6232416919664
2025-12-16 06:00:00 - Kali Pepe - PTPN,82.63
2025-12-16 12:00:00 - Kali Pepe - PTPN,82.63
2025-12-16 18:00:00 - Kali Pepe - PTPN,82.6232416919664
2025-12-17 06:00:00 - Kali Pepe - PTPN,82.63
2025-12-17 12:00:00 - Kali Pepe - PTPN,82.63
2025-12-17 18:00:00 - Kali Pepe - PTPN,82.6232416919664
2025-12-18 06:00:00 - Kali Pepe - PTPN,82.63
2025-12-18 12:00:00 - Kali Pepe - PTPN,82.63
2025-12-18 18:00:00 - Kali Pepe - PTPN,82.6232416919664
2025-12-19 06:00:00 - Kali Pepe - PTPN,82.63
2025-12-19 12:00:00 - Kali Pepe - PTPN,82.63
2025-12-19 18:00:00 - Kali Pepe - PTPN,82.6232416919664
2025-12-20 06:00:00 - Kali Pepe - PTPN,82.63
2025-12-20 12:00:00 - Kali Pepe - PTPN,82.63
2025-12-20 18:00:00 - Kali Pepe - PTPN,82.6232416919664
2025-12-21 06:00:00 - Kali Pepe - PTPN,82.63
2025-12-21 12:00:00 - Kali Pepe - PTPN,82.63
2025-12-21 18:00:00 - Kali Pepe - PTPN,82.6232416919664
2025-12-22 06:00:00 - Kali Pepe - PTPN,82.63
2025-12-22 12:00:00 - Kali Pepe - PTPN,82.63
2025-12-22 18:00:00 - Kali Pepe - PTPN,82.6232416919664
2025-12-23 06:00:00 - Kali Pepe - PTPN,82.63
2025-12-23 12:00:00 - Kali Pepe - PTPN,82.63
2025-12-23 18:00:00 - Kali Pepe - PTPN,82.6232416919664
2025-12-24 06:00:00 - Kali Pepe - PTPN,82.63
2025-12-24 12:00:00 - Kali Pepe - PTPN,82.63
2025-12-24 18:00:00 - Kali Pepe - PTPN,82.6232416919664
2025-12-25 06:00:00 - Kali Pepe - PTPN,82.63
2025-12-25 12:00:00 - Kali Pepe - PTPN,82.63
2025-12-25 18:00:00 - Kali Pepe - PTPN,82.6232416919664
2025-12-26 06:00:00 - Kali Pepe - PTPN,82.63
2025-12-26 12:00:00 - Kali Pepe - PTPN,82.63
2025-12-26 18:00:00 - Kali Pepe - PTPN,82.6232416919664
2025-12-27 06:00:00 - Kali Pepe - PTPN,82.63
2025-12-27 12:00:00 - Kali Pepe - PTPN,82.63
2025-12-27 18:00:00 - Kali Pepe - PTPN,82.6232416919664
2025-12-28 06:00:00 - Kali Pepe - PTPN,82.63
2025-12-28 12:00:00 - Kali Pepe - PTPN,82.63
2025-12-28 18:00:00 - Kali Pepe - PTPN,82.6232416919664
2025-12-29 06:00:00 - Kali Pepe - PTPN,82.63
2025-12-29 12:00:00 - Kali Pepe - PTPN,82.63
2025-12-29 18:00:00 - Kali Pepe - PTPN,82.6232416919664
2025-12-30 06:00:00 - Kali Pepe - PTPN,82.63
2025-12-30 12:00:00 - Kali Pepe - PTPN,82.63
2025-12-30 18:00:00 - Kali Pepe - PTPN,82.6232416919664
2025-12-31 06:00:00 - Kali Pepe - PTPN,82.63
2025-12-31 12:00:00 - Kali Pepe - PTPN,82.63
2025-12-31 18:00:00 - Kali Pepe - PTPN,82.6232416919664
2026-01-01 06:00:00 - Kali Pepe - PTPN,82.47
2026-01-01 12:00:00 - Kali Pepe - PTPN,82.57
2026-01-01 18:00:00 - Kali Pepe - PTPN,82.67
2026-01-02 06:00:00 - Kali Pepe - PTPN,82.47
2026-01-02 12:00:00 - Kali Pepe - PTPN,82.57
2026-01-02 18:00:00 - Kali Pepe - PTPN,82.67
2026-01-03 06:00:00 - Kali Pepe - PTPN,82.47
2026-01-03 12:00:00 - Kali Pepe - PTPN,82.57
2026-01-03 18:00:00 - Kali Pepe - PTPN,82.67
2026-01-04 06:00:00 - Kali Pepe - PTPN,82.47
2026-01-04 12:00:00 - Kali Pepe - PTPN,82.57
2026-01-04 18:00:00 - Kali Pepe - PTPN,82.67
2026-01-05 06:00:00 - Kali Pepe - PTPN,82.47
2026-01-05 12:00:00 - Kali Pepe - PTPN,82.57
2026-01-05 18:00:00 - Kali Pepe - PTPN,82.67
2026-01-06 06:00:00 - Kali Pepe - PTPN,82.47
2026-01-06 12:00:00 - Kali Pepe - PTPN,82.57
2026-01-06 18:00:00 - Kali Pepe - PTPN,82.67
2026-01-07 06:00:00 - Kali Pepe - PTPN,82.47
2026-01-07 12:00:00 - Kali Pepe - PTPN,82.57
2026-01-07 18:00:00 - Kali Pepe - PTPN,82.67
2026-01-08 06:00:00 - Kali Pepe - PTPN,82.47
2026-01-08 12:00:00 - Kali Pepe - PTPN,82.57
2026-01-08 18:00:00 - Kali Pepe - PTPN,82.67
2026-01-09 06:00:00 - Kali Pepe - PTPN,82.47
2026-01-09 12:00:00 - Kali Pepe - PTPN,82.57
2026-01-09 18:00:00 - Kali Pepe - PTPN,82.67
2026-01-10 06:00:00 - Kali Pepe - PTPN,82.47
2026-01-10 12:00:00 - Kali Pepe - PTPN,82.57
2026-01-10 18:00:00 - Kali Pepe - PTPN,82.67
2026-01-11 06:00:00 - Kali Pepe - PTPN,82.47
2026-01-11 12:00:00 - Kali Pepe - PTPN,82.57
2026-01-11 18:00:00 - Kali Pepe - PTPN,82.67
2026-01-12 06:00:00 - Kali Pepe - PTPN,82.47
2026-01-12 12:00:00 - Kali Pepe - PTPN,82.57
2026-01-12 18:00:00 - Kali Pepe - PTPN,82.67
2026-01-13 06:00:00 - Kali Pepe - PTPN,82.47
2026-01-13 12:00:00 - Kali Pepe - PTPN,82.57
2026-01-13 18:00:00 - Kali Pepe - PTPN,82.67
2026-01-14 06:00:00 - Kali Pepe - PTPN,82.47
2026-01-14 12:00:00 - Kali Pepe - PTPN,82.57
2026-01-14 18:00:00 - Kali Pepe - PTPN,82.67
2026-01-15 06:00:00 - Kali Pepe - PTPN,82.47
2026-01-15 12:00:00 - Kali Pepe - PTPN,82.57
2026-01-15 18:00:00 - Kali Pepe - PTPN,82.67
2026-01-16 06:00:00 - Kali Pepe - PTPN,82.47
2026-01-16 12:00:00 - Kali Pepe - PTPN,82.57
2026-01-16 18:00:00 - Kali Pepe - PTPN,82.67
2026-01-17 06:00:00 - Kali Pepe - PTPN,82.47
2026-01-17 12:00:00 - Kali Pepe - PTPN,82.57
2026-01-17 18:00:00 - Kali Pepe - PTPN,82.67
2026-01-18 06:00:00 - Kali Pepe - PTPN,82.47
2026-01-18 12:00:00 - Kali Pepe - PTPN,82.57
2026-01-18 18:00:00 - Kali Pepe - PTPN,82.67
2026-01-19 06:00:00 - Kali Pepe - PTPN,82.47
2026-01-19 12:00:00 - Kali Pepe - PTPN,82.57
2026-01-19 18:00:00 - Kali Pepe - PTPN,82.67
2026-01-20 06:00:00 - Kali Pepe - PTPN,82.47
2026-01-20 12:00:00 - Kali Pepe - PTPN,82.57
2026-01-20 18:00:00 - Kali Pepe - PTPN,82.67
2026-01-21 06:00:00 - Kali Pepe - PTPN,82.47
2026-01-21 12:00:00 - Kali Pepe - PTPN,82.57
2026-01-21 18:00:00 - Kali Pepe - PTPN,82.67
2026-01-22 06:00:00 - Kali Pepe - PTPN,82.47
2026-01-22 12:00:00 - Kali Pepe - PTPN,82.57
2026-01-22 18:00:00 - Kali Pepe - PTPN,82.67
2026-01-23 06:00:00 - Kali Pepe - PTPN,82.47
2026-01-23 12:00:00 - Kali Pepe - PTPN,82.57
2026-01-23 18:00:00 - Kali Pepe - PTPN,82.67
2026-01-24 06:00:00 - Kali Pepe - PTPN,82.47
2026-01-24 12:00:00 - Kali Pepe - PTPN,82.57
2026-01-24 18:00:00 - Kali Pepe - PTPN,82.67
2026-01-25 06:00:00 - Kali Pepe - PTPN,82.47
2026-01-25 12:00:00 - Kali Pepe - PTPN,82.57
2026-01-25 18:00:00 - Kali Pepe - PTPN,82.67
2026-01-26 06:00:00 - Kali Pepe - PTPN,82.47
2026-01-26 12:00:00 - Kali Pepe - PTPN,82.57
2026-01-26 18:00:00 - Kali Pepe - PTPN,82.67
2026-01-27 06:00:00 - Kali Pepe - PTPN,82.47
2026-01-27 12:00:00 - Kali Pepe - PTPN,82.57
2026-01-27 18:00:00 - Kali Pepe - PTPN,82.67
2026-01-28 06:00:00 - Kali Pepe - PTPN,82.47
2026-01-28 12:00:00 - Kali Pepe - PTPN,82.57
2026-01-28 18:00:00 - Kali Pepe - PTPN,82.67
2026-01-29 06:00:00 - Kali Pepe - PTPN,82.47
2026-01-29 12:00:00 - Kali Pepe - PTPN,82.57
2026-01-29 18:00:00 - Kali Pepe - PTPN,82.67
2026-01-30 06:00:00 - Kali Pepe - PTPN,82.47
2026-01-30 12:00:00 - Kali Pepe - PTPN,82.57
2026-01-30 18:00:00 - Kali Pepe - PTPN,82.67
2026-01-31 06:00:00 - Kali Pepe - PTPN,82.47
2026-01-31 12:00:00 - Kali Pepe - PTPN,82.57
2026-01-31 18:00:00 - Kali Pepe - PTPN,82.67
2026-02-01 06:00:00 - Kali Pepe - PTPN,82.57
2026-02-01 12:00:00 - Kali Pepe - PTPN,82.57
2026-02-01 18:00:00 - Kali Pepe - PTPN,82.67
2026-02-02 06:00:00 - Kali Pepe - PTPN,82.57
2026-02-02 12:00:00 - Kali Pepe - PTPN,82.57
2026-02-02 18:00:00 - Kali Pepe - PTPN,82.67
2026-02-03 06:00:00 - Kali Pepe - PTPN,82.57
2026-02-03 12:00:00 - Kali Pepe - PTPN,82.57
2026-02-03 18:00:00 - Kali Pepe - PTPN,82.67
2026-02-04 06:00:00 - Kali Pepe - PTPN,82.57
2026-02-04 12:00:00 - Kali Pepe - PTPN,82.57
2026-02-04 18:00:00 - Kali Pepe - PTPN,82.67
2026-02-05 06:00:00 - Kali Pepe - PTPN,82.57
2026-02-05 12:00:00 - Kali Pepe - PTPN,82.57
2026-02-05 18:00:00 - Kali Pepe - PTPN,82.67
2026-02-06 06:00:00 - Kali Pepe - PTPN,82.57
2026-02-06 12:00:00 - Kali Pepe - PTPN,82.57
2026-02-06 18:00:00 - Kali Pepe - PTPN,82.67
2026-02-07 06:00:00 - Kali Pepe - PTPN,82.57
2026-02-07 12:00:00 - Kali Pepe - PTPN,82.57
2026-02-07 18:00:00 - Kali Pepe - PTPN,82.67
2026-02-08 06:00:00 - Kali Pepe - PTPN,82.57
2026-02-08 12:00:00 - Kali Pepe - PTPN,82.57
2026-02-08 18:00:00 - Kali Pepe - PTPN,82.67
2026-02-09 06:00:00 - Kali Pepe - PTPN,82.57
2026-02-09 12:00:00 - Kali Pepe - PTPN,82.57
2026-02-09 18:00:00 - Kali Pepe - PTPN,82.67
2026-02-10 06:00:00 - Kali Pepe - PTPN,82.57
2026-02-10 12:00:00 - Kali Pepe - PTPN,82.57
2026-02-10 18:00:00 - Kali Pepe - PTPN,82.67
2026-02-11 06:00:00 - Kali Pepe - PTPN,82.57
2026-02-11 12:00:00 - Kali Pepe - PTPN,82.57
2026-02-11 18:00:00 - Kali Pepe - PTPN,82.67
2026-02-12 06:00:00 - Kali Pepe - PTPN,82.57
2026-02-12 12:00:00 - Kali Pepe - PTPN,82.57
2026-02-12 18:00:00 - Kali Pepe - PTPN,82.67
2026-02-13 06:00:00 - Kali Pepe - PTPN,82.57
2026-02-13 12:00:00 - Kali Pepe - PTPN,82.57
2026-02-13 18:00:00 - Kali Pepe - PTPN,82.67
2026-02-14 06:00:00 - Kali Pepe - PTPN,82.57
2026-02-14 12:00:00 - Kali Pepe - PTPN,82.57
2026-02-14 18:00:00 - Kali Pepe - PTPN,82.67
2026-02-15 06:00:00 - Kali Pepe - PTPN,82.57
2026-02-15 12:00:00 - Kali Pepe - PTPN,82.57
2026-02-15 18:00:00 - Kali Pepe - PTPN,82.67
2026-02-16 06:00:00 - Kali Pepe - PTPN,82.57
2026-02-16 12:00:00 - Kali Pepe - PTPN,82.57
2026-02-16 18:00:00 - Kali Pepe - PTPN,82.67
2026-02-17 06:00:00 - Kali Pepe - PTPN,82.57
2026-02-17 12:00:00 - Kali Pepe - PTPN,82.57
2026-02-17 18:00:00 - Kali Pepe - PTPN,82.67
2026-02-18 06:00:00 - Kali Pepe - PTPN,82.57
2026-02-18 12:00:00 - Kali Pepe - PTPN,82.57
2026-02-18 18:00:00 - Kali Pepe - PTPN,82.67
2026-02-19 06:00:00 - Kali Pepe - PTPN,82.57
2026-02-19 12:00:00 - Kali Pepe - PTPN,82.57
2026-02-19 18:00:00 - Kali Pepe - PTPN,82.67
2026-02-20 06:00:00 - Kali Pepe - PTPN,82.57
2026-02-20 12:00:00 - Kali Pepe - PTPN,82.57
2026-02-20 18:00:00 - Kali Pepe - PTPN,82.67
2026-02-21 06:00:00 - Kali Pepe - PTPN,82.57
2026-02-21 12:00:00 - Kali Pepe - PTPN,82.57
2026-02-21 18:00:00 - Kali Pepe - PTPN,82.67
2026-02-22 06:00:00 - Kali Pepe - PTPN,82.57
2026-02-22 12:00:00 - Kali Pepe - PTPN,82.57
2026-02-22 18:00:00 - Kali Pepe - PTPN,82.67
2026-02-23 06:00:00 - Kali Pepe - PTPN,82.57
2026-02-23 12:00:00 - Kali Pepe - PTPN,82.57
2026-02-23 18:00:00 - Kali Pepe - PTPN,82.67
2026-02-24 06:00:00 - Kali Pepe - PTPN,82.57
2026-02-24 12:00:00 - Kali Pepe - PTPN,82.57
2026-02-24 18:00:00 - Kali Pepe - PTPN,82.67
2026-02-25 06:00:00 - Kali Pepe - PTPN,82.57
2026-02-25 12:00:00 - Kali Pepe - PTPN,82.57
2026-02-25 18:00:00 - Kali Pepe - PTPN,82.67
2026-02-26 06:00:00 - Kali Pepe - PTPN,82.57
2026-02-26 12:00:00 - Kali Pepe - PTPN,82.57
2026-02-26 18:00:00 - Kali Pepe - PTPN,82.67
2026-02-27 06:00:00 - Kali Pepe - PTPN,82.57
2026-02-27 12:00:00 - Kali Pepe - PTPN,82.57
2026-02-27 18:00:00 - Kali Pepe - PTPN,82.67
2026-02-28 06:00:00 - Kali Pepe - PTPN,82.57
2026-02-28 12:00:00 - Kali Pepe - PTPN,82.57
2026-02-28 18:00:00 - Kali Pepe - PTPN,82.67
2026-03-01 06:00:00 - Kali Pepe - PTPN,82.47
2026-03-01 12:00:00 - Kali Pepe - PTPN,82.47
2026-03-01 18:00:00 - Kali Pepe - PTPN,82.67
2026-03-02 06:00:00 - Kali Pepe - PTPN,82.47
2026-03-02 12:00:00 - Kali Pepe - PTPN,82.47
2026-03-02 18:00:00 - Kali Pepe - PTPN,82.67
2026-03-03 06:00:00 - Kali Pepe - PTPN,82.47
2026-03-03 12:00:00 - Kali Pepe - PTPN,82.47
2026-03-03 18:00:00 - Kali Pepe - PTPN,82.67
2026-03-04 06:00:00 - Kali Pepe - PTPN,82.47
2026-03-04 12:00:00 - Kali Pepe - PTPN,82.47
2026-03-04 18:00:00 - Kali Pepe - PTPN,82.67
2026-03-05 06:00:00 - Kali Pepe - PTPN,82.47
2026-03-05 12:00:00 - Kali Pepe - PTPN,82.47
2026-03-05 18:00:00 - Kali Pepe - PTPN,82.67
2026-03-06 06:00:00 - Kali Pepe - PTPN,82.47
2026-03-06 12:00:00 - Kali Pepe - PTPN,82.47
2026-03-06 18:00:00 - Kali Pepe - PTPN,82.67
2026-03-07 06:00:00 - Kali Pepe - PTPN,82.47
2026-03-07 12:00:00 - Kali Pepe - PTPN,82.47
2026-03-07 18:00:00 - Kali Pepe - PTPN,82.67
2026-03-08 06:00:00 - Kali Pepe - PTPN,82.47
2026-03-08 12:00:00 - Kali Pepe - PTPN,82.47
2026-03-08 18:00:00 - Kali Pepe - PTPN,82.67
2026-03-09 06:00:00 - Kali Pepe - PTPN,82.47
2026-03-09 12:00:00 - Kali Pepe - PTPN,82.47
2026-03-09 18:00:00 - Kali Pepe - PTPN,82.67
2026-03-10 06:00:00 - Kali Pepe - PTPN,82.47
2026-03-10 12:00:00 - Kali Pepe - PTPN,82.47
2026-03-10 18:00:00 - Kali Pepe - PTPN,82.67
2026-03-11 06:00:00 - Kali Pepe - PTPN,82.47
2026-03-11 12:00:00 - Kali Pepe - PTPN,82.47
2026-03-11 18:00:00 - Kali Pepe - PTPN,82.67
2026-03-12 06:00:00 - Kali Pepe - PTPN,82.47
2026-03-12 12:00:00 - Kali Pepe - PTPN,82.47
2026-03-12 18:00:00 - Kali Pepe - PTPN,82.67
2026-03-13 06:00:00 - Kali Pepe - PTPN,82.47
2026-03-13 12:00:00 - Kali Pepe - PTPN,82.47
2026-03-13 18:00:00 - Kali Pepe - PTPN,82.67
2026-03-14 06:00:00 - Kali Pepe - PTPN,82.47
2026-03-14 12:00:00 - Kali Pepe - PTPN,82.47
2026-03-14 18:00:00 - Kali Pepe - PTPN,82.67
2026-03-15 06:00:00 - Kali Pepe - PTPN,82.47
2026-03-15 12:00:00 - Kali Pepe - PTPN,82.47
2026-03-15 18:00:00 - Kali Pepe - PTPN,82.67
2026-03-16 06:00:00 - Kali Pepe - PTPN,82.47
2026-03-16 12:00:00 - Kali Pepe - PTPN,82.47
2026-03-16 18:00:00 - Kali Pepe - PTPN,82.67
2026-03-17 06:00:00 - Kali Pepe - PTPN,82.47
2026-03-17 12:00:00 - Kali Pepe - PTPN,82.47
2026-03-17 18:00:00 - Kali Pepe - PTPN,82.67
2026-03-18 06:00:00 - Kali Pepe - PTPN,82.47
2026-03-18 12:00:00 - Kali Pepe - PTPN,82.47
2026-03-18 18:00:00 - Kali Pepe - PTPN,82.67
2026-03-19 06:00:00 - Kali Pepe - PTPN,82.47
2026-03-19 12:00:00 - Kali Pepe - PTPN,82.47
2026-03-19 18:00:00 - Kali Pepe - PTPN,82.67
2026-03-20 06:00:00 - Kali Pepe - PTPN,82.47
2026-03-20 12:00:00 - Kali Pepe - PTPN,82.47
2026-03-20 18:00:00 - Kali Pepe - PTPN,82.67
2026-03-21 06:00:00 - Kali Pepe - PTPN,82.47
2026-03-21 12:00:00 - Kali Pepe - PTPN,82.47
2026-03-21 18:00:00 - Kali Pepe - PTPN,82.67
2026-03-22 06:00:00 - Kali Pepe - PTPN,82.47
2026-03-22 12:00:00 - Kali Pepe - PTPN,82.47
2026-03-22 18:00:00 - Kali Pepe - PTPN,82.67
2026-03-23 06:00:00 - Kali Pepe - PTPN,82.47
2026-03-23 12:00:00 - Kali Pepe - PTPN,82.47
2026-03-23 18:00:00 - Kali Pepe - PTPN,82.67
2026-03-24 06:00:00 - Kali Pepe - PTPN,82.47
2026-03-24 12:00:00 - Kali Pepe - PTPN,82.47
2026-03-24 18:00:00 - Kali Pepe - PTPN,82.67
2026-03-25 06:00:00 - Kali Pepe - PTPN,82.47
2026-03-25 12:00:00 - Kali Pepe - PTPN,82.47
2026-03-25 18:00:00 - Kali Pepe - PTPN,82.67
2026-03-26 06:00:00 - Kali Pepe - PTPN,82.47
2026-03-26 12:00:00 - Kali Pepe - PTPN,82.47
2026-03-26 18:00:00 - Kali Pepe - PTPN,82.67
2026-03-27 06:00:00 - Kali Pepe - PTPN,82.47
2026-03-27 12:00:00 - Kali Pepe - PTPN,82.47
2026-03-27 18:00:00 - Kali Pepe - PTPN,82.67
2026-03-28 06:00:00 - Kali Pepe - PTPN,82.47
2026-03-28 12:00:00 - Kali Pepe - PTPN,82.47
2026-03-28 18:00:00 - Kali Pepe - PTPN,82.67
2026-03-29 06:00:00 - Kali Pepe - PTPN,82.47
2026-03-29 12:00:00 - Kali Pepe - PTPN,82.47
2026-03-29 18:00:00 - Kali Pepe - PTPN,82.67
2026-03-30 06:00:00 - Kali Pepe - PTPN,82.47
2026-03-30 12:00:00 - Kali Pepe - PTPN,82.47
2026-03-30 18:00:00 - Kali Pepe - PTPN,82.67
2026-03-31 06:00:00 - Kali Pepe - PTPN,82.47
2026-03-31 12:00:00 - Kali Pepe - PTPN,82.47
2026-03-31 18:00:00 - Kali Pepe - PTPN,82.67
2026-04-01 06:00:00 - Kali Pepe - PTPN,82.50999999999999
2026-04-01 12:00:00 - Kali Pepe - PTPN,82.52583198489866
2026-04-01 18:00:00 - Kali Pepe - PTPN,82.63
2026-04-02 06:00:00 - Kali Pepe - PTPN,82.50999999999999
2026-04-02 12:00:00 - Kali Pepe - PTPN,82.52583198489866
2026-04-02 18:00:00 - Kali Pepe - PTPN,82.63
2026-04-03 06:00:00 - Kali Pepe - PTPN,82.50999999999999
2026-04-03 12:00:00 - Kali Pepe - PTPN,82.52583198489866
2026-04-03 18:00:00 - Kali Pepe - PTPN,82.63
2026-04-04 06:00:00 - Kali Pepe - PTPN,82.50999999999999
2026-04-04 12:00:00 - Kali Pepe - PTPN,82.52583198489866
2026-04-04 18:00:00 - Kali Pepe - PTPN,82.63
2026-04-05 06:00:00 - Kali Pepe - PTPN,82.50999999999999
2026-04-05 12:00:00 - Kali Pepe - PTPN,82.52583198489866
2026-04-05 18:00:00 - Kali Pepe - PTPN,82.63
2026-04-06 06:00:00 - Kali Pepe - PTPN,82.50999999999999
2026-04-06 12:00:00 - Kali Pepe - PTPN,82.52583198489866
2026-04-06 18:00:00 - Kali Pepe - PTPN,82.63
2026-04-07 06:00:00 - Kali Pepe - PTPN,82.50999999999999
2026-04-07 12:00:00 - Kali Pepe - PTPN,82.52583198489866
2026-04-07 18:00:00 - Kali Pepe - PTPN,82.63
2026-04-08 06:00:00 - Kali Pepe - PTPN,82.50999999999999
2026-04-08 12:00:00 - Kali Pepe - PTPN,82.52583198489866
2026-04-08 18:00:00 - Kali Pepe - PTPN,82.63
2026-04-09 06:00:00 - Kali Pepe - PTPN,82.50999999999999
2026-04-09 12:00:00 - Kali Pepe - PTPN,82.52583198489866
2026-04-09 18:00:00 - Kali Pepe - PTPN,82.63
2026-04-10 06:00:00 - Kali Pepe - PTPN,82.50999999999999
2026-04-10 12:00:00 - Kali Pepe - PTPN,82.52583198489866
2026-04-10 18:00:00 - Kali Pepe - PTPN,82.63
2026-04-11 06:00:00 - Kali Pepe - PTPN,82.50999999999999
2026-04-11 12:00:00 - Kali Pepe - PTPN,82.52583198489866
2026-04-11 18:00:00 - Kali Pepe - PTPN,82.63
2026-04-12 06:00:00 - Kali Pepe - PTPN,82.50999999999999
2026-04-12 12:00:00 - Kali Pepe - PTPN,82.52583198489866
2026-04-12 18:00:00 - Kali Pepe - PTPN,82.63
2026-04-13 06:00:00 - Kali Pepe - PTPN,82.50999999999999
2026-04-13 12:00:00 - Kali Pepe - PTPN,82.52583198489866
2026-04-13 18:00:00 - Kali Pepe - PTPN,82.63
2026-04-14 06:00:00 - Kali Pepe - PTPN,82.50999999999999
2026-04-14 12:00:00 - Kali Pepe - PTPN,82.52583198489866
2026-04-14 18:00:00 - Kali Pepe - PTPN,82.63
2026-04-15 06:00:00 - Kali Pepe - PTPN,82.50999999999999
2026-04-15 12:00:00 - Kali Pepe - PTPN,82.52583198489866
2026-04-15 18:00:00 - Kali Pepe - PTPN,82.63
2026-04-16 06:00:00 - Kali Pepe - PTPN,82.50999999999999
2026-04-16 12:00:00 - Kali Pepe - PTPN,82.52583198489866
2026-04-16 18:00:00 - Kali Pepe - PTPN,82.63
2026-04-17 06:00:00 - Kali Pepe - PTPN,82.50999999999999
2026-04-17 12:00:00 - Kali Pepe - PTPN,82.52583198489866
2026-04-17 18:00:00 - Kali Pepe - PTPN,82.63
2026-04-18 06:00:00 - Kali Pepe - PTPN,82.50999999999999
2026-04-18 12:00:00 - Kali Pepe - PTPN,82.52583198489866
2026-04-18 18:00:00 - Kali Pepe - PTPN,82.63
2026-04-19 06:00:00 - Kali Pepe - PTPN,82.50999999999999
2026-04-19 12:00:00 - Kali Pepe - PTPN,82.52583198489866
2026-04-19 18:00:00 - Kali Pepe - PTPN,82.63
2026-04-20 06:00:00 - Kali Pepe - PTPN,82.50999999999999
2026-04-20 12:00:00 - Kali Pepe - PTPN,82.52583198489866
2026-04-20 18:00:00 - Kali Pepe - PTPN,82.63
2026-04-21 06:00:00 - Kali Pepe - PTPN,82.50999999999999
2026-04-21 12:00:00 - Kali Pepe - PTPN,82.52583198489866
2026-04-21 18:00:00 - Kali Pepe - PTPN,82.63
2026-04-22 06:00:00 - Kali Pepe - PTPN,82.50999999999999
2026-04-22 12:00:00 - Kali Pepe - PTPN,82.52583198489866
2026-04-22 18:00:00 - Kali Pepe - PTPN,82.63
2026-04-23 06:00:00 - Kali Pepe - PTPN,82.50999999999999
2026-04-23 12:00:00 - Kali Pepe - PTPN,82.52583198489866
2026-04-23 18:00:00 - Kali Pepe - PTPN,82.63
2026-04-24 06:00:00 - Kali Pepe - PTPN,82.50999999999999
2026-04-24 12:00:00 - Kali Pepe - PTPN,82.52583198489866
2026-04-24 18:00:00 - Kali Pepe - PTPN,82.63
2026-04-25 06:00:00 - Kali Pepe - PTPN,82.50999999999999
2026-04-25 12:00:00 - Kali Pepe - PTPN,82.52583198489866
2026-04-25 18:00:00 - Kali Pepe - PTPN,82.63
2026-04-26 06:00:00 - Kali Pepe - PTPN,82.50999999999999
2026-04-26 12:00:00 - Kali Pepe - PTPN,82.52583198489866
2026-04-26 18:00:00 - Kali Pepe - PTPN,82.63
2026-04-27 06:00:00 - Kali Pepe - PTPN,82.50999999999999
2026-04-27 12:00:00 - Kali Pepe - PTPN,82.52583198489866
2026-04-27 18:00:00 - Kali Pepe - PTPN,82.63
2026-04-28 06:00:00 - Kali Pepe - PTPN,82.50999999999999
2026-04-28 12:00:00 - Kali Pepe - PTPN,82.52583198489866
2026-04-28 18:00:00 - Kali Pepe - PTPN,82.63
2026-04-29 06:00:00 - Kali Pepe - PTPN,82.50999999999999
2026-04-29 12:00:00 - Kali Pepe - PTPN,82.52583198489866
2026-04-29 18:00:00 - Kali Pepe - PTPN,82.63
2026-04-30 06:00:00 - Kali Pepe - PTPN,82.50999999999999
2026-04-30 12:00:00 - Kali Pepe - PTPN,82.52583198489866
2026-04-30 18:00:00 - Kali Pepe - PTPN,82.63
2026-05-01 06:00:00 - Kali Pepe - PTPN,82.47
2026-05-01 12:00:00 - Kali Pepe - PTPN,82.52574352423953
2026-05-01 18:00:00 - Kali Pepe - PTPN,82.63
2026-05-02 06:00:00 - Kali Pepe - PTPN,82.47
2026-05-02 12:00:00 - Kali Pepe - PTPN,82.52574352423953
2026-05-02 18:00:00 - Kali Pepe - PTPN,82.63
2026-05-03 06:00:00 - Kali Pepe - PTPN,82.47
2026-05-03 12:00:00 - Kali Pepe - PTPN,82.52574352423953
2026-05-03 18:00:00 - Kali Pepe - PTPN,82.63
2026-05-04 06:00:00 - Kali Pepe - PTPN,82.47
2026-05-04 12:00:00 - Kali Pepe - PTPN,82.52574352423953
2026-05-04 18:00:00 - Kali Pepe - PTPN,82.63
2026-05-05 06:00:00 - Kali Pepe - PTPN,82.47
2026-05-05 12:00:00 - Kali Pepe - PTPN,82.52574352423953
2026-05-05 18:00:00 - Kali Pepe - PTPN,82.63
2026-05-06 06:00:00 - Kali Pepe - PTPN,82.47
2026-05-06 12:00:00 - Kali Pepe - PTPN,82.52574352423953
2026-05-06 18:00:00 - Kali Pepe - PTPN,82.63
2026-05-07 06:00:00 - Kali Pepe - PTPN,82.47
2026-05-07 12:00:00 - Kali Pepe - PTPN,82.52574352423953
2026-05-07 18:00:00 - Kali Pepe - PTPN,82.63
2026-05-08 06:00:00 - Kali Pepe - PTPN,82.47
2026-05-08 12:00:00 - Kali Pepe - PTPN,82.52574352423953
2026-05-08 18:00:00 - Kali Pepe - PTPN,82.63
2026-05-09 06:00:00 - Kali Pepe - PTPN,82.47
2026-05-09 12:00:00 - Kali Pepe - PTPN,82.52574352423953
2026-05-09 18:00:00 - Kali Pepe - PTPN,82.63
2026-05-10 06:00:00 - Kali Pepe - PTPN,82.47
2026-05-10 12:00:00 - Kali Pepe - PTPN,82.52574352423953
2026-05-10 18:00:00 - Kali Pepe - PTPN,82.63
2026-05-11 06:00:00 - Kali Pepe - PTPN,82.47
2026-05-11 12:00:00 - Kali Pepe - PTPN,82.52574352423953
2026-05-11 18:00:00 - Kali Pepe - PTPN,82.63
2026-05-12 06:00:00 - Kali Pepe - PTPN,82.47
2026-05-12 12:00:00 - Kali Pepe - PTPN,82.52574352423953
2026-05-12 18:00:00 - Kali Pepe - PTPN,82.63
2026-05-13 06:00:00 - Kali Pepe - PTPN,82.47
2026-05-13 12:00:00 - Kali Pepe - PTPN,82.52574352423953
2026-05-13 18:00:00 - Kali Pepe - PTPN,82.63
2026-05-14 06:00:00 - Kali Pepe - PTPN,82.47
2026-05-14 12:00:00 - Kali Pepe - PTPN,82.52574352423953
2026-05-14 18:00:00 - Kali Pepe - PTPN,82.63
2026-05-15 06:00:00 - Kali Pepe - PTPN,82.47
2026-05-15 12:00:00 - Kali Pepe - PTPN,82.52574352423953
2026-05-15 18:00:00 - Kali Pepe - PTPN,82.63
2026-05-16 06:00:00 - Kali Pepe - PTPN,82.47
2026-05-16 12:00:00 - Kali Pepe - PTPN,82.52574352423953
2026-05-16 18:00:00 - Kali Pepe - PTPN,82.63
2026-05-17 06:00:00 - Kali Pepe - PTPN,82.47
2026-05-17 12:00:00 - Kali Pepe - PTPN,82.52574352423953
2026-05-17 18:00:00 - Kali Pepe - PTPN,82.63
2026-05-18 06:00:00 - Kali Pepe - PTPN,82.47
2026-05-18 12:00:00 - Kali Pepe - PTPN,82.52574352423953
2026-05-18 18:00:00 - Kali Pepe - PTPN,82.63
2025-09-19 06:00:00 - Kali Pepe - Tugu Boto,94.54242850700258
2025-09-19 12:00:00 - Kali Pepe - Tugu Boto,94.55297280020298
2025-09-19 18:00:00 - Kali Pepe - Tugu Boto,94.54
2025-09-20 06:00:00 - Kali Pepe - Tugu Boto,94.54242850700258
2025-09-20 12:00:00 - Kali Pepe - Tugu Boto,94.55297280020298
2025-09-20 18:00:00 - Kali Pepe - Tugu Boto,94.54
2025-09-21 06:00:00 - Kali Pepe - Tugu Boto,94.54242850700258
2025-09-21 12:00:00 - Kali Pepe - Tugu Boto,94.55297280020298
2025-09-21 18:00:00 - Kali Pepe - Tugu Boto,94.54
2025-09-22 06:00:00 - Kali Pepe - Tugu Boto,94.54242850700258
2025-09-22 12:00:00 - Kali Pepe - Tugu Boto,94.55297280020298
2025-09-22 18:00:00 - Kali Pepe - Tugu Boto,94.54
2025-09-23 06:00:00 - Kali Pepe - Tugu Boto,94.54242850700258
2025-09-23 12:00:00 - Kali Pepe - Tugu Boto,94.55297280020298
2025-09-23 18:00:00 - Kali Pepe - Tugu Boto,94.54
2025-09-24 06:00:00 - Kali Pepe - Tugu Boto,94.54242850700258
2025-09-24 12:00:00 - Kali Pepe - Tugu Boto,94.55297280020298
2025-09-24 18:00:00 - Kali Pepe - Tugu Boto,94.54
2025-09-25 06:00:00 - Kali Pepe - Tugu Boto,94.54242850700258
2025-09-25 12:00:00 - Kali Pepe - Tugu Boto,94.55297280020298
2025-09-25 18:00:00 - Kali Pepe - Tugu Boto,94.54
2025-09-26 06:00:00 - Kali Pepe - Tugu Boto,94.54242850700258
2025-09-26 12:00:00 - Kali Pepe - Tugu Boto,94.55297280020298
2025-09-26 18:00:00 - Kali Pepe - Tugu Boto,94.54
2025-09-27 06:00:00 - Kali Pepe - Tugu Boto,94.54242850700258
2025-09-27 12:00:00 - Kali Pepe - Tugu Boto,94.55297280020298
2025-09-27 18:00:00 - Kali Pepe - Tugu Boto,94.54
2025-09-28 06:00:00 - Kali Pepe - Tugu Boto,94.54242850700258
2025-09-28 12:00:00 - Kali Pepe - Tugu Boto,94.55297280020298
2025-09-28 18:00:00 - Kali Pepe - Tugu Boto,94.54
2025-09-29 06:00:00 - Kali Pepe - Tugu Boto,94.54242850700258
2025-09-29 12:00:00 - Kali Pepe - Tugu Boto,94.55297280020298
2025-09-29 18:00:00 - Kali Pepe - Tugu Boto,94.54
2025-09-30 06:00:00 - Kali Pepe - Tugu Boto,94.54242850700258
2025-09-30 12:00:00 - Kali Pepe - Tugu Boto,94.55297280020298
2025-09-30 18:00:00 - Kali Pepe - Tugu Boto,94.54
2025-10-01 06:00:00 - Kali Pepe - Tugu Boto,94.45
2025-10-01 12:00:00 - Kali Pepe - Tugu Boto,94.45
2025-10-01 18:00:00 - Kali Pepe - Tugu Boto,94.45
2025-10-02 06:00:00 - Kali Pepe - Tugu Boto,94.45
2025-10-02 12:00:00 - Kali Pepe - Tugu Boto,94.45
2025-10-02 18:00:00 - Kali Pepe - Tugu Boto,94.45
2025-10-03 06:00:00 - Kali Pepe - Tugu Boto,94.45
2025-10-03 12:00:00 - Kali Pepe - Tugu Boto,94.45
2025-10-03 18:00:00 - Kali Pepe - Tugu Boto,94.45
2025-10-04 06:00:00 - Kali Pepe - Tugu Boto,94.45
2025-10-04 12:00:00 - Kali Pepe - Tugu Boto,94.45
2025-10-04 18:00:00 - Kali Pepe - Tugu Boto,94.45
2025-10-05 06:00:00 - Kali Pepe - Tugu Boto,94.45
2025-10-05 12:00:00 - Kali Pepe - Tugu Boto,94.45
2025-10-05 18:00:00 - Kali Pepe - Tugu Boto,94.45
2025-10-06 06:00:00 - Kali Pepe - Tugu Boto,94.45
2025-10-06 12:00:00 - Kali Pepe - Tugu Boto,94.45
2025-10-06 18:00:00 - Kali Pepe - Tugu Boto,94.45
2025-10-07 06:00:00 - Kali Pepe - Tugu Boto,94.45
2025-10-07 12:00:00 - Kali Pepe - Tugu Boto,94.45
2025-10-07 18:00:00 - Kali Pepe - Tugu Boto,94.45
2025-10-08 06:00:00 - Kali Pepe - Tugu Boto,94.45
2025-10-08 12:00:00 - Kali Pepe - Tugu Boto,94.45
2025-10-08 18:00:00 - Kali Pepe - Tugu Boto,94.45
2025-10-09 06:00:00 - Kali Pepe - Tugu Boto,94.45
2025-10-09 12:00:00 - Kali Pepe - Tugu Boto,94.45
2025-10-09 18:00:00 - Kali Pepe - Tugu Boto,94.45
2025-10-10 06:00:00 - Kali Pepe - Tugu Boto,94.45
2025-10-10 12:00:00 - Kali Pepe - Tugu Boto,94.45
2025-10-10 18:00:00 - Kali Pepe - Tugu Boto,94.45
2025-10-11 06:00:00 - Kali Pepe - Tugu Boto,94.45
2025-10-11 12:00:00 - Kali Pepe - Tugu Boto,94.45
2025-10-11 18:00:00 - Kali Pepe - Tugu Boto,94.45
2025-10-12 06:00:00 - Kali Pepe - Tugu Boto,94.45
2025-10-12 12:00:00 - Kali Pepe - Tugu Boto,94.45
2025-10-12 18:00:00 - Kali Pepe - Tugu Boto,94.45
2025-10-13 06:00:00 - Kali Pepe - Tugu Boto,94.45
2025-10-13 12:00:00 - Kali Pepe - Tugu Boto,94.45
2025-10-13 18:00:00 - Kali Pepe - Tugu Boto,94.45
2025-10-14 06:00:00 - Kali Pepe - Tugu Boto,94.45
2025-10-14 12:00:00 - Kali Pepe - Tugu Boto,94.45
2025-10-14 18:00:00 - Kali Pepe - Tugu Boto,94.45
2025-10-15 06:00:00 - Kali Pepe - Tugu Boto,94.45
2025-10-15 12:00:00 - Kali Pepe - Tugu Boto,94.45
2025-10-15 18:00:00 - Kali Pepe - Tugu Boto,94.45
2025-10-16 06:00:00 - Kali Pepe - Tugu Boto,94.45
2025-10-16 12:00:00 - Kali Pepe - Tugu Boto,94.45
2025-10-16 18:00:00 - Kali Pepe - Tugu Boto,94.45
2025-10-17 06:00:00 - Kali Pepe - Tugu Boto,94.45
2025-10-17 12:00:00 - Kali Pepe - Tugu Boto,94.45
2025-10-17 18:00:00 - Kali Pepe - Tugu Boto,94.45
2025-10-18 06:00:00 - Kali Pepe - Tugu Boto,94.45
2025-10-18 12:00:00 - Kali Pepe - Tugu Boto,94.45
2025-10-18 18:00:00 - Kali Pepe - Tugu Boto,94.45
2025-10-19 06:00:00 - Kali Pepe - Tugu Boto,94.45
2025-10-19 12:00:00 - Kali Pepe - Tugu Boto,94.45
2025-10-19 18:00:00 - Kali Pepe - Tugu Boto,94.45
2025-10-20 06:00:00 - Kali Pepe - Tugu Boto,94.45
2025-10-20 12:00:00 - Kali Pepe - Tugu Boto,94.45
2025-10-20 18:00:00 - Kali Pepe - Tugu Boto,94.45
2025-10-21 06:00:00 - Kali Pepe - Tugu Boto,94.45
2025-10-21 12:00:00 - Kali Pepe - Tugu Boto,94.45
2025-10-21 18:00:00 - Kali Pepe - Tugu Boto,94.45
2025-10-22 06:00:00 - Kali Pepe - Tugu Boto,94.45
2025-10-22 12:00:00 - Kali Pepe - Tugu Boto,94.45
2025-10-22 18:00:00 - Kali Pepe - Tugu Boto,94.45
2025-10-23 06:00:00 - Kali Pepe - Tugu Boto,94.45
2025-10-23 12:00:00 - Kali Pepe - Tugu Boto,94.45
2025-10-23 18:00:00 - Kali Pepe - Tugu Boto,94.45
2025-10-24 06:00:00 - Kali Pepe - Tugu Boto,94.45
2025-10-24 12:00:00 - Kali Pepe - Tugu Boto,94.45
2025-10-24 18:00:00 - Kali Pepe - Tugu Boto,94.45
2025-10-25 06:00:00 - Kali Pepe - Tugu Boto,94.45
2025-10-25 12:00:00 - Kali Pepe - Tugu Boto,94.45
2025-10-25 18:00:00 - Kali Pepe - Tugu Boto,94.45
2025-10-26 06:00:00 - Kali Pepe - Tugu Boto,94.45
2025-10-26 12:00:00 - Kali Pepe - Tugu Boto,94.45
2025-10-26 18:00:00 - Kali Pepe - Tugu Boto,94.45
2025-10-27 06:00:00 - Kali Pepe - Tugu Boto,94.45
2025-10-27 12:00:00 - Kali Pepe - Tugu Boto,94.45
2025-10-27 18:00:00 - Kali Pepe - Tugu Boto,94.45
2025-10-28 06:00:00 - Kali Pepe - Tugu Boto,94.45
2025-10-28 12:00:00 - Kali Pepe - Tugu Boto,94.45
2025-10-28 18:00:00 - Kali Pepe - Tugu Boto,94.45
2025-10-29 06:00:00 - Kali Pepe - Tugu Boto,94.45
2025-10-29 12:00:00 - Kali Pepe - Tugu Boto,94.45
2025-10-29 18:00:00 - Kali Pepe - Tugu Boto,94.45
2025-10-30 06:00:00 - Kali Pepe - Tugu Boto,94.45
2025-10-30 12:00:00 - Kali Pepe - Tugu Boto,94.45
2025-10-30 18:00:00 - Kali Pepe - Tugu Boto,94.45
2025-10-31 06:00:00 - Kali Pepe - Tugu Boto,94.45
2025-10-31 12:00:00 - Kali Pepe - Tugu Boto,94.45
2025-10-31 18:00:00 - Kali Pepe - Tugu Boto,94.45
2025-11-01 06:00:00 - Kali Pepe - Tugu Boto,94.52140141750452
2025-11-01 12:00:00 - Kali Pepe - Tugu Boto,94.50374098560351
2025-11-01 18:00:00 - Kali Pepe - Tugu Boto,94.54
2025-11-02 06:00:00 - Kali Pepe - Tugu Boto,94.52140141750452
2025-11-02 12:00:00 - Kali Pepe - Tugu Boto,94.50374098560351
2025-11-02 18:00:00 - Kali Pepe - Tugu Boto,94.54
2025-11-03 06:00:00 - Kali Pepe - Tugu Boto,94.52140141750452
2025-11-03 12:00:00 - Kali Pepe - Tugu Boto,94.50374098560351
2025-11-03 18:00:00 - Kali Pepe - Tugu Boto,94.54
2025-11-04 06:00:00 - Kali Pepe - Tugu Boto,94.52140141750452
2025-11-04 12:00:00 - Kali Pepe - Tugu Boto,94.50374098560351
2025-11-04 18:00:00 - Kali Pepe - Tugu Boto,94.54
2025-11-05 06:00:00 - Kali Pepe - Tugu Boto,94.52140141750452
2025-11-05 12:00:00 - Kali Pepe - Tugu Boto,94.50374098560351
2025-11-05 18:00:00 - Kali Pepe - Tugu Boto,94.54
2025-11-06 06:00:00 - Kali Pepe - Tugu Boto,94.52140141750452
2025-11-06 12:00:00 - Kali Pepe - Tugu Boto,94.50374098560351
2025-11-06 18:00:00 - Kali Pepe - Tugu Boto,94.54
2025-11-07 06:00:00 - Kali Pepe - Tugu Boto,94.52140141750452
2025-11-07 12:00:00 - Kali Pepe - Tugu Boto,94.50374098560351
2025-11-07 18:00:00 - Kali Pepe - Tugu Boto,94.54
2025-11-08 06:00:00 - Kali Pepe - Tugu Boto,94.52140141750452
2025-11-08 12:00:00 - Kali Pepe - Tugu Boto,94.50374098560351
2025-11-08 18:00:00 - Kali Pepe - Tugu Boto,94.54
2025-11-09 06:00:00 - Kali Pepe - Tugu Boto,94.52140141750452
2025-11-09 12:00:00 - Kali Pepe - Tugu Boto,94.50374098560351
2025-11-09 18:00:00 - Kali Pepe - Tugu Boto,94.54
2025-11-10 06:00:00 - Kali Pepe - Tugu Boto,94.52140141750452
2025-11-10 12:00:00 - Kali Pepe - Tugu Boto,94.50374098560351
2025-11-10 18:00:00 - Kali Pepe - Tugu Boto,94.54
2025-11-11 06:00:00 - Kali Pepe - Tugu Boto,94.52140141750452
2025-11-11 12:00:00 - Kali Pepe - Tugu Boto,94.50374098560351
2025-11-11 18:00:00 - Kali Pepe - Tugu Boto,94.54
2025-11-12 06:00:00 - Kali Pepe - Tugu Boto,94.52140141750452
2025-11-12 12:00:00 - Kali Pepe - Tugu Boto,94.50374098560351
2025-11-12 18:00:00 - Kali Pepe - Tugu Boto,94.54
2025-11-13 06:00:00 - Kali Pepe - Tugu Boto,94.52140141750452
2025-11-13 12:00:00 - Kali Pepe - Tugu Boto,94.50374098560351
2025-11-13 18:00:00 - Kali Pepe - Tugu Boto,94.54
2025-11-14 06:00:00 - Kali Pepe - Tugu Boto,94.52140141750452
2025-11-14 12:00:00 - Kali Pepe - Tugu Boto,94.50374098560351
2025-11-14 18:00:00 - Kali Pepe - Tugu Boto,94.54
2025-11-15 06:00:00 - Kali Pepe - Tugu Boto,94.52140141750452
2025-11-15 12:00:00 - Kali Pepe - Tugu Boto,94.50374098560351
2025-11-15 18:00:00 - Kali Pepe - Tugu Boto,94.54
2025-11-16 06:00:00 - Kali Pepe - Tugu Boto,94.52140141750452
2025-11-16 12:00:00 - Kali Pepe - Tugu Boto,94.50374098560351
2025-11-16 18:00:00 - Kali Pepe - Tugu Boto,94.54
2025-11-17 06:00:00 - Kali Pepe - Tugu Boto,94.52140141750452
2025-11-17 12:00:00 - Kali Pepe - Tugu Boto,94.50374098560351
2025-11-17 18:00:00 - Kali Pepe - Tugu Boto,94.54
2025-11-18 06:00:00 - Kali Pepe - Tugu Boto,94.52140141750452
2025-11-18 12:00:00 - Kali Pepe - Tugu Boto,94.50374098560351
2025-11-18 18:00:00 - Kali Pepe - Tugu Boto,94.54
2025-11-19 06:00:00 - Kali Pepe - Tugu Boto,94.52140141750452
2025-11-19 12:00:00 - Kali Pepe - Tugu Boto,94.50374098560351
2025-11-19 18:00:00 - Kali Pepe - Tugu Boto,94.54
2025-11-20 06:00:00 - Kali Pepe - Tugu Boto,94.52140141750452
2025-11-20 12:00:00 - Kali Pepe - Tugu Boto,94.50374098560351
2025-11-20 18:00:00 - Kali Pepe - Tugu Boto,94.54
2025-11-21 06:00:00 - Kali Pepe - Tugu Boto,94.52140141750452
2025-11-21 12:00:00 - Kali Pepe - Tugu Boto,94.50374098560351
2025-11-21 18:00:00 - Kali Pepe - Tugu Boto,94.54
2025-11-22 06:00:00 - Kali Pepe - Tugu Boto,94.52140141750452
2025-11-22 12:00:00 - Kali Pepe - Tugu Boto,94.50374098560351
2025-11-22 18:00:00 - Kali Pepe - Tugu Boto,94.54
2025-11-23 06:00:00 - Kali Pepe - Tugu Boto,94.52140141750452
2025-11-23 12:00:00 - Kali Pepe - Tugu Boto,94.50374098560351
2025-11-23 18:00:00 - Kali Pepe - Tugu Boto,94.54
2025-11-24 06:00:00 - Kali Pepe - Tugu Boto,94.52140141750452
2025-11-24 12:00:00 - Kali Pepe - Tugu Boto,94.50374098560351
2025-11-24 18:00:00 - Kali Pepe - Tugu Boto,94.54
2025-11-25 06:00:00 - Kali Pepe - Tugu Boto,94.52140141750452
2025-11-25 12:00:00 - Kali Pepe - Tugu Boto,94.50374098560351
2025-11-25 18:00:00 - Kali Pepe - Tugu Boto,94.54
2025-11-26 06:00:00 - Kali Pepe - Tugu Boto,94.52140141750452
2025-11-26 12:00:00 - Kali Pepe - Tugu Boto,94.50374098560351
2025-11-26 18:00:00 - Kali Pepe - Tugu Boto,94.54
2025-11-27 06:00:00 - Kali Pepe - Tugu Boto,94.52140141750452
2025-11-27 12:00:00 - Kali Pepe - Tugu Boto,94.50374098560351
2025-11-27 18:00:00 - Kali Pepe - Tugu Boto,94.54
2025-11-28 06:00:00 - Kali Pepe - Tugu Boto,94.52140141750452
2025-11-28 12:00:00 - Kali Pepe - Tugu Boto,94.50374098560351
2025-11-28 18:00:00 - Kali Pepe - Tugu Boto,94.54
2025-11-29 06:00:00 - Kali Pepe - Tugu Boto,94.52140141750452
2025-11-29 12:00:00 - Kali Pepe - Tugu Boto,94.50374098560351
2025-11-29 18:00:00 - Kali Pepe - Tugu Boto,94.54
2025-11-30 06:00:00 - Kali Pepe - Tugu Boto,94.52140141750452
2025-11-30 12:00:00 - Kali Pepe - Tugu Boto,94.50374098560351
2025-11-30 18:00:00 - Kali Pepe - Tugu Boto,94.54
2025-12-01 06:00:00 - Kali Pepe - Tugu Boto,94.59682323281842
2025-12-01 12:00:00 - Kali Pepe - Tugu Boto,94.58500000000001
2025-12-01 18:00:00 - Kali Pepe - Tugu Boto,94.58
2025-12-02 06:00:00 - Kali Pepe - Tugu Boto,94.59682323281842
2025-12-02 12:00:00 - Kali Pepe - Tugu Boto,94.58500000000001
2025-12-02 18:00:00 - Kali Pepe - Tugu Boto,94.58
2025-12-03 06:00:00 - Kali Pepe - Tugu Boto,94.59682323281842
2025-12-03 12:00:00 - Kali Pepe - Tugu Boto,94.58500000000001
2025-12-03 18:00:00 - Kali Pepe - Tugu Boto,94.58
2025-12-04 06:00:00 - Kali Pepe - Tugu Boto,94.59682323281842
2025-12-04 12:00:00 - Kali Pepe - Tugu Boto,94.58500000000001
2025-12-04 18:00:00 - Kali Pepe - Tugu Boto,94.58
2025-12-05 06:00:00 - Kali Pepe - Tugu Boto,94.59682323281842
2025-12-05 12:00:00 - Kali Pepe - Tugu Boto,94.58500000000001
2025-12-05 18:00:00 - Kali Pepe - Tugu Boto,94.58
2025-12-06 06:00:00 - Kali Pepe - Tugu Boto,94.59682323281842
2025-12-06 12:00:00 - Kali Pepe - Tugu Boto,94.58500000000001
2025-12-06 18:00:00 - Kali Pepe - Tugu Boto,94.58
2025-12-07 06:00:00 - Kali Pepe - Tugu Boto,94.59682323281842
2025-12-07 12:00:00 - Kali Pepe - Tugu Boto,94.58500000000001
2025-12-07 18:00:00 - Kali Pepe - Tugu Boto,94.58
2025-12-08 06:00:00 - Kali Pepe - Tugu Boto,94.59682323281842
2025-12-08 12:00:00 - Kali Pepe - Tugu Boto,94.58500000000001
2025-12-08 18:00:00 - Kali Pepe - Tugu Boto,94.58
2025-12-09 06:00:00 - Kali Pepe - Tugu Boto,94.59682323281842
2025-12-09 12:00:00 - Kali Pepe - Tugu Boto,94.58500000000001
2025-12-09 18:00:00 - Kali Pepe - Tugu Boto,94.58
2025-12-10 06:00:00 - Kali Pepe - Tugu Boto,94.59682323281842
2025-12-10 12:00:00 - Kali Pepe - Tugu Boto,94.58500000000001
2025-12-10 18:00:00 - Kali Pepe - Tugu Boto,94.58
2025-12-11 06:00:00 - Kali Pepe - Tugu Boto,94.59682323281842
2025-12-11 12:00:00 - Kali Pepe - Tugu Boto,94.58500000000001
2025-12-11 18:00:00 - Kali Pepe - Tugu Boto,94.58
2025-12-12 06:00:00 - Kali Pepe - Tugu Boto,94.59682323281842
2025-12-12 12:00:00 - Kali Pepe - Tugu Boto,94.58500000000001
2025-12-12 18:00:00 - Kali Pepe - Tugu Boto,94.58
2025-12-13 06:00:00 - Kali Pepe - Tugu Boto,94.59682323281842
2025-12-13 12:00:00 - Kali Pepe - Tugu Boto,94.58500000000001
2025-12-13 18:00:00 - Kali Pepe - Tugu Boto,94.58
2025-12-14 06:00:00 - Kali Pepe - Tugu Boto,94.59682323281842
2025-12-14 12:00:00 - Kali Pepe - Tugu Boto,94.58500000000001
2025-12-14 18:00:00 - Kali Pepe - Tugu Boto,94.58
2025-12-15 06:00:00 - Kali Pepe - Tugu Boto,94.59682323281842
2025-12-15 12:00:00 - Kali Pepe - Tugu Boto,94.58500000000001
2025-12-15 18:00:00 - Kali Pepe - Tugu Boto,94.58
2025-12-16 06:00:00 - Kali Pepe - Tugu Boto,94.59682323281842
2025-12-16 12:00:00 - Kali Pepe - Tugu Boto,94.58500000000001
2025-12-16 18:00:00 - Kali Pepe - Tugu Boto,94.58
2025-12-17 06:00:00 - Kali Pepe - Tugu Boto,94.59682323281842
2025-12-17 12:00:00 - Kali Pepe - Tugu Boto,94.58500000000001
2025-12-17 18:00:00 - Kali Pepe - Tugu Boto,94.58
2025-12-18 06:00:00 - Kali Pepe - Tugu Boto,94.59682323281842
2025-12-18 12:00:00 - Kali Pepe - Tugu Boto,94.58500000000001
2025-12-18 18:00:00 - Kali Pepe - Tugu Boto,94.58
2025-12-19 06:00:00 - Kali Pepe - Tugu Boto,94.59682323281842
2025-12-19 12:00:00 - Kali Pepe - Tugu Boto,94.58500000000001
2025-12-19 18:00:00 - Kali Pepe - Tugu Boto,94.58
2025-12-20 06:00:00 - Kali Pepe - Tugu Boto,94.59682323281842
2025-12-20 12:00:00 - Kali Pepe - Tugu Boto,94.58500000000001
2025-12-20 18:00:00 - Kali Pepe - Tugu Boto,94.58
2025-12-21 06:00:00 - Kali Pepe - Tugu Boto,94.59682323281842
2025-12-21 12:00:00 - Kali Pepe - Tugu Boto,94.58500000000001
2025-12-21 18:00:00 - Kali Pepe - Tugu Boto,94.58
2025-12-22 06:00:00 - Kali Pepe - Tugu Boto,94.59682323281842
2025-12-22 12:00:00 - Kali Pepe - Tugu Boto,94.58500000000001
2025-12-22 18:00:00 - Kali Pepe - Tugu Boto,94.58
2025-12-23 06:00:00 - Kali Pepe - Tugu Boto,94.59682323281842
2025-12-23 12:00:00 - Kali Pepe - Tugu Boto,94.58500000000001
2025-12-23 18:00:00 - Kali Pepe - Tugu Boto,94.58
2025-12-24 06:00:00 - Kali Pepe - Tugu Boto,94.59682323281842
2025-12-24 12:00:00 - Kali Pepe - Tugu Boto,94.58500000000001
2025-12-24 18:00:00 - Kali Pepe - Tugu Boto,94.58
2025-12-25 06:00:00 - Kali Pepe - Tugu Boto,94.59682323281842
2025-12-25 12:00:00 - Kali Pepe - Tugu Boto,94.58500000000001
2025-12-25 18:00:00 - Kali Pepe - Tugu Boto,94.58
2025-12-26 06:00:00 - Kali Pepe - Tugu Boto,94.59682323281842
2025-12-26 12:00:00 - Kali Pepe - Tugu Boto,94.58500000000001
2025-12-26 18:00:00 - Kali Pepe - Tugu Boto,94.58
2025-12-27 06:00:00 - Kali Pepe - Tugu Boto,94.59682323281842
2025-12-27 12:00:00 - Kali Pepe - Tugu Boto,94.58500000000001
2025-12-27 18:00:00 - Kali Pepe - Tugu Boto,94.58
2025-12-28 06:00:00 - Kali Pepe - Tugu Boto,94.59682323281842
2025-12-28 12:00:00 - Kali Pepe - Tugu Boto,94.58500000000001
2025-12-28 18:00:00 - Kali Pepe - Tugu Boto,94.58
2025-12-29 06:00:00 - Kali Pepe - Tugu Boto,94.59682323281842
2025-12-29 12:00:00 - Kali Pepe - Tugu Boto,94.58500000000001
2025-12-29 18:00:00 - Kali Pepe - Tugu Boto,94.58
2025-12-30 06:00:00 - Kali Pepe - Tugu Boto,94.59682323281842
2025-12-30 12:00:00 - Kali Pepe - Tugu Boto,94.58500000000001
2025-12-30 18:00:00 - Kali Pepe - Tugu Boto,94.58
2025-12-31 06:00:00 - Kali Pepe - Tugu Boto,94.59682323281842
2025-12-31 12:00:00 - Kali Pepe - Tugu Boto,94.58500000000001
2025-12-31 18:00:00 - Kali Pepe - Tugu Boto,94.58
2026-01-01 06:00:00 - Kali Pepe - Tugu Boto,94.9014123646418
2026-01-01 12:00:00 - Kali Pepe - Tugu Boto,94.84
2026-01-01 18:00:00 - Kali Pepe - Tugu Boto,94.91
2026-01-02 06:00:00 - Kali Pepe - Tugu Boto,94.9014123646418
2026-01-02 12:00:00 - Kali Pepe - Tugu Boto,94.84
2026-01-02 18:00:00 - Kali Pepe - Tugu Boto,94.91
2026-01-03 06:00:00 - Kali Pepe - Tugu Boto,94.9014123646418
2026-01-03 12:00:00 - Kali Pepe - Tugu Boto,94.84
2026-01-03 18:00:00 - Kali Pepe - Tugu Boto,94.91
2026-01-04 06:00:00 - Kali Pepe - Tugu Boto,94.9014123646418
2026-01-04 12:00:00 - Kali Pepe - Tugu Boto,94.84
2026-01-04 18:00:00 - Kali Pepe - Tugu Boto,94.91
2026-01-05 06:00:00 - Kali Pepe - Tugu Boto,94.9014123646418
2026-01-05 12:00:00 - Kali Pepe - Tugu Boto,94.84
2026-01-05 18:00:00 - Kali Pepe - Tugu Boto,94.91
2026-01-06 06:00:00 - Kali Pepe - Tugu Boto,94.9014123646418
2026-01-06 12:00:00 - Kali Pepe - Tugu Boto,94.84
2026-01-06 18:00:00 - Kali Pepe - Tugu Boto,94.91
2026-01-07 06:00:00 - Kali Pepe - Tugu Boto,94.9014123646418
2026-01-07 12:00:00 - Kali Pepe - Tugu Boto,94.84
2026-01-07 18:00:00 - Kali Pepe - Tugu Boto,94.91
2026-01-08 06:00:00 - Kali Pepe - Tugu Boto,94.9014123646418
2026-01-08 12:00:00 - Kali Pepe - Tugu Boto,94.84
2026-01-08 18:00:00 - Kali Pepe - Tugu Boto,94.91
2026-01-09 06:00:00 - Kali Pepe - Tugu Boto,94.9014123646418
2026-01-09 12:00:00 - Kali Pepe - Tugu Boto,94.84
2026-01-09 18:00:00 - Kali Pepe - Tugu Boto,94.91
2026-01-10 06:00:00 - Kali Pepe - Tugu Boto,94.9014123646418
2026-01-10 12:00:00 - Kali Pepe - Tugu Boto,94.84
2026-01-10 18:00:00 - Kali Pepe - Tugu Boto,94.91
2026-01-11 06:00:00 - Kali Pepe - Tugu Boto,94.9014123646418
2026-01-11 12:00:00 - Kali Pepe - Tugu Boto,94.84
2026-01-11 18:00:00 - Kali Pepe - Tugu Boto,94.91
2026-01-12 06:00:00 - Kali Pepe - Tugu Boto,94.9014123646418
2026-01-12 12:00:00 - Kali Pepe - Tugu Boto,94.84
2026-01-12 18:00:00 - Kali Pepe - Tugu Boto,94.91
2026-01-13 06:00:00 - Kali Pepe - Tugu Boto,94.9014123646418
2026-01-13 12:00:00 - Kali Pepe - Tugu Boto,94.84
2026-01-13 18:00:00 - Kali Pepe - Tugu Boto,94.91
2026-01-14 06:00:00 - Kali Pepe - Tugu Boto,94.9014123646418
2026-01-14 12:00:00 - Kali Pepe - Tugu Boto,94.84
2026-01-14 18:00:00 - Kali Pepe - Tugu Boto,94.91
2026-01-15 06:00:00 - Kali Pepe - Tugu Boto,94.9014123646418
2026-01-15 12:00:00 - Kali Pepe - Tugu Boto,94.84
2026-01-15 18:00:00 - Kali Pepe - Tugu Boto,94.91
2026-01-16 06:00:00 - Kali Pepe - Tugu Boto,94.9014123646418
2026-01-16 12:00:00 - Kali Pepe - Tugu Boto,94.84
2026-01-16 18:00:00 - Kali Pepe - Tugu Boto,94.91
2026-01-17 06:00:00 - Kali Pepe - Tugu Boto,94.9014123646418
2026-01-17 12:00:00 - Kali Pepe - Tugu Boto,94.84
2026-01-17 18:00:00 - Kali Pepe - Tugu Boto,94.91
2026-01-18 06:00:00 - Kali Pepe - Tugu Boto,94.9014123646418
2026-01-18 12:00:00 - Kali Pepe - Tugu Boto,94.84
2026-01-18 18:00:00 - Kali Pepe - Tugu Boto,94.91
2026-01-19 06:00:00 - Kali Pepe - Tugu Boto,94.9014123646418
2026-01-19 12:00:00 - Kali Pepe - Tugu Boto,94.84
2026-01-19 18:00:00 - Kali Pepe - Tugu Boto,94.91
2026-01-20 06:00:00 - Kali Pepe - Tugu Boto,94.9014123646418
2026-01-20 12:00:00 - Kali Pepe - Tugu Boto,94.84
2026-01-20 18:00:00 - Kali Pepe - Tugu Boto,94.91
2026-01-21 06:00:00 - Kali Pepe - Tugu Boto,94.9014123646418
2026-01-21 12:00:00 - Kali Pepe - Tugu Boto,94.84
2026-01-21 18:00:00 - Kali Pepe - Tugu Boto,94.91
2026-01-22 06:00:00 - Kali Pepe - Tugu Boto,94.9014123646418
2026-01-22 12:00:00 - Kali Pepe - Tugu Boto,94.84
2026-01-22 18:00:00 - Kali Pepe - Tugu Boto,94.91
2026-01-23 06:00:00 - Kali Pepe - Tugu Boto,94.9014123646418
2026-01-23 12:00:00 - Kali Pepe - Tugu Boto,94.84
2026-01-23 18:00:00 - Kali Pepe - Tugu Boto,94.91
2026-01-24 06:00:00 - Kali Pepe - Tugu Boto,94.9014123646418
2026-01-24 12:00:00 - Kali Pepe - Tugu Boto,94.84
2026-01-24 18:00:00 - Kali Pepe - Tugu Boto,94.91
2026-01-25 06:00:00 - Kali Pepe - Tugu Boto,94.9014123646418
2026-01-25 12:00:00 - Kali Pepe - Tugu Boto,94.84
2026-01-25 18:00:00 - Kali Pepe - Tugu Boto,94.91
2026-01-26 06:00:00 - Kali Pepe - Tugu Boto,94.9014123646418
2026-01-26 12:00:00 - Kali Pepe - Tugu Boto,94.84
2026-01-26 18:00:00 - Kali Pepe - Tugu Boto,94.91
2026-01-27 06:00:00 - Kali Pepe - Tugu Boto,94.9014123646418
2026-01-27 12:00:00 - Kali Pepe - Tugu Boto,94.84
2026-01-27 18:00:00 - Kali Pepe - Tugu Boto,94.91
2026-01-28 06:00:00 - Kali Pepe - Tugu Boto,94.9014123646418
2026-01-28 12:00:00 - Kali Pepe - Tugu Boto,94.84
2026-01-28 18:00:00 - Kali Pepe - Tugu Boto,94.91
2026-01-29 06:00:00 - Kali Pepe - Tugu Boto,94.9014123646418
2026-01-29 12:00:00 - Kali Pepe - Tugu Boto,94.84
2026-01-29 18:00:00 - Kali Pepe - Tugu Boto,94.91
2026-01-30 06:00:00 - Kali Pepe - Tugu Boto,94.9014123646418
2026-01-30 12:00:00 - Kali Pepe - Tugu Boto,94.84
2026-01-30 18:00:00 - Kali Pepe - Tugu Boto,94.91
2026-01-31 06:00:00 - Kali Pepe - Tugu Boto,94.9014123646418
2026-01-31 12:00:00 - Kali Pepe - Tugu Boto,94.84
2026-01-31 18:00:00 - Kali Pepe - Tugu Boto,94.91
2026-02-01 06:00:00 - Kali Pepe - Tugu Boto,95.23466265011102
2026-02-01 12:00:00 - Kali Pepe - Tugu Boto,94.99315661360656
2026-02-01 18:00:00 - Kali Pepe - Tugu Boto,95.07942115698901
2026-02-02 06:00:00 - Kali Pepe - Tugu Boto,95.23466265011102
2026-02-02 12:00:00 - Kali Pepe - Tugu Boto,94.99315661360656
2026-02-02 18:00:00 - Kali Pepe - Tugu Boto,95.07942115698901
2026-02-03 06:00:00 - Kali Pepe - Tugu Boto,95.23466265011102
2026-02-03 12:00:00 - Kali Pepe - Tugu Boto,94.99315661360656
2026-02-03 18:00:00 - Kali Pepe - Tugu Boto,95.07942115698901
2026-02-04 06:00:00 - Kali Pepe - Tugu Boto,95.23466265011102
2026-02-04 12:00:00 - Kali Pepe - Tugu Boto,94.99315661360656
2026-02-04 18:00:00 - Kali Pepe - Tugu Boto,95.07942115698901
2026-02-05 06:00:00 - Kali Pepe - Tugu Boto,95.23466265011102
2026-02-05 12:00:00 - Kali Pepe - Tugu Boto,94.99315661360656
2026-02-05 18:00:00 - Kali Pepe - Tugu Boto,95.07942115698901
2026-02-06 06:00:00 - Kali Pepe - Tugu Boto,95.23466265011102
2026-02-06 12:00:00 - Kali Pepe - Tugu Boto,94.99315661360656
2026-02-06 18:00:00 - Kali Pepe - Tugu Boto,95.07942115698901
2026-02-07 06:00:00 - Kali Pepe - Tugu Boto,95.23466265011102
2026-02-07 12:00:00 - Kali Pepe - Tugu Boto,94.99315661360656
2026-02-07 18:00:00 - Kali Pepe - Tugu Boto,95.07942115698901
2026-02-08 06:00:00 - Kali Pepe - Tugu Boto,95.23466265011102
2026-02-08 12:00:00 - Kali Pepe - Tugu Boto,94.99315661360656
2026-02-08 18:00:00 - Kali Pepe - Tugu Boto,95.07942115698901
2026-02-09 06:00:00 - Kali Pepe - Tugu Boto,95.23466265011102
2026-02-09 12:00:00 - Kali Pepe - Tugu Boto,94.99315661360656
2026-02-09 18:00:00 - Kali Pepe - Tugu Boto,95.07942115698901
2026-02-10 06:00:00 - Kali Pepe - Tugu Boto,95.23466265011102
2026-02-10 12:00:00 - Kali Pepe - Tugu Boto,94.99315661360656
2026-02-10 18:00:00 - Kali Pepe - Tugu Boto,95.07942115698901
2026-02-11 06:00:00 - Kali Pepe - Tugu Boto,95.23466265011102
2026-02-11 12:00:00 - Kali Pepe - Tugu Boto,94.99315661360656
2026-02-11 18:00:00 - Kali Pepe - Tugu Boto,95.07942115698901
2026-02-12 06:00:00 - Kali Pepe - Tugu Boto,95.23466265011102
2026-02-12 12:00:00 - Kali Pepe - Tugu Boto,94.99315661360656
2026-02-12 18:00:00 - Kali Pepe - Tugu Boto,95.07942115698901
2026-02-13 06:00:00 - Kali Pepe - Tugu Boto,95.23466265011102
2026-02-13 12:00:00 - Kali Pepe - Tugu Boto,94.99315661360656
2026-02-13 18:00:00 - Kali Pepe - Tugu Boto,95.07942115698901
2026-02-14 06:00:00 - Kali Pepe - Tugu Boto,95.23466265011102
2026-02-14 12:00:00 - Kali Pepe - Tugu Boto,94.99315661360656
2026-02-14 18:00:00 - Kali Pepe - Tugu Boto,95.07942115698901
2026-02-15 06:00:00 - Kali Pepe - Tugu Boto,95.23466265011102
2026-02-15 12:00:00 - Kali Pepe - Tugu Boto,94.99315661360656
2026-02-15 18:00:00 - Kali Pepe - Tugu Boto,95.07942115698901
2026-02-16 06:00:00 - Kali Pepe - Tugu Boto,95.23466265011102
2026-02-16 12:00:00 - Kali Pepe - Tugu Boto,94.99315661360656
2026-02-16 18:00:00 - Kali Pepe - Tugu Boto,95.07942115698901
2026-02-17 06:00:00 - Kali Pepe - Tugu Boto,95.23466265011102
2026-02-17 12:00:00 - Kali Pepe - Tugu Boto,94.99315661360656
2026-02-17 18:00:00 - Kali Pepe - Tugu Boto,95.07942115698901
2026-02-18 06:00:00 - Kali Pepe - Tugu Boto,95.23466265011102
2026-02-18 12:00:00 - Kali Pepe - Tugu Boto,94.99315661360656
2026-02-18 18:00:00 - Kali Pepe - Tugu Boto,95.07942115698901
2026-02-19 06:00:00 - Kali Pepe - Tugu Boto,95.23466265011102
2026-02-19 12:00:00 - Kali Pepe - Tugu Boto,94.99315661360656
2026-02-19 18:00:00 - Kali Pepe - Tugu Boto,95.07942115698901
2026-02-20 06:00:00 - Kali Pepe - Tugu Boto,95.23466265011102
2026-02-20 12:00:00 - Kali Pepe - Tugu Boto,94.99315661360656
2026-02-20 18:00:00 - Kali Pepe - Tugu Boto,95.07942115698901
2026-02-21 06:00:00 - Kali Pepe - Tugu Boto,95.23466265011102
2026-02-21 12:00:00 - Kali Pepe - Tugu Boto,94.99315661360656
2026-02-21 18:00:00 - Kali Pepe - Tugu Boto,95.07942115698901
2026-02-22 06:00:00 - Kali Pepe - Tugu Boto,95.23466265011102
2026-02-22 12:00:00 - Kali Pepe - Tugu Boto,94.99315661360656
2026-02-22 18:00:00 - Kali Pepe - Tugu Boto,95.07942115698901
2026-02-23 06:00:00 - Kali Pepe - Tugu Boto,95.23466265011102
2026-02-23 12:00:00 - Kali Pepe - Tugu Boto,94.99315661360656
2026-02-23 18:00:00 - Kali Pepe - Tugu Boto,95.07942115698901
2026-02-24 06:00:00 - Kali Pepe - Tugu Boto,95.23466265011102
2026-02-24 12:00:00 - Kali Pepe - Tugu Boto,94.99315661360656
2026-02-24 18:00:00 - Kali Pepe - Tugu Boto,95.07942115698901
2026-02-25 06:00:00 - Kali Pepe - Tugu Boto,95.23466265011102
2026-02-25 12:00:00 - Kali Pepe - Tugu Boto,94.99315661360656
2026-02-25 18:00:00 - Kali Pepe - Tugu Boto,95.07942115698901
2026-02-26 06:00:00 - Kali Pepe - Tugu Boto,95.23466265011102
2026-02-26 12:00:00 - Kali Pepe - Tugu Boto,94.99315661360656
2026-02-26 18:00:00 - Kali Pepe - Tugu Boto,95.07942115698901
2026-02-27 06:00:00 - Kali Pepe - Tugu Boto,95.23466265011102
2026-02-27 12:00:00 - Kali Pepe - Tugu Boto,94.99315661360656
2026-02-27 18:00:00 - Kali Pepe - Tugu Boto,95.07942115698901
2026-02-28 06:00:00 - Kali Pepe - Tugu Boto,95.23466265011102
2026-02-28 12:00:00 - Kali Pepe - Tugu Boto,94.99315661360656
2026-02-28 18:00:00 - Kali Pepe - Tugu Boto,95.07942115698901
2026-03-01 06:00:00 - Kali Pepe - Tugu Boto,95.17
2026-03-01 12:00:00 - Kali Pepe - Tugu Boto,95.06
2026-03-01 18:00:00 - Kali Pepe - Tugu Boto,95.1
2026-03-02 06:00:00 - Kali Pepe - Tugu Boto,95.17
2026-03-02 12:00:00 - Kali Pepe - Tugu Boto,95.06
2026-03-02 18:00:00 - Kali Pepe - Tugu Boto,95.1
2026-03-03 06:00:00 - Kali Pepe - Tugu Boto,95.17
2026-03-03 12:00:00 - Kali Pepe - Tugu Boto,95.06
2026-03-03 18:00:00 - Kali Pepe - Tugu Boto,95.1
2026-03-04 06:00:00 - Kali Pepe - Tugu Boto,95.17
2026-03-04 12:00:00 - Kali Pepe - Tugu Boto,95.06
2026-03-04 18:00:00 - Kali Pepe - Tugu Boto,95.1
2026-03-05 06:00:00 - Kali Pepe - Tugu Boto,95.17
2026-03-05 12:00:00 - Kali Pepe - Tugu Boto,95.06
2026-03-05 18:00:00 - Kali Pepe - Tugu Boto,95.1
2026-03-06 06:00:00 - Kali Pepe - Tugu Boto,95.17
2026-03-06 12:00:00 - Kali Pepe - Tugu Boto,95.06
2026-03-06 18:00:00 - Kali Pepe - Tugu Boto,95.1
2026-03-07 06:00:00 - Kali Pepe - Tugu Boto,95.17
2026-03-07 12:00:00 - Kali Pepe - Tugu Boto,95.06
2026-03-07 18:00:00 - Kali Pepe - Tugu Boto,95.1
2026-03-08 06:00:00 - Kali Pepe - Tugu Boto,95.17
2026-03-08 12:00:00 - Kali Pepe - Tugu Boto,95.06
2026-03-08 18:00:00 - Kali Pepe - Tugu Boto,95.1
2026-03-09 06:00:00 - Kali Pepe - Tugu Boto,95.17
2026-03-09 12:00:00 - Kali Pepe - Tugu Boto,95.06
2026-03-09 18:00:00 - Kali Pepe - Tugu Boto,95.1
2026-03-10 06:00:00 - Kali Pepe - Tugu Boto,95.17
2026-03-10 12:00:00 - Kali Pepe - Tugu Boto,95.06
2026-03-10 18:00:00 - Kali Pepe - Tugu Boto,95.1
2026-03-11 06:00:00 - Kali Pepe - Tugu Boto,95.17
2026-03-11 12:00:00 - Kali Pepe - Tugu Boto,95.06
2026-03-11 18:00:00 - Kali Pepe - Tugu Boto,95.1
2026-03-12 06:00:00 - Kali Pepe - Tugu Boto,95.17
2026-03-12 12:00:00 - Kali Pepe - Tugu Boto,95.06
2026-03-12 18:00:00 - Kali Pepe - Tugu Boto,95.1
2026-03-13 06:00:00 - Kali Pepe - Tugu Boto,95.17
2026-03-13 12:00:00 - Kali Pepe - Tugu Boto,95.06
2026-03-13 18:00:00 - Kali Pepe - Tugu Boto,95.1
2026-03-14 06:00:00 - Kali Pepe - Tugu Boto,95.17
2026-03-14 12:00:00 - Kali Pepe - Tugu Boto,95.06
2026-03-14 18:00:00 - Kali Pepe - Tugu Boto,95.1
2026-03-15 06:00:00 - Kali Pepe - Tugu Boto,95.17
2026-03-15 12:00:00 - Kali Pepe - Tugu Boto,95.06
2026-03-15 18:00:00 - Kali Pepe - Tugu Boto,95.1
2026-03-16 06:00:00 - Kali Pepe - Tugu Boto,95.17
2026-03-16 12:00:00 - Kali Pepe - Tugu Boto,95.06
2026-03-16 18:00:00 - Kali Pepe - Tugu Boto,95.1
2026-03-17 06:00:00 - Kali Pepe - Tugu Boto,95.17
2026-03-17 12:00:00 - Kali Pepe - Tugu Boto,95.06
2026-03-17 18:00:00 - Kali Pepe - Tugu Boto,95.1
2026-03-18 06:00:00 - Kali Pepe - Tugu Boto,95.17
2026-03-18 12:00:00 - Kali Pepe - Tugu Boto,95.06
2026-03-18 18:00:00 - Kali Pepe - Tugu Boto,95.1
2026-03-19 06:00:00 - Kali Pepe - Tugu Boto,95.17
2026-03-19 12:00:00 - Kali Pepe - Tugu Boto,95.06
2026-03-19 18:00:00 - Kali Pepe - Tugu Boto,95.1
2026-03-20 06:00:00 - Kali Pepe - Tugu Boto,95.17
2026-03-20 12:00:00 - Kali Pepe - Tugu Boto,95.06
2026-03-20 18:00:00 - Kali Pepe - Tugu Boto,95.1
2026-03-21 06:00:00 - Kali Pepe - Tugu Boto,95.17
2026-03-21 12:00:00 - Kali Pepe - Tugu Boto,95.06
2026-03-21 18:00:00 - Kali Pepe - Tugu Boto,95.1
2026-03-22 06:00:00 - Kali Pepe - Tugu Boto,95.17
2026-03-22 12:00:00 - Kali Pepe - Tugu Boto,95.06
2026-03-22 18:00:00 - Kali Pepe - Tugu Boto,95.1
2026-03-23 06:00:00 - Kali Pepe - Tugu Boto,95.17
2026-03-23 12:00:00 - Kali Pepe - Tugu Boto,95.06
2026-03-23 18:00:00 - Kali Pepe - Tugu Boto,95.1
2026-03-24 06:00:00 - Kali Pepe - Tugu Boto,95.17
2026-03-24 12:00:00 - Kali Pepe - Tugu Boto,95.06
2026-03-24 18:00:00 - Kali Pepe - Tugu Boto,95.1
2026-03-25 06:00:00 - Kali Pepe - Tugu Boto,95.17
2026-03-25 12:00:00 - Kali Pepe - Tugu Boto,95.06
2026-03-25 18:00:00 - Kali Pepe - Tugu Boto,95.1
2026-03-26 06:00:00 - Kali Pepe - Tugu Boto,95.17
2026-03-26 12:00:00 - Kali Pepe - Tugu Boto,95.06
2026-03-26 18:00:00 - Kali Pepe - Tugu Boto,95.1
2026-03-27 06:00:00 - Kali Pepe - Tugu Boto,95.17
2026-03-27 12:00:00 - Kali Pepe - Tugu Boto,95.06
2026-03-27 18:00:00 - Kali Pepe - Tugu Boto,95.1
2026-03-28 06:00:00 - Kali Pepe - Tugu Boto,95.17
2026-03-28 12:00:00 - Kali Pepe - Tugu Boto,95.06
2026-03-28 18:00:00 - Kali Pepe - Tugu Boto,95.1
2026-03-29 06:00:00 - Kali Pepe - Tugu Boto,95.17
2026-03-29 12:00:00 - Kali Pepe - Tugu Boto,95.06
2026-03-29 18:00:00 - Kali Pepe - Tugu Boto,95.1
2026-03-30 06:00:00 - Kali Pepe - Tugu Boto,95.17
2026-03-30 12:00:00 - Kali Pepe - Tugu Boto,95.06
2026-03-30 18:00:00 - Kali Pepe - Tugu Boto,95.1
2026-03-31 06:00:00 - Kali Pepe - Tugu Boto,95.17
2026-03-31 12:00:00 - Kali Pepe - Tugu Boto,95.06
2026-03-31 18:00:00 - Kali Pepe - Tugu Boto,95.1
2026-04-01 06:00:00 - Kali Pepe - Tugu Boto,95.07022123572182
2026-04-01 12:00:00 - Kali Pepe - Tugu Boto,95.025
2026-04-01 18:00:00 - Kali Pepe - Tugu Boto,95.00849328040056
2026-04-02 06:00:00 - Kali Pepe - Tugu Boto,95.07022123572182
2026-04-02 12:00:00 - Kali Pepe - Tugu Boto,95.025
2026-04-02 18:00:00 - Kali Pepe - Tugu Boto,95.00849328040056
2026-04-03 06:00:00 - Kali Pepe - Tugu Boto,95.07022123572182
2026-04-03 12:00:00 - Kali Pepe - Tugu Boto,95.025
2026-04-03 18:00:00 - Kali Pepe - Tugu Boto,95.00849328040056
2026-04-04 06:00:00 - Kali Pepe - Tugu Boto,95.07022123572182
2026-04-04 12:00:00 - Kali Pepe - Tugu Boto,95.025
2026-04-04 18:00:00 - Kali Pepe - Tugu Boto,95.00849328040056
2026-04-05 06:00:00 - Kali Pepe - Tugu Boto,95.07022123572182
2026-04-05 12:00:00 - Kali Pepe - Tugu Boto,95.025
2026-04-05 18:00:00 - Kali Pepe - Tugu Boto,95.00849328040056
2026-04-06 06:00:00 - Kali Pepe - Tugu Boto,95.07022123572182
2026-04-06 12:00:00 - Kali Pepe - Tugu Boto,95.025
2026-04-06 18:00:00 - Kali Pepe - Tugu Boto,95.00849328040056
2026-04-07 06:00:00 - Kali Pepe - Tugu Boto,95.07022123572182
2026-04-07 12:00:00 - Kali Pepe - Tugu Boto,95.025
2026-04-07 18:00:00 - Kali Pepe - Tugu Boto,95.00849328040056
2026-04-08 06:00:00 - Kali Pepe - Tugu Boto,95.07022123572182
2026-04-08 12:00:00 - Kali Pepe - Tugu Boto,95.025
2026-04-08 18:00:00 - Kali Pepe - Tugu Boto,95.00849328040056
2026-04-09 06:00:00 - Kali Pepe - Tugu Boto,95.07022123572182
2026-04-09 12:00:00 - Kali Pepe - Tugu Boto,95.025
2026-04-09 18:00:00 - Kali Pepe - Tugu Boto,95.00849328040056
2026-04-10 06:00:00 - Kali Pepe - Tugu Boto,95.07022123572182
2026-04-10 12:00:00 - Kali Pepe - Tugu Boto,95.025
2026-04-10 18:00:00 - Kali Pepe - Tugu Boto,95.00849328040056
2026-04-11 06:00:00 - Kali Pepe - Tugu Boto,95.07022123572182
2026-04-11 12:00:00 - Kali Pepe - Tugu Boto,95.025
2026-04-11 18:00:00 - Kali Pepe - Tugu Boto,95.00849328040056
2026-04-12 06:00:00 - Kali Pepe - Tugu Boto,95.07022123572182
2026-04-12 12:00:00 - Kali Pepe - Tugu Boto,95.025
2026-04-12 18:00:00 - Kali Pepe - Tugu Boto,95.00849328040056
2026-04-13 06:00:00 - Kali Pepe - Tugu Boto,95.07022123572182
2026-04-13 12:00:00 - Kali Pepe - Tugu Boto,95.025
2026-04-13 18:00:00 - Kali Pepe - Tugu Boto,95.00849328040056
2026-04-14 06:00:00 - Kali Pepe - Tugu Boto,95.07022123572182
2026-04-14 12:00:00 - Kali Pepe - Tugu Boto,95.025
2026-04-14 18:00:00 - Kali Pepe - Tugu Boto,95.00849328040056
2026-04-15 06:00:00 - Kali Pepe - Tugu Boto,95.07022123572182
2026-04-15 12:00:00 - Kali Pepe - Tugu Boto,95.025
2026-04-15 18:00:00 - Kali Pepe - Tugu Boto,95.00849328040056
2026-04-16 06:00:00 - Kali Pepe - Tugu Boto,95.07022123572182
2026-04-16 12:00:00 - Kali Pepe - Tugu Boto,95.025
2026-04-16 18:00:00 - Kali Pepe - Tugu Boto,95.00849328040056
2026-04-17 06:00:00 - Kali Pepe - Tugu Boto,95.07022123572182
2026-04-17 12:00:00 - Kali Pepe - Tugu Boto,95.025
2026-04-17 18:00:00 - Kali Pepe - Tugu Boto,95.00849328040056
2026-04-18 06:00:00 - Kali Pepe - Tugu Boto,95.07022123572182
2026-04-18 12:00:00 - Kali Pepe - Tugu Boto,95.025
2026-04-18 18:00:00 - Kali Pepe - Tugu Boto,95.00849328040056
2026-04-19 06:00:00 - Kali Pepe - Tugu Boto,95.07022123572182
2026-04-19 12:00:00 - Kali Pepe - Tugu Boto,95.025
2026-04-19 18:00:00 - Kali Pepe - Tugu Boto,95.00849328040056
2026-04-20 06:00:00 - Kali Pepe - Tugu Boto,95.07022123572182
2026-04-20 12:00:00 - Kali Pepe - Tugu Boto,95.025
2026-04-20 18:00:00 - Kali Pepe - Tugu Boto,95.00849328040056
2026-04-21 06:00:00 - Kali Pepe - Tugu Boto,95.07022123572182
2026-04-21 12:00:00 - Kali Pepe - Tugu Boto,95.025
2026-04-21 18:00:00 - Kali Pepe - Tugu Boto,95.00849328040056
2026-04-22 06:00:00 - Kali Pepe - Tugu Boto,95.07022123572182
2026-04-22 12:00:00 - Kali Pepe - Tugu Boto,95.025
2026-04-22 18:00:00 - Kali Pepe - Tugu Boto,95.00849328040056
2026-04-23 06:00:00 - Kali Pepe - Tugu Boto,95.07022123572182
2026-04-23 12:00:00 - Kali Pepe - Tugu Boto,95.025
2026-04-23 18:00:00 - Kali Pepe - Tugu Boto,95.00849328040056
2026-04-24 06:00:00 - Kali Pepe - Tugu Boto,95.07022123572182
2026-04-24 12:00:00 - Kali Pepe - Tugu Boto,95.025
2026-04-24 18:00:00 - Kali Pepe - Tugu Boto,95.00849328040056
2026-04-25 06:00:00 - Kali Pepe - Tugu Boto,95.07022123572182
2026-04-25 12:00:00 - Kali Pepe - Tugu Boto,95.025
2026-04-25 18:00:00 - Kali Pepe - Tugu Boto,95.00849328040056
2026-04-26 06:00:00 - Kali Pepe - Tugu Boto,95.07022123572182
2026-04-26 12:00:00 - Kali Pepe - Tugu Boto,95.025
2026-04-26 18:00:00 - Kali Pepe - Tugu Boto,95.00849328040056
2026-04-27 06:00:00 - Kali Pepe - Tugu Boto,95.07022123572182
2026-04-27 12:00:00 - Kali Pepe - Tugu Boto,95.025
2026-04-27 18:00:00 - Kali Pepe - Tugu Boto,95.00849328040056
2026-04-28 06:00:00 - Kali Pepe - Tugu Boto,95.07022123572182
2026-04-28 12:00:00 - Kali Pepe - Tugu Boto,95.025
2026-04-28 18:00:00 - Kali Pepe - Tugu Boto,95.00849328040056
2026-04-29 06:00:00 - Kali Pepe - Tugu Boto,95.07022123572182
2026-04-29 12:00:00 - Kali Pepe - Tugu Boto,95.025
2026-04-29 18:00:00 - Kali Pepe - Tugu Boto,95.00849328040056
2026-04-30 06:00:00 - Kali Pepe - Tugu Boto,95.07022123572182
2026-04-30 12:00:00 - Kali Pepe - Tugu Boto,95.025
2026-04-30 18:00:00 - Kali Pepe - Tugu Boto,95.00849328040056
2026-05-01 06:00:00 - Kali Pepe - Tugu Boto,94.80812216599568
2026-05-01 12:00:00 - Kali Pepe - Tugu Boto,94.79
2026-05-01 18:00:00 - Kali Pepe - Tugu Boto,94.79
2026-05-02 06:00:00 - Kali Pepe - Tugu Boto,94.80812216599568
2026-05-02 12:00:00 - Kali Pepe - Tugu Boto,94.79
2026-05-02 18:00:00 - Kali Pepe - Tugu Boto,94.79
2026-05-03 06:00:00 - Kali Pepe - Tugu Boto,94.80812216599568
2026-05-03 12:00:00 - Kali Pepe - Tugu Boto,94.79
2026-05-03 18:00:00 - Kali Pepe - Tugu Boto,94.79
2026-05-04 06:00:00 - Kali Pepe - Tugu Boto,94.80812216599568
2026-05-04 12:00:00 - Kali Pepe - Tugu Boto,94.79
2026-05-04 18:00:00 - Kali Pepe - Tugu Boto,94.79
2026-05-05 06:00:00 - Kali Pepe - Tugu Boto,94.80812216599568
2026-05-05 12:00:00 - Kali Pepe - Tugu Boto,94.79
2026-05-05 18:00:00 - Kali Pepe - Tugu Boto,94.79
2026-05-06 06:00:00 - Kali Pepe - Tugu Boto,94.80812216599568
2026-05-06 12:00:00 - Kali Pepe - Tugu Boto,94.79
2026-05-06 18:00:00 - Kali Pepe - Tugu Boto,94.79
2026-05-07 06:00:00 - Kali Pepe - Tugu Boto,94.80812216599568
2026-05-07 12:00:00 - Kali Pepe - Tugu Boto,94.79
2026-05-07 18:00:00 - Kali Pepe - Tugu Boto,94.79
2026-05-08 06:00:00 - Kali Pepe - Tugu Boto,94.80812216599568
2026-05-08 12:00:00 - Kali Pepe - Tugu Boto,94.79
2026-05-08 18:00:00 - Kali Pepe - Tugu Boto,94.79
2026-05-09 06:00:00 - Kali Pepe - Tugu Boto,94.80812216599568
2026-05-09 12:00:00 - Kali Pepe - Tugu Boto,94.79
2026-05-09 18:00:00 - Kali Pepe - Tugu Boto,94.79
2026-05-10 06:00:00 - Kali Pepe - Tugu Boto,94.80812216599568
2026-05-10 12:00:00 - Kali Pepe - Tugu Boto,94.79
2026-05-10 18:00:00 - Kali Pepe - Tugu Boto,94.79
2026-05-11 06:00:00 - Kali Pepe - Tugu Boto,94.80812216599568
2026-05-11 12:00:00 - Kali Pepe - Tugu Boto,94.79
2026-05-11 18:00:00 - Kali Pepe - Tugu Boto,94.79
2026-05-12 06:00:00 - Kali Pepe - Tugu Boto,94.80812216599568
2026-05-12 12:00:00 - Kali Pepe - Tugu Boto,94.79
2026-05-12 18:00:00 - Kali Pepe - Tugu Boto,94.79
2026-05-13 06:00:00 - Kali Pepe - Tugu Boto,94.80812216599568
2026-05-13 12:00:00 - Kali Pepe - Tugu Boto,94.79
2026-05-13 18:00:00 - Kali Pepe - Tugu Boto,94.79
2026-05-14 06:00:00 - Kali Pepe - Tugu Boto,94.80812216599568
2026-05-14 12:00:00 - Kali Pepe - Tugu Boto,94.79
2026-05-14 18:00:00 - Kali Pepe - Tugu Boto,94.79
2026-05-15 06:00:00 - Kali Pepe - Tugu Boto,94.80812216599568
2026-05-15 12:00:00 - Kali Pepe - Tugu Boto,94.79
2026-05-15 18:00:00 - Kali Pepe - Tugu Boto,94.79
2026-05-16 06:00:00 - Kali Pepe - Tugu Boto,94.80812216599568
2026-05-16 12:00:00 - Kali Pepe - Tugu Boto,94.79
2026-05-16 18:00:00 - Kali Pepe - Tugu Boto,94.79
2026-05-17 06:00:00 - Kali Pepe - Tugu Boto,94.80812216599568
2026-05-17 12:00:00 - Kali Pepe - Tugu Boto,94.79
2026-05-17 18:00:00 - Kali Pepe - Tugu Boto,94.79
2026-05-18 06:00:00 - Kali Pepe - Tugu Boto,94.80812216599568
2026-05-18 12:00:00 - Kali Pepe - Tugu Boto,94.79
2026-05-18 18:00:00 - Kali Pepe - Tugu Boto,94.79
2025-09-19 06:00:00 - Karanggeneng,1.59
2025-09-19 12:00:00 - Karanggeneng,1.565
2025-09-19 18:00:00 - Karanggeneng,1.589203054185601
2025-09-20 06:00:00 - Karanggeneng,1.59
2025-09-20 12:00:00 - Karanggeneng,1.565
2025-09-20 18:00:00 - Karanggeneng,1.589203054185601
2025-09-21 06:00:00 - Karanggeneng,1.59
2025-09-21 12:00:00 - Karanggeneng,1.565
2025-09-21 18:00:00 - Karanggeneng,1.589203054185601
2025-09-22 06:00:00 - Karanggeneng,1.59
2025-09-22 12:00:00 - Karanggeneng,1.565
2025-09-22 18:00:00 - Karanggeneng,1.589203054185601
2025-09-23 06:00:00 - Karanggeneng,1.59
2025-09-23 12:00:00 - Karanggeneng,1.565
2025-09-23 18:00:00 - Karanggeneng,1.589203054185601
2025-09-24 06:00:00 - Karanggeneng,1.59
2025-09-24 12:00:00 - Karanggeneng,1.565
2025-09-24 18:00:00 - Karanggeneng,1.589203054185601
2025-09-25 06:00:00 - Karanggeneng,1.59
2025-09-25 12:00:00 - Karanggeneng,1.565
2025-09-25 18:00:00 - Karanggeneng,1.589203054185601
2025-09-26 06:00:00 - Karanggeneng,1.59
2025-09-26 12:00:00 - Karanggeneng,1.565
2025-09-26 18:00:00 - Karanggeneng,1.589203054185601
2025-09-27 06:00:00 - Karanggeneng,1.59
2025-09-27 12:00:00 - Karanggeneng,1.565
2025-09-27 18:00:00 - Karanggeneng,1.589203054185601
2025-09-28 06:00:00 - Karanggeneng,1.59
2025-09-28 12:00:00 - Karanggeneng,1.565
2025-09-28 18:00:00 - Karanggeneng,1.589203054185601
2025-09-29 06:00:00 - Karanggeneng,1.59
2025-09-29 12:00:00 - Karanggeneng,1.565
2025-09-29 18:00:00 - Karanggeneng,1.589203054185601
2025-09-30 06:00:00 - Karanggeneng,1.59
2025-09-30 12:00:00 - Karanggeneng,1.565
2025-09-30 18:00:00 - Karanggeneng,1.589203054185601
2025-10-01 06:00:00 - Karanggeneng,1.0
2025-10-01 12:00:00 - Karanggeneng,1.04
2025-10-01 18:00:00 - Karanggeneng,1.05
2025-10-02 06:00:00 - Karanggeneng,1.0
2025-10-02 12:00:00 - Karanggeneng,1.04
2025-10-02 18:00:00 - Karanggeneng,1.05
2025-10-03 06:00:00 - Karanggeneng,1.0
2025-10-03 12:00:00 - Karanggeneng,1.04
2025-10-03 18:00:00 - Karanggeneng,1.05
2025-10-04 06:00:00 - Karanggeneng,1.0
2025-10-04 12:00:00 - Karanggeneng,1.04
2025-10-04 18:00:00 - Karanggeneng,1.05
2025-10-05 06:00:00 - Karanggeneng,1.0
2025-10-05 12:00:00 - Karanggeneng,1.04
2025-10-05 18:00:00 - Karanggeneng,1.05
2025-10-06 06:00:00 - Karanggeneng,1.0
2025-10-06 12:00:00 - Karanggeneng,1.04
2025-10-06 18:00:00 - Karanggeneng,1.05
2025-10-07 06:00:00 - Karanggeneng,1.0
2025-10-07 12:00:00 - Karanggeneng,1.04
2025-10-07 18:00:00 - Karanggeneng,1.05
2025-10-08 06:00:00 - Karanggeneng,1.0
2025-10-08 12:00:00 - Karanggeneng,1.04
2025-10-08 18:00:00 - Karanggeneng,1.05
2025-10-09 06:00:00 - Karanggeneng,1.0
2025-10-09 12:00:00 - Karanggeneng,1.04
2025-10-09 18:00:00 - Karanggeneng,1.05
2025-10-10 06:00:00 - Karanggeneng,1.0
2025-10-10 12:00:00 - Karanggeneng,1.04
2025-10-10 18:00:00 - Karanggeneng,1.05
2025-10-11 06:00:00 - Karanggeneng,1.0
2025-10-11 12:00:00 - Karanggeneng,1.04
2025-10-11 18:00:00 - Karanggeneng,1.05
2025-10-12 06:00:00 - Karanggeneng,1.0
2025-10-12 12:00:00 - Karanggeneng,1.04
2025-10-12 18:00:00 - Karanggeneng,1.05
2025-10-13 06:00:00 - Karanggeneng,1.0
2025-10-13 12:00:00 - Karanggeneng,1.04
2025-10-13 18:00:00 - Karanggeneng,1.05
2025-10-14 06:00:00 - Karanggeneng,1.0
2025-10-14 12:00:00 - Karanggeneng,1.04
2025-10-14 18:00:00 - Karanggeneng,1.05
2025-10-15 06:00:00 - Karanggeneng,1.0
2025-10-15 12:00:00 - Karanggeneng,1.04
2025-10-15 18:00:00 - Karanggeneng,1.05
2025-10-16 06:00:00 - Karanggeneng,1.0
2025-10-16 12:00:00 - Karanggeneng,1.04
2025-10-16 18:00:00 - Karanggeneng,1.05
2025-10-17 06:00:00 - Karanggeneng,1.0
2025-10-17 12:00:00 - Karanggeneng,1.04
2025-10-17 18:00:00 - Karanggeneng,1.05
2025-10-18 06:00:00 - Karanggeneng,1.0
2025-10-18 12:00:00 - Karanggeneng,1.04
2025-10-18 18:00:00 - Karanggeneng,1.05
2025-10-19 06:00:00 - Karanggeneng,1.0
2025-10-19 12:00:00 - Karanggeneng,1.04
2025-10-19 18:00:00 - Karanggeneng,1.05
2025-10-20 06:00:00 - Karanggeneng,1.0
2025-10-20 12:00:00 - Karanggeneng,1.04
2025-10-20 18:00:00 - Karanggeneng,1.05
2025-10-21 06:00:00 - Karanggeneng,1.0
2025-10-21 12:00:00 - Karanggeneng,1.04
2025-10-21 18:00:00 - Karanggeneng,1.05
2025-10-22 06:00:00 - Karanggeneng,1.0
2025-10-22 12:00:00 - Karanggeneng,1.04
2025-10-22 18:00:00 - Karanggeneng,1.05
2025-10-23 06:00:00 - Karanggeneng,1.0
2025-10-23 12:00:00 - Karanggeneng,1.04
2025-10-23 18:00:00 - Karanggeneng,1.05
2025-10-24 06:00:00 - Karanggeneng,1.0
2025-10-24 12:00:00 - Karanggeneng,1.04
2025-10-24 18:00:00 - Karanggeneng,1.05
2025-10-25 06:00:00 - Karanggeneng,1.0
2025-10-25 12:00:00 - Karanggeneng,1.04
2025-10-25 18:00:00 - Karanggeneng,1.05
2025-10-26 06:00:00 - Karanggeneng,1.0
2025-10-26 12:00:00 - Karanggeneng,1.04
2025-10-26 18:00:00 - Karanggeneng,1.05
2025-10-27 06:00:00 - Karanggeneng,1.0
2025-10-27 12:00:00 - Karanggeneng,1.04
2025-10-27 18:00:00 - Karanggeneng,1.05
2025-10-28 06:00:00 - Karanggeneng,1.0
2025-10-28 12:00:00 - Karanggeneng,1.04
2025-10-28 18:00:00 - Karanggeneng,1.05
2025-10-29 06:00:00 - Karanggeneng,1.0
2025-10-29 12:00:00 - Karanggeneng,1.04
2025-10-29 18:00:00 - Karanggeneng,1.05
2025-10-30 06:00:00 - Karanggeneng,1.0
2025-10-30 12:00:00 - Karanggeneng,1.04
2025-10-30 18:00:00 - Karanggeneng,1.05
2025-10-31 06:00:00 - Karanggeneng,1.0
2025-10-31 12:00:00 - Karanggeneng,1.04
2025-10-31 18:00:00 - Karanggeneng,1.05
2025-11-01 06:00:00 - Karanggeneng,0.9960792347979677
2025-11-01 12:00:00 - Karanggeneng,0.97349412002138
2025-11-01 18:00:00 - Karanggeneng,0.99
2025-11-02 06:00:00 - Karanggeneng,0.9960792347979677
2025-11-02 12:00:00 - Karanggeneng,0.97349412002138
2025-11-02 18:00:00 - Karanggeneng,0.99
2025-11-03 06:00:00 - Karanggeneng,0.9960792347979677
2025-11-03 12:00:00 - Karanggeneng,0.97349412002138
2025-11-03 18:00:00 - Karanggeneng,0.99
2025-11-04 06:00:00 - Karanggeneng,0.9960792347979677
2025-11-04 12:00:00 - Karanggeneng,0.97349412002138
2025-11-04 18:00:00 - Karanggeneng,0.99
2025-11-05 06:00:00 - Karanggeneng,0.9960792347979677
2025-11-05 12:00:00 - Karanggeneng,0.97349412002138
2025-11-05 18:00:00 - Karanggeneng,0.99
2025-11-06 06:00:00 - Karanggeneng,0.9960792347979677
2025-11-06 12:00:00 - Karanggeneng,0.97349412002138
2025-11-06 18:00:00 - Karanggeneng,0.99
2025-11-07 06:00:00 - Karanggeneng,0.9960792347979677
2025-11-07 12:00:00 - Karanggeneng,0.97349412002138
2025-11-07 18:00:00 - Karanggeneng,0.99
2025-11-08 06:00:00 - Karanggeneng,0.9960792347979677
2025-11-08 12:00:00 - Karanggeneng,0.97349412002138
2025-11-08 18:00:00 - Karanggeneng,0.99
2025-11-09 06:00:00 - Karanggeneng,0.9960792347979677
2025-11-09 12:00:00 - Karanggeneng,0.97349412002138
2025-11-09 18:00:00 - Karanggeneng,0.99
2025-11-10 06:00:00 - Karanggeneng,0.9960792347979677
2025-11-10 12:00:00 - Karanggeneng,0.97349412002138
2025-11-10 18:00:00 - Karanggeneng,0.99
2025-11-11 06:00:00 - Karanggeneng,0.9960792347979677
2025-11-11 12:00:00 - Karanggeneng,0.97349412002138
2025-11-11 18:00:00 - Karanggeneng,0.99
2025-11-12 06:00:00 - Karanggeneng,0.9960792347979677
2025-11-12 12:00:00 - Karanggeneng,0.97349412002138
2025-11-12 18:00:00 - Karanggeneng,0.99
2025-11-13 06:00:00 - Karanggeneng,0.9960792347979677
2025-11-13 12:00:00 - Karanggeneng,0.97349412002138
2025-11-13 18:00:00 - Karanggeneng,0.99
2025-11-14 06:00:00 - Karanggeneng,0.9960792347979677
2025-11-14 12:00:00 - Karanggeneng,0.97349412002138
2025-11-14 18:00:00 - Karanggeneng,0.99
2025-11-15 06:00:00 - Karanggeneng,0.9960792347979677
2025-11-15 12:00:00 - Karanggeneng,0.97349412002138
2025-11-15 18:00:00 - Karanggeneng,0.99
2025-11-16 06:00:00 - Karanggeneng,0.9960792347979677
2025-11-16 12:00:00 - Karanggeneng,0.97349412002138
2025-11-16 18:00:00 - Karanggeneng,0.99
2025-11-17 06:00:00 - Karanggeneng,0.9960792347979677
2025-11-17 12:00:00 - Karanggeneng,0.97349412002138
2025-11-17 18:00:00 - Karanggeneng,0.99
2025-11-18 06:00:00 - Karanggeneng,0.9960792347979677
2025-11-18 12:00:00 - Karanggeneng,0.97349412002138
2025-11-18 18:00:00 - Karanggeneng,0.99
2025-11-19 06:00:00 - Karanggeneng,0.9960792347979677
2025-11-19 12:00:00 - Karanggeneng,0.97349412002138
2025-11-19 18:00:00 - Karanggeneng,0.99
2025-11-20 06:00:00 - Karanggeneng,0.9960792347979677
2025-11-20 12:00:00 - Karanggeneng,0.97349412002138
2025-11-20 18:00:00 - Karanggeneng,0.99
2025-11-21 06:00:00 - Karanggeneng,0.9960792347979677
2025-11-21 12:00:00 - Karanggeneng,0.97349412002138
2025-11-21 18:00:00 - Karanggeneng,0.99
2025-11-22 06:00:00 - Karanggeneng,0.9960792347979677
2025-11-22 12:00:00 - Karanggeneng,0.97349412002138
2025-11-22 18:00:00 - Karanggeneng,0.99
2025-11-23 06:00:00 - Karanggeneng,0.9960792347979677
2025-11-23 12:00:00 - Karanggeneng,0.97349412002138
2025-11-23 18:00:00 - Karanggeneng,0.99
2025-11-24 06:00:00 - Karanggeneng,0.9960792347979677
2025-11-24 12:00:00 - Karanggeneng,0.97349412002138
2025-11-24 18:00:00 - Karanggeneng,0.99
2025-11-25 06:00:00 - Karanggeneng,0.9960792347979677
2025-11-25 12:00:00 - Karanggeneng,0.97349412002138
2025-11-25 18:00:00 - Karanggeneng,0.99
2025-11-26 06:00:00 - Karanggeneng,0.9960792347979677
2025-11-26 12:00:00 - Karanggeneng,0.97349412002138
2025-11-26 18:00:00 - Karanggeneng,0.99
2025-11-27 06:00:00 - Karanggeneng,0.9960792347979677
2025-11-27 12:00:00 - Karanggeneng,0.97349412002138
2025-11-27 18:00:00 - Karanggeneng,0.99
2025-11-28 06:00:00 - Karanggeneng,0.9960792347979677
2025-11-28 12:00:00 - Karanggeneng,0.97349412002138
2025-11-28 18:00:00 - Karanggeneng,0.99
2025-11-29 06:00:00 - Karanggeneng,0.9960792347979677
2025-11-29 12:00:00 - Karanggeneng,0.97349412002138
2025-11-29 18:00:00 - Karanggeneng,0.99
2025-11-30 06:00:00 - Karanggeneng,0.9960792347979677
2025-11-30 12:00:00 - Karanggeneng,0.97349412002138
2025-11-30 18:00:00 - Karanggeneng,0.99
2025-12-01 06:00:00 - Karanggeneng,2.0680623736276784
2025-12-01 12:00:00 - Karanggeneng,1.9849999999999999
2025-12-01 18:00:00 - Karanggeneng,1.955
2025-12-02 06:00:00 - Karanggeneng,2.0680623736276784
2025-12-02 12:00:00 - Karanggeneng,1.9849999999999999
2025-12-02 18:00:00 - Karanggeneng,1.955
2025-12-03 06:00:00 - Karanggeneng,2.0680623736276784
2025-12-03 12:00:00 - Karanggeneng,1.9849999999999999
2025-12-03 18:00:00 - Karanggeneng,1.955
2025-12-04 06:00:00 - Karanggeneng,2.0680623736276784
2025-12-04 12:00:00 - Karanggeneng,1.9849999999999999
2025-12-04 18:00:00 - Karanggeneng,1.955
2025-12-05 06:00:00 - Karanggeneng,2.0680623736276784
2025-12-05 12:00:00 - Karanggeneng,1.9849999999999999
2025-12-05 18:00:00 - Karanggeneng,1.955
2025-12-06 06:00:00 - Karanggeneng,2.0680623736276784
2025-12-06 12:00:00 - Karanggeneng,1.9849999999999999
2025-12-06 18:00:00 - Karanggeneng,1.955
2025-12-07 06:00:00 - Karanggeneng,2.0680623736276784
2025-12-07 12:00:00 - Karanggeneng,1.9849999999999999
2025-12-07 18:00:00 - Karanggeneng,1.955
2025-12-08 06:00:00 - Karanggeneng,2.0680623736276784
2025-12-08 12:00:00 - Karanggeneng,1.9849999999999999
2025-12-08 18:00:00 - Karanggeneng,1.955
2025-12-09 06:00:00 - Karanggeneng,2.0680623736276784
2025-12-09 12:00:00 - Karanggeneng,1.9849999999999999
2025-12-09 18:00:00 - Karanggeneng,1.955
2025-12-10 06:00:00 - Karanggeneng,2.0680623736276784
2025-12-10 12:00:00 - Karanggeneng,1.9849999999999999
2025-12-10 18:00:00 - Karanggeneng,1.955
2025-12-11 06:00:00 - Karanggeneng,2.0680623736276784
2025-12-11 12:00:00 - Karanggeneng,1.9849999999999999
2025-12-11 18:00:00 - Karanggeneng,1.955
2025-12-12 06:00:00 - Karanggeneng,2.0680623736276784
2025-12-12 12:00:00 - Karanggeneng,1.9849999999999999
2025-12-12 18:00:00 - Karanggeneng,1.955
2025-12-13 06:00:00 - Karanggeneng,2.0680623736276784
2025-12-13 12:00:00 - Karanggeneng,1.9849999999999999
2025-12-13 18:00:00 - Karanggeneng,1.955
2025-12-14 06:00:00 - Karanggeneng,2.0680623736276784
2025-12-14 12:00:00 - Karanggeneng,1.9849999999999999
2025-12-14 18:00:00 - Karanggeneng,1.955
2025-12-15 06:00:00 - Karanggeneng,2.0680623736276784
2025-12-15 12:00:00 - Karanggeneng,1.9849999999999999
2025-12-15 18:00:00 - Karanggeneng,1.955
2025-12-16 06:00:00 - Karanggeneng,2.0680623736276784
2025-12-16 12:00:00 - Karanggeneng,1.9849999999999999
2025-12-16 18:00:00 - Karanggeneng,1.955
2025-12-17 06:00:00 - Karanggeneng,2.0680623736276784
2025-12-17 12:00:00 - Karanggeneng,1.9849999999999999
2025-12-17 18:00:00 - Karanggeneng,1.955
2025-12-18 06:00:00 - Karanggeneng,2.0680623736276784
2025-12-18 12:00:00 - Karanggeneng,1.9849999999999999
2025-12-18 18:00:00 - Karanggeneng,1.955
2025-12-19 06:00:00 - Karanggeneng,2.0680623736276784
2025-12-19 12:00:00 - Karanggeneng,1.9849999999999999
2025-12-19 18:00:00 - Karanggeneng,1.955
2025-12-20 06:00:00 - Karanggeneng,2.0680623736276784
2025-12-20 12:00:00 - Karanggeneng,1.9849999999999999
2025-12-20 18:00:00 - Karanggeneng,1.955
2025-12-21 06:00:00 - Karanggeneng,2.0680623736276784
2025-12-21 12:00:00 - Karanggeneng,1.9849999999999999
2025-12-21 18:00:00 - Karanggeneng,1.955
2025-12-22 06:00:00 - Karanggeneng,2.0680623736276784
2025-12-22 12:00:00 - Karanggeneng,1.9849999999999999
2025-12-22 18:00:00 - Karanggeneng,1.955
2025-12-23 06:00:00 - Karanggeneng,2.0680623736276784
2025-12-23 12:00:00 - Karanggeneng,1.9849999999999999
2025-12-23 18:00:00 - Karanggeneng,1.955
2025-12-24 06:00:00 - Karanggeneng,2.0680623736276784
2025-12-24 12:00:00 - Karanggeneng,1.9849999999999999
2025-12-24 18:00:00 - Karanggeneng,1.955
2025-12-25 06:00:00 - Karanggeneng,2.0680623736276784
2025-12-25 12:00:00 - Karanggeneng,1.9849999999999999
2025-12-25 18:00:00 - Karanggeneng,1.955
2025-12-26 06:00:00 - Karanggeneng,2.0680623736276784
2025-12-26 12:00:00 - Karanggeneng,1.9849999999999999
2025-12-26 18:00:00 - Karanggeneng,1.955
2025-12-27 06:00:00 - Karanggeneng,2.0680623736276784
2025-12-27 12:00:00 - Karanggeneng,1.9849999999999999
2025-12-27 18:00:00 - Karanggeneng,1.955
2025-12-28 06:00:00 - Karanggeneng,2.0680623736276784
2025-12-28 12:00:00 - Karanggeneng,1.9849999999999999
2025-12-28 18:00:00 - Karanggeneng,1.955
2025-12-29 06:00:00 - Karanggeneng,2.0680623736276784
2025-12-29 12:00:00 - Karanggeneng,1.9849999999999999
2025-12-29 18:00:00 - Karanggeneng,1.955
2025-12-30 06:00:00 - Karanggeneng,2.0680623736276784
2025-12-30 12:00:00 - Karanggeneng,1.9849999999999999
2025-12-30 18:00:00 - Karanggeneng,1.955
2025-12-31 06:00:00 - Karanggeneng,2.0680623736276784
2025-12-31 12:00:00 - Karanggeneng,1.9849999999999999
2025-12-31 18:00:00 - Karanggeneng,1.955
2026-01-01 06:00:00 - Karanggeneng,2.5
2026-01-01 12:00:00 - Karanggeneng,2.43
2026-01-01 18:00:00 - Karanggeneng,2.53
2026-01-02 06:00:00 - Karanggeneng,2.5
2026-01-02 12:00:00 - Karanggeneng,2.43
2026-01-02 18:00:00 - Karanggeneng,2.53
2026-01-03 06:00:00 - Karanggeneng,2.5
2026-01-03 12:00:00 - Karanggeneng,2.43
2026-01-03 18:00:00 - Karanggeneng,2.53
2026-01-04 06:00:00 - Karanggeneng,2.5
2026-01-04 12:00:00 - Karanggeneng,2.43
2026-01-04 18:00:00 - Karanggeneng,2.53
2026-01-05 06:00:00 - Karanggeneng,2.5
2026-01-05 12:00:00 - Karanggeneng,2.43
2026-01-05 18:00:00 - Karanggeneng,2.53
2026-01-06 06:00:00 - Karanggeneng,2.5
2026-01-06 12:00:00 - Karanggeneng,2.43
2026-01-06 18:00:00 - Karanggeneng,2.53
2026-01-07 06:00:00 - Karanggeneng,2.5
2026-01-07 12:00:00 - Karanggeneng,2.43
2026-01-07 18:00:00 - Karanggeneng,2.53
2026-01-08 06:00:00 - Karanggeneng,2.5
2026-01-08 12:00:00 - Karanggeneng,2.43
2026-01-08 18:00:00 - Karanggeneng,2.53
2026-01-09 06:00:00 - Karanggeneng,2.5
2026-01-09 12:00:00 - Karanggeneng,2.43
2026-01-09 18:00:00 - Karanggeneng,2.53
2026-01-10 06:00:00 - Karanggeneng,2.5
2026-01-10 12:00:00 - Karanggeneng,2.43
2026-01-10 18:00:00 - Karanggeneng,2.53
2026-01-11 06:00:00 - Karanggeneng,2.5
2026-01-11 12:00:00 - Karanggeneng,2.43
2026-01-11 18:00:00 - Karanggeneng,2.53
2026-01-12 06:00:00 - Karanggeneng,2.5
2026-01-12 12:00:00 - Karanggeneng,2.43
2026-01-12 18:00:00 - Karanggeneng,2.53
2026-01-13 06:00:00 - Karanggeneng,2.5
2026-01-13 12:00:00 - Karanggeneng,2.43
2026-01-13 18:00:00 - Karanggeneng,2.53
2026-01-14 06:00:00 - Karanggeneng,2.5
2026-01-14 12:00:00 - Karanggeneng,2.43
2026-01-14 18:00:00 - Karanggeneng,2.53
2026-01-15 06:00:00 - Karanggeneng,2.5
2026-01-15 12:00:00 - Karanggeneng,2.43
2026-01-15 18:00:00 - Karanggeneng,2.53
2026-01-16 06:00:00 - Karanggeneng,2.5
2026-01-16 12:00:00 - Karanggeneng,2.43
2026-01-16 18:00:00 - Karanggeneng,2.53
2026-01-17 06:00:00 - Karanggeneng,2.5
2026-01-17 12:00:00 - Karanggeneng,2.43
2026-01-17 18:00:00 - Karanggeneng,2.53
2026-01-18 06:00:00 - Karanggeneng,2.5
2026-01-18 12:00:00 - Karanggeneng,2.43
2026-01-18 18:00:00 - Karanggeneng,2.53
2026-01-19 06:00:00 - Karanggeneng,2.5
2026-01-19 12:00:00 - Karanggeneng,2.43
2026-01-19 18:00:00 - Karanggeneng,2.53
2026-01-20 06:00:00 - Karanggeneng,2.5
2026-01-20 12:00:00 - Karanggeneng,2.43
2026-01-20 18:00:00 - Karanggeneng,2.53
2026-01-21 06:00:00 - Karanggeneng,2.5
2026-01-21 12:00:00 - Karanggeneng,2.43
2026-01-21 18:00:00 - Karanggeneng,2.53
2026-01-22 06:00:00 - Karanggeneng,2.5
2026-01-22 12:00:00 - Karanggeneng,2.43
2026-01-22 18:00:00 - Karanggeneng,2.53
2026-01-23 06:00:00 - Karanggeneng,2.5
2026-01-23 12:00:00 - Karanggeneng,2.43
2026-01-23 18:00:00 - Karanggeneng,2.53
2026-01-24 06:00:00 - Karanggeneng,2.5
2026-01-24 12:00:00 - Karanggeneng,2.43
2026-01-24 18:00:00 - Karanggeneng,2.53
2026-01-25 06:00:00 - Karanggeneng,2.5
2026-01-25 12:00:00 - Karanggeneng,2.43
2026-01-25 18:00:00 - Karanggeneng,2.53
2026-01-26 06:00:00 - Karanggeneng,2.5
2026-01-26 12:00:00 - Karanggeneng,2.43
2026-01-26 18:00:00 - Karanggeneng,2.53
2026-01-27 06:00:00 - Karanggeneng,2.5
2026-01-27 12:00:00 - Karanggeneng,2.43
2026-01-27 18:00:00 - Karanggeneng,2.53
2026-01-28 06:00:00 - Karanggeneng,2.5
2026-01-28 12:00:00 - Karanggeneng,2.43
2026-01-28 18:00:00 - Karanggeneng,2.53
2026-01-29 06:00:00 - Karanggeneng,2.5
2026-01-29 12:00:00 - Karanggeneng,2.43
2026-01-29 18:00:00 - Karanggeneng,2.53
2026-01-30 06:00:00 - Karanggeneng,2.5
2026-01-30 12:00:00 - Karanggeneng,2.43
2026-01-30 18:00:00 - Karanggeneng,2.53
2026-01-31 06:00:00 - Karanggeneng,2.5
2026-01-31 12:00:00 - Karanggeneng,2.43
2026-01-31 18:00:00 - Karanggeneng,2.53
2026-02-01 06:00:00 - Karanggeneng,3.29
2026-02-01 12:00:00 - Karanggeneng,3.3099999999999996
2026-02-01 18:00:00 - Karanggeneng,3.15
2026-02-02 06:00:00 - Karanggeneng,3.29
2026-02-02 12:00:00 - Karanggeneng,3.3099999999999996
2026-02-02 18:00:00 - Karanggeneng,3.15
2026-02-03 06:00:00 - Karanggeneng,3.29
2026-02-03 12:00:00 - Karanggeneng,3.3099999999999996
2026-02-03 18:00:00 - Karanggeneng,3.15
2026-02-04 06:00:00 - Karanggeneng,3.29
2026-02-04 12:00:00 - Karanggeneng,3.3099999999999996
2026-02-04 18:00:00 - Karanggeneng,3.15
2026-02-05 06:00:00 - Karanggeneng,3.29
2026-02-05 12:00:00 - Karanggeneng,3.3099999999999996
2026-02-05 18:00:00 - Karanggeneng,3.15
2026-02-06 06:00:00 - Karanggeneng,3.29
2026-02-06 12:00:00 - Karanggeneng,3.3099999999999996
2026-02-06 18:00:00 - Karanggeneng,3.15
2026-02-07 06:00:00 - Karanggeneng,3.29
2026-02-07 12:00:00 - Karanggeneng,3.3099999999999996
2026-02-07 18:00:00 - Karanggeneng,3.15
2026-02-08 06:00:00 - Karanggeneng,3.29
2026-02-08 12:00:00 - Karanggeneng,3.3099999999999996
2026-02-08 18:00:00 - Karanggeneng,3.15
2026-02-09 06:00:00 - Karanggeneng,3.29
2026-02-09 12:00:00 - Karanggeneng,3.3099999999999996
2026-02-09 18:00:00 - Karanggeneng,3.15
2026-02-10 06:00:00 - Karanggeneng,3.29
2026-02-10 12:00:00 - Karanggeneng,3.3099999999999996
2026-02-10 18:00:00 - Karanggeneng,3.15
2026-02-11 06:00:00 - Karanggeneng,3.29
2026-02-11 12:00:00 - Karanggeneng,3.3099999999999996
2026-02-11 18:00:00 - Karanggeneng,3.15
2026-02-12 06:00:00 - Karanggeneng,3.29
2026-02-12 12:00:00 - Karanggeneng,3.3099999999999996
2026-02-12 18:00:00 - Karanggeneng,3.15
2026-02-13 06:00:00 - Karanggeneng,3.29
2026-02-13 12:00:00 - Karanggeneng,3.3099999999999996
2026-02-13 18:00:00 - Karanggeneng,3.15
2026-02-14 06:00:00 - Karanggeneng,3.29
2026-02-14 12:00:00 - Karanggeneng,3.3099999999999996
2026-02-14 18:00:00 - Karanggeneng,3.15
2026-02-15 06:00:00 - Karanggeneng,3.29
2026-02-15 12:00:00 - Karanggeneng,3.3099999999999996
2026-02-15 18:00:00 - Karanggeneng,3.15
2026-02-16 06:00:00 - Karanggeneng,3.29
2026-02-16 12:00:00 - Karanggeneng,3.3099999999999996
2026-02-16 18:00:00 - Karanggeneng,3.15
2026-02-17 06:00:00 - Karanggeneng,3.29
2026-02-17 12:00:00 - Karanggeneng,3.3099999999999996
2026-02-17 18:00:00 - Karanggeneng,3.15
2026-02-18 06:00:00 - Karanggeneng,3.29
2026-02-18 12:00:00 - Karanggeneng,3.3099999999999996
2026-02-18 18:00:00 - Karanggeneng,3.15
2026-02-19 06:00:00 - Karanggeneng,3.29
2026-02-19 12:00:00 - Karanggeneng,3.3099999999999996
2026-02-19 18:00:00 - Karanggeneng,3.15
2026-02-20 06:00:00 - Karanggeneng,3.29
2026-02-20 12:00:00 - Karanggeneng,3.3099999999999996
2026-02-20 18:00:00 - Karanggeneng,3.15
2026-02-21 06:00:00 - Karanggeneng,3.29
2026-02-21 12:00:00 - Karanggeneng,3.3099999999999996
2026-02-21 18:00:00 - Karanggeneng,3.15
2026-02-22 06:00:00 - Karanggeneng,3.29
2026-02-22 12:00:00 - Karanggeneng,3.3099999999999996
2026-02-22 18:00:00 - Karanggeneng,3.15
2026-02-23 06:00:00 - Karanggeneng,3.29
2026-02-23 12:00:00 - Karanggeneng,3.3099999999999996
2026-02-23 18:00:00 - Karanggeneng,3.15
2026-02-24 06:00:00 - Karanggeneng,3.29
2026-02-24 12:00:00 - Karanggeneng,3.3099999999999996
2026-02-24 18:00:00 - Karanggeneng,3.15
2026-02-25 06:00:00 - Karanggeneng,3.29
2026-02-25 12:00:00 - Karanggeneng,3.3099999999999996
2026-02-25 18:00:00 - Karanggeneng,3.15
2026-02-26 06:00:00 - Karanggeneng,3.29
2026-02-26 12:00:00 - Karanggeneng,3.3099999999999996
2026-02-26 18:00:00 - Karanggeneng,3.15
2026-02-27 06:00:00 - Karanggeneng,3.29
2026-02-27 12:00:00 - Karanggeneng,3.3099999999999996
2026-02-27 18:00:00 - Karanggeneng,3.15
2026-02-28 06:00:00 - Karanggeneng,3.29
2026-02-28 12:00:00 - Karanggeneng,3.3099999999999996
2026-02-28 18:00:00 - Karanggeneng,3.15
2026-03-01 06:00:00 - Karanggeneng,3.19
2026-03-01 12:00:00 - Karanggeneng,3.287377764484053
2026-03-01 18:00:00 - Karanggeneng,3.29
2026-03-02 06:00:00 - Karanggeneng,3.19
2026-03-02 12:00:00 - Karanggeneng,3.287377764484053
2026-03-02 18:00:00 - Karanggeneng,3.29
2026-03-03 06:00:00 - Karanggeneng,3.19
2026-03-03 12:00:00 - Karanggeneng,3.287377764484053
2026-03-03 18:00:00 - Karanggeneng,3.29
2026-03-04 06:00:00 - Karanggeneng,3.19
2026-03-04 12:00:00 - Karanggeneng,3.287377764484053
2026-03-04 18:00:00 - Karanggeneng,3.29
2026-03-05 06:00:00 - Karanggeneng,3.19
2026-03-05 12:00:00 - Karanggeneng,3.287377764484053
2026-03-05 18:00:00 - Karanggeneng,3.29
2026-03-06 06:00:00 - Karanggeneng,3.19
2026-03-06 12:00:00 - Karanggeneng,3.287377764484053
2026-03-06 18:00:00 - Karanggeneng,3.29
2026-03-07 06:00:00 - Karanggeneng,3.19
2026-03-07 12:00:00 - Karanggeneng,3.287377764484053
2026-03-07 18:00:00 - Karanggeneng,3.29
2026-03-08 06:00:00 - Karanggeneng,3.19
2026-03-08 12:00:00 - Karanggeneng,3.287377764484053
2026-03-08 18:00:00 - Karanggeneng,3.29
2026-03-09 06:00:00 - Karanggeneng,3.19
2026-03-09 12:00:00 - Karanggeneng,3.287377764484053
2026-03-09 18:00:00 - Karanggeneng,3.29
2026-03-10 06:00:00 - Karanggeneng,3.19
2026-03-10 12:00:00 - Karanggeneng,3.287377764484053
2026-03-10 18:00:00 - Karanggeneng,3.29
2026-03-11 06:00:00 - Karanggeneng,3.19
2026-03-11 12:00:00 - Karanggeneng,3.287377764484053
2026-03-11 18:00:00 - Karanggeneng,3.29
2026-03-12 06:00:00 - Karanggeneng,3.19
2026-03-12 12:00:00 - Karanggeneng,3.287377764484053
2026-03-12 18:00:00 - Karanggeneng,3.29
2026-03-13 06:00:00 - Karanggeneng,3.19
2026-03-13 12:00:00 - Karanggeneng,3.287377764484053
2026-03-13 18:00:00 - Karanggeneng,3.29
2026-03-14 06:00:00 - Karanggeneng,3.19
2026-03-14 12:00:00 - Karanggeneng,3.287377764484053
2026-03-14 18:00:00 - Karanggeneng,3.29
2026-03-15 06:00:00 - Karanggeneng,3.19
2026-03-15 12:00:00 - Karanggeneng,3.287377764484053
2026-03-15 18:00:00 - Karanggeneng,3.29
2026-03-16 06:00:00 - Karanggeneng,3.19
2026-03-16 12:00:00 - Karanggeneng,3.287377764484053
2026-03-16 18:00:00 - Karanggeneng,3.29
2026-03-17 06:00:00 - Karanggeneng,3.19
2026-03-17 12:00:00 - Karanggeneng,3.287377764484053
2026-03-17 18:00:00 - Karanggeneng,3.29
2026-03-18 06:00:00 - Karanggeneng,3.19
2026-03-18 12:00:00 - Karanggeneng,3.287377764484053
2026-03-18 18:00:00 - Karanggeneng,3.29
2026-03-19 06:00:00 - Karanggeneng,3.19
2026-03-19 12:00:00 - Karanggeneng,3.287377764484053
2026-03-19 18:00:00 - Karanggeneng,3.29
2026-03-20 06:00:00 - Karanggeneng,3.19
2026-03-20 12:00:00 - Karanggeneng,3.287377764484053
2026-03-20 18:00:00 - Karanggeneng,3.29
2026-03-21 06:00:00 - Karanggeneng,3.19
2026-03-21 12:00:00 - Karanggeneng,3.287377764484053
2026-03-21 18:00:00 - Karanggeneng,3.29
2026-03-22 06:00:00 - Karanggeneng,3.19
2026-03-22 12:00:00 - Karanggeneng,3.287377764484053
2026-03-22 18:00:00 - Karanggeneng,3.29
2026-03-23 06:00:00 - Karanggeneng,3.19
2026-03-23 12:00:00 - Karanggeneng,3.287377764484053
2026-03-23 18:00:00 - Karanggeneng,3.29
2026-03-24 06:00:00 - Karanggeneng,3.19
2026-03-24 12:00:00 - Karanggeneng,3.287377764484053
2026-03-24 18:00:00 - Karanggeneng,3.29
2026-03-25 06:00:00 - Karanggeneng,3.19
2026-03-25 12:00:00 - Karanggeneng,3.287377764484053
2026-03-25 18:00:00 - Karanggeneng,3.29
2026-03-26 06:00:00 - Karanggeneng,3.19
2026-03-26 12:00:00 - Karanggeneng,3.287377764484053
2026-03-26 18:00:00 - Karanggeneng,3.29
2026-03-27 06:00:00 - Karanggeneng,3.19
2026-03-27 12:00:00 - Karanggeneng,3.287377764484053
2026-03-27 18:00:00 - Karanggeneng,3.29
2026-03-28 06:00:00 - Karanggeneng,3.19
2026-03-28 12:00:00 - Karanggeneng,3.287377764484053
2026-03-28 18:00:00 - Karanggeneng,3.29
2026-03-29 06:00:00 - Karanggeneng,3.19
2026-03-29 12:00:00 - Karanggeneng,3.287377764484053
2026-03-29 18:00:00 - Karanggeneng,3.29
2026-03-30 06:00:00 - Karanggeneng,3.19
2026-03-30 12:00:00 - Karanggeneng,3.287377764484053
2026-03-30 18:00:00 - Karanggeneng,3.29
2026-03-31 06:00:00 - Karanggeneng,3.19
2026-03-31 12:00:00 - Karanggeneng,3.287377764484053
2026-03-31 18:00:00 - Karanggeneng,3.29
2026-04-01 06:00:00 - Karanggeneng,2.45
2026-04-01 12:00:00 - Karanggeneng,2.53
2026-04-01 18:00:00 - Karanggeneng,2.545
2026-04-02 06:00:00 - Karanggeneng,2.45
2026-04-02 12:00:00 - Karanggeneng,2.53
2026-04-02 18:00:00 - Karanggeneng,2.545
2026-04-03 06:00:00 - Karanggeneng,2.45
2026-04-03 12:00:00 - Karanggeneng,2.53
2026-04-03 18:00:00 - Karanggeneng,2.545
2026-04-04 06:00:00 - Karanggeneng,2.45
2026-04-04 12:00:00 - Karanggeneng,2.53
2026-04-04 18:00:00 - Karanggeneng,2.545
2026-04-05 06:00:00 - Karanggeneng,2.45
2026-04-05 12:00:00 - Karanggeneng,2.53
2026-04-05 18:00:00 - Karanggeneng,2.545
2026-04-06 06:00:00 - Karanggeneng,2.45
2026-04-06 12:00:00 - Karanggeneng,2.53
2026-04-06 18:00:00 - Karanggeneng,2.545
2026-04-07 06:00:00 - Karanggeneng,2.45
2026-04-07 12:00:00 - Karanggeneng,2.53
2026-04-07 18:00:00 - Karanggeneng,2.545
2026-04-08 06:00:00 - Karanggeneng,2.45
2026-04-08 12:00:00 - Karanggeneng,2.53
2026-04-08 18:00:00 - Karanggeneng,2.545
2026-04-09 06:00:00 - Karanggeneng,2.45
2026-04-09 12:00:00 - Karanggeneng,2.53
2026-04-09 18:00:00 - Karanggeneng,2.545
2026-04-10 06:00:00 - Karanggeneng,2.45
2026-04-10 12:00:00 - Karanggeneng,2.53
2026-04-10 18:00:00 - Karanggeneng,2.545
2026-04-11 06:00:00 - Karanggeneng,2.45
2026-04-11 12:00:00 - Karanggeneng,2.53
2026-04-11 18:00:00 - Karanggeneng,2.545
2026-04-12 06:00:00 - Karanggeneng,2.45
2026-04-12 12:00:00 - Karanggeneng,2.53
2026-04-12 18:00:00 - Karanggeneng,2.545
2026-04-13 06:00:00 - Karanggeneng,2.45
2026-04-13 12:00:00 - Karanggeneng,2.53
2026-04-13 18:00:00 - Karanggeneng,2.545
2026-04-14 06:00:00 - Karanggeneng,2.45
2026-04-14 12:00:00 - Karanggeneng,2.53
2026-04-14 18:00:00 - Karanggeneng,2.545
2026-04-15 06:00:00 - Karanggeneng,2.45
2026-04-15 12:00:00 - Karanggeneng,2.53
2026-04-15 18:00:00 - Karanggeneng,2.545
2026-04-16 06:00:00 - Karanggeneng,2.45
2026-04-16 12:00:00 - Karanggeneng,2.53
2026-04-16 18:00:00 - Karanggeneng,2.545
2026-04-17 06:00:00 - Karanggeneng,2.45
2026-04-17 12:00:00 - Karanggeneng,2.53
2026-04-17 18:00:00 - Karanggeneng,2.545
2026-04-18 06:00:00 - Karanggeneng,2.45
2026-04-18 12:00:00 - Karanggeneng,2.53
2026-04-18 18:00:00 - Karanggeneng,2.545
2026-04-19 06:00:00 - Karanggeneng,2.45
2026-04-19 12:00:00 - Karanggeneng,2.53
2026-04-19 18:00:00 - Karanggeneng,2.545
2026-04-20 06:00:00 - Karanggeneng,2.45
2026-04-20 12:00:00 - Karanggeneng,2.53
2026-04-20 18:00:00 - Karanggeneng,2.545
2026-04-21 06:00:00 - Karanggeneng,2.45
2026-04-21 12:00:00 - Karanggeneng,2.53
2026-04-21 18:00:00 - Karanggeneng,2.545
2026-04-22 06:00:00 - Karanggeneng,2.45
2026-04-22 12:00:00 - Karanggeneng,2.53
2026-04-22 18:00:00 - Karanggeneng,2.545
2026-04-23 06:00:00 - Karanggeneng,2.45
2026-04-23 12:00:00 - Karanggeneng,2.53
2026-04-23 18:00:00 - Karanggeneng,2.545
2026-04-24 06:00:00 - Karanggeneng,2.45
2026-04-24 12:00:00 - Karanggeneng,2.53
2026-04-24 18:00:00 - Karanggeneng,2.545
2026-04-25 06:00:00 - Karanggeneng,2.45
2026-04-25 12:00:00 - Karanggeneng,2.53
2026-04-25 18:00:00 - Karanggeneng,2.545
2026-04-26 06:00:00 - Karanggeneng,2.45
2026-04-26 12:00:00 - Karanggeneng,2.53
2026-04-26 18:00:00 - Karanggeneng,2.545
2026-04-27 06:00:00 - Karanggeneng,2.45
2026-04-27 12:00:00 - Karanggeneng,2.53
2026-04-27 18:00:00 - Karanggeneng,2.545
2026-04-28 06:00:00 - Karanggeneng,2.45
2026-04-28 12:00:00 - Karanggeneng,2.53
2026-04-28 18:00:00 - Karanggeneng,2.545
2026-04-29 06:00:00 - Karanggeneng,2.45
2026-04-29 12:00:00 - Karanggeneng,2.53
2026-04-29 18:00:00 - Karanggeneng,2.545
2026-04-30 06:00:00 - Karanggeneng,2.45
2026-04-30 12:00:00 - Karanggeneng,2.53
2026-04-30 18:00:00 - Karanggeneng,2.545
2026-05-01 06:00:00 - Karanggeneng,1.89
2026-05-01 12:00:00 - Karanggeneng,1.9
2026-05-01 18:00:00 - Karanggeneng,1.88
2026-05-02 06:00:00 - Karanggeneng,1.89
2026-05-02 12:00:00 - Karanggeneng,1.9
2026-05-02 18:00:00 - Karanggeneng,1.88
2026-05-03 06:00:00 - Karanggeneng,1.89
2026-05-03 12:00:00 - Karanggeneng,1.9
2026-05-03 18:00:00 - Karanggeneng,1.88
2026-05-04 06:00:00 - Karanggeneng,1.89
2026-05-04 12:00:00 - Karanggeneng,1.9
2026-05-04 18:00:00 - Karanggeneng,1.88
2026-05-05 06:00:00 - Karanggeneng,1.89
2026-05-05 12:00:00 - Karanggeneng,1.9
2026-05-05 18:00:00 - Karanggeneng,1.88
2026-05-06 06:00:00 - Karanggeneng,1.89
2026-05-06 12:00:00 - Karanggeneng,1.9
2026-05-06 18:00:00 - Karanggeneng,1.88
2026-05-07 06:00:00 - Karanggeneng,1.89
2026-05-07 12:00:00 - Karanggeneng,1.9
2026-05-07 18:00:00 - Karanggeneng,1.88
2026-05-08 06:00:00 - Karanggeneng,1.89
2026-05-08 12:00:00 - Karanggeneng,1.9
2026-05-08 18:00:00 - Karanggeneng,1.88
2026-05-09 06:00:00 - Karanggeneng,1.89
2026-05-09 12:00:00 - Karanggeneng,1.9
2026-05-09 18:00:00 - Karanggeneng,1.88
2026-05-10 06:00:00 - Karanggeneng,1.89
2026-05-10 12:00:00 - Karanggeneng,1.9
2026-05-10 18:00:00 - Karanggeneng,1.88
2026-05-11 06:00:00 - Karanggeneng,1.89
2026-05-11 12:00:00 - Karanggeneng,1.9
2026-05-11 18:00:00 - Karanggeneng,1.88
2026-05-12 06:00:00 - Karanggeneng,1.89
2026-05-12 12:00:00 - Karanggeneng,1.9
2026-05-12 18:00:00 - Karanggeneng,1.88
2026-05-13 06:00:00 - Karanggeneng,1.89
2026-05-13 12:00:00 - Karanggeneng,1.9
2026-05-13 18:00:00 - Karanggeneng,1.88
2026-05-14 06:00:00 - Karanggeneng,1.89
2026-05-14 12:00:00 - Karanggeneng,1.9
2026-05-14 18:00:00 - Karanggeneng,1.88
2026-05-15 06:00:00 - Karanggeneng,1.89
2026-05-15 12:00:00 - Karanggeneng,1.9
2026-05-15 18:00:00 - Karanggeneng,1.88
2026-05-16 06:00:00 - Karanggeneng,1.89
2026-05-16 12:00:00 - Karanggeneng,1.9
2026-05-16 18:00:00 - Karanggeneng,1.88
2026-05-17 06:00:00 - Karanggeneng,1.89
2026-05-17 12:00:00 - Karanggeneng,1.9
2026-05-17 18:00:00 - Karanggeneng,1.88
2026-05-18 06:00:00 - Karanggeneng,1.89
2026-05-18 12:00:00 - Karanggeneng,1.9
2026-05-18 18:00:00 - Karanggeneng,1.88
2025-09-19 06:00:00 - Karangnongko,21.290724956011864
2025-09-19 12:00:00 - Karangnongko,21.1
2025-09-19 18:00:00 - Karangnongko,21.34
2025-09-20 06:00:00 - Karangnongko,21.290724956011864
2025-09-20 12:00:00 - Karangnongko,21.1
2025-09-20 18:00:00 - Karangnongko,21.34
2025-09-21 06:00:00 - Karangnongko,21.290724956011864
2025-09-21 12:00:00 - Karangnongko,21.1
2025-09-21 18:00:00 - Karangnongko,21.34
2025-09-22 06:00:00 - Karangnongko,21.290724956011864
2025-09-22 12:00:00 - Karangnongko,21.1
2025-09-22 18:00:00 - Karangnongko,21.34
2025-09-23 06:00:00 - Karangnongko,21.290724956011864
2025-09-23 12:00:00 - Karangnongko,21.1
2025-09-23 18:00:00 - Karangnongko,21.34
2025-09-24 06:00:00 - Karangnongko,21.290724956011864
2025-09-24 12:00:00 - Karangnongko,21.1
2025-09-24 18:00:00 - Karangnongko,21.34
2025-09-25 06:00:00 - Karangnongko,21.290724956011864
2025-09-25 12:00:00 - Karangnongko,21.1
2025-09-25 18:00:00 - Karangnongko,21.34
2025-09-26 06:00:00 - Karangnongko,21.290724956011864
2025-09-26 12:00:00 - Karangnongko,21.1
2025-09-26 18:00:00 - Karangnongko,21.34
2025-09-27 06:00:00 - Karangnongko,21.290724956011864
2025-09-27 12:00:00 - Karangnongko,21.1
2025-09-27 18:00:00 - Karangnongko,21.34
2025-09-28 06:00:00 - Karangnongko,21.290724956011864
2025-09-28 12:00:00 - Karangnongko,21.1
2025-09-28 18:00:00 - Karangnongko,21.34
2025-09-29 06:00:00 - Karangnongko,21.290724956011864
2025-09-29 12:00:00 - Karangnongko,21.1
2025-09-29 18:00:00 - Karangnongko,21.34
2025-09-30 06:00:00 - Karangnongko,21.290724956011864
2025-09-30 12:00:00 - Karangnongko,21.1
2025-09-30 18:00:00 - Karangnongko,21.34
2025-10-01 06:00:00 - Karangnongko,21.12
2025-10-01 12:00:00 - Karangnongko,21.115000000000002
2025-10-01 18:00:00 - Karangnongko,21.052960103803297
2025-10-02 06:00:00 - Karangnongko,21.12
2025-10-02 12:00:00 - Karangnongko,21.115000000000002
2025-10-02 18:00:00 - Karangnongko,21.052960103803297
2025-10-03 06:00:00 - Karangnongko,21.12
2025-10-03 12:00:00 - Karangnongko,21.115000000000002
2025-10-03 18:00:00 - Karangnongko,21.052960103803297
2025-10-04 06:00:00 - Karangnongko,21.12
2025-10-04 12:00:00 - Karangnongko,21.115000000000002
2025-10-04 18:00:00 - Karangnongko,21.052960103803297
2025-10-05 06:00:00 - Karangnongko,21.12
2025-10-05 12:00:00 - Karangnongko,21.115000000000002
2025-10-05 18:00:00 - Karangnongko,21.052960103803297
2025-10-06 06:00:00 - Karangnongko,21.12
2025-10-06 12:00:00 - Karangnongko,21.115000000000002
2025-10-06 18:00:00 - Karangnongko,21.052960103803297
2025-10-07 06:00:00 - Karangnongko,21.12
2025-10-07 12:00:00 - Karangnongko,21.115000000000002
2025-10-07 18:00:00 - Karangnongko,21.052960103803297
2025-10-08 06:00:00 - Karangnongko,21.12
2025-10-08 12:00:00 - Karangnongko,21.115000000000002
2025-10-08 18:00:00 - Karangnongko,21.052960103803297
2025-10-09 06:00:00 - Karangnongko,21.12
2025-10-09 12:00:00 - Karangnongko,21.115000000000002
2025-10-09 18:00:00 - Karangnongko,21.052960103803297
2025-10-10 06:00:00 - Karangnongko,21.12
2025-10-10 12:00:00 - Karangnongko,21.115000000000002
2025-10-10 18:00:00 - Karangnongko,21.052960103803297
2025-10-11 06:00:00 - Karangnongko,21.12
2025-10-11 12:00:00 - Karangnongko,21.115000000000002
2025-10-11 18:00:00 - Karangnongko,21.052960103803297
2025-10-12 06:00:00 - Karangnongko,21.12
2025-10-12 12:00:00 - Karangnongko,21.115000000000002
2025-10-12 18:00:00 - Karangnongko,21.052960103803297
2025-10-13 06:00:00 - Karangnongko,21.12
2025-10-13 12:00:00 - Karangnongko,21.115000000000002
2025-10-13 18:00:00 - Karangnongko,21.052960103803297
2025-10-14 06:00:00 - Karangnongko,21.12
2025-10-14 12:00:00 - Karangnongko,21.115000000000002
2025-10-14 18:00:00 - Karangnongko,21.052960103803297
2025-10-15 06:00:00 - Karangnongko,21.12
2025-10-15 12:00:00 - Karangnongko,21.115000000000002
2025-10-15 18:00:00 - Karangnongko,21.052960103803297
2025-10-16 06:00:00 - Karangnongko,21.12
2025-10-16 12:00:00 - Karangnongko,21.115000000000002
2025-10-16 18:00:00 - Karangnongko,21.052960103803297
2025-10-17 06:00:00 - Karangnongko,21.12
2025-10-17 12:00:00 - Karangnongko,21.115000000000002
2025-10-17 18:00:00 - Karangnongko,21.052960103803297
2025-10-18 06:00:00 - Karangnongko,21.12
2025-10-18 12:00:00 - Karangnongko,21.115000000000002
2025-10-18 18:00:00 - Karangnongko,21.052960103803297
2025-10-19 06:00:00 - Karangnongko,21.12
2025-10-19 12:00:00 - Karangnongko,21.115000000000002
2025-10-19 18:00:00 - Karangnongko,21.052960103803297
2025-10-20 06:00:00 - Karangnongko,21.12
2025-10-20 12:00:00 - Karangnongko,21.115000000000002
2025-10-20 18:00:00 - Karangnongko,21.052960103803297
2025-10-21 06:00:00 - Karangnongko,21.12
2025-10-21 12:00:00 - Karangnongko,21.115000000000002
2025-10-21 18:00:00 - Karangnongko,21.052960103803297
2025-10-22 06:00:00 - Karangnongko,21.12
2025-10-22 12:00:00 - Karangnongko,21.115000000000002
2025-10-22 18:00:00 - Karangnongko,21.052960103803297
2025-10-23 06:00:00 - Karangnongko,21.12
2025-10-23 12:00:00 - Karangnongko,21.115000000000002
2025-10-23 18:00:00 - Karangnongko,21.052960103803297
2025-10-24 06:00:00 - Karangnongko,21.12
2025-10-24 12:00:00 - Karangnongko,21.115000000000002
2025-10-24 18:00:00 - Karangnongko,21.052960103803297
2025-10-25 06:00:00 - Karangnongko,21.12
2025-10-25 12:00:00 - Karangnongko,21.115000000000002
2025-10-25 18:00:00 - Karangnongko,21.052960103803297
2025-10-26 06:00:00 - Karangnongko,21.12
2025-10-26 12:00:00 - Karangnongko,21.115000000000002
2025-10-26 18:00:00 - Karangnongko,21.052960103803297
2025-10-27 06:00:00 - Karangnongko,21.12
2025-10-27 12:00:00 - Karangnongko,21.115000000000002
2025-10-27 18:00:00 - Karangnongko,21.052960103803297
2025-10-28 06:00:00 - Karangnongko,21.12
2025-10-28 12:00:00 - Karangnongko,21.115000000000002
2025-10-28 18:00:00 - Karangnongko,21.052960103803297
2025-10-29 06:00:00 - Karangnongko,21.12
2025-10-29 12:00:00 - Karangnongko,21.115000000000002
2025-10-29 18:00:00 - Karangnongko,21.052960103803297
2025-10-30 06:00:00 - Karangnongko,21.12
2025-10-30 12:00:00 - Karangnongko,21.115000000000002
2025-10-30 18:00:00 - Karangnongko,21.052960103803297
2025-10-31 06:00:00 - Karangnongko,21.12
2025-10-31 12:00:00 - Karangnongko,21.115000000000002
2025-10-31 18:00:00 - Karangnongko,21.052960103803297
2025-11-01 06:00:00 - Karangnongko,21.3
2025-11-01 12:00:00 - Karangnongko,21.507151346068618
2025-11-01 18:00:00 - Karangnongko,21.475
2025-11-02 06:00:00 - Karangnongko,21.3
2025-11-02 12:00:00 - Karangnongko,21.507151346068618
2025-11-02 18:00:00 - Karangnongko,21.475
2025-11-03 06:00:00 - Karangnongko,21.3
2025-11-03 12:00:00 - Karangnongko,21.507151346068618
2025-11-03 18:00:00 - Karangnongko,21.475
2025-11-04 06:00:00 - Karangnongko,21.3
2025-11-04 12:00:00 - Karangnongko,21.507151346068618
2025-11-04 18:00:00 - Karangnongko,21.475
2025-11-05 06:00:00 - Karangnongko,21.3
2025-11-05 12:00:00 - Karangnongko,21.507151346068618
2025-11-05 18:00:00 - Karangnongko,21.475
2025-11-06 06:00:00 - Karangnongko,21.3
2025-11-06 12:00:00 - Karangnongko,21.507151346068618
2025-11-06 18:00:00 - Karangnongko,21.475
2025-11-07 06:00:00 - Karangnongko,21.3
2025-11-07 12:00:00 - Karangnongko,21.507151346068618
2025-11-07 18:00:00 - Karangnongko,21.475
2025-11-08 06:00:00 - Karangnongko,21.3
2025-11-08 12:00:00 - Karangnongko,21.507151346068618
2025-11-08 18:00:00 - Karangnongko,21.475
2025-11-09 06:00:00 - Karangnongko,21.3
2025-11-09 12:00:00 - Karangnongko,21.507151346068618
2025-11-09 18:00:00 - Karangnongko,21.475
2025-11-10 06:00:00 - Karangnongko,21.3
2025-11-10 12:00:00 - Karangnongko,21.507151346068618
2025-11-10 18:00:00 - Karangnongko,21.475
2025-11-11 06:00:00 - Karangnongko,21.3
2025-11-11 12:00:00 - Karangnongko,21.507151346068618
2025-11-11 18:00:00 - Karangnongko,21.475
2025-11-12 06:00:00 - Karangnongko,21.3
2025-11-12 12:00:00 - Karangnongko,21.507151346068618
2025-11-12 18:00:00 - Karangnongko,21.475
2025-11-13 06:00:00 - Karangnongko,21.3
2025-11-13 12:00:00 - Karangnongko,21.507151346068618
2025-11-13 18:00:00 - Karangnongko,21.475
2025-11-14 06:00:00 - Karangnongko,21.3
2025-11-14 12:00:00 - Karangnongko,21.507151346068618
2025-11-14 18:00:00 - Karangnongko,21.475
2025-11-15 06:00:00 - Karangnongko,21.3
2025-11-15 12:00:00 - Karangnongko,21.507151346068618
2025-11-15 18:00:00 - Karangnongko,21.475
2025-11-16 06:00:00 - Karangnongko,21.3
2025-11-16 12:00:00 - Karangnongko,21.507151346068618
2025-11-16 18:00:00 - Karangnongko,21.475
2025-11-17 06:00:00 - Karangnongko,21.3
2025-11-17 12:00:00 - Karangnongko,21.507151346068618
2025-11-17 18:00:00 - Karangnongko,21.475
2025-11-18 06:00:00 - Karangnongko,21.3
2025-11-18 12:00:00 - Karangnongko,21.507151346068618
2025-11-18 18:00:00 - Karangnongko,21.475
2025-11-19 06:00:00 - Karangnongko,21.3
2025-11-19 12:00:00 - Karangnongko,21.507151346068618
2025-11-19 18:00:00 - Karangnongko,21.475
2025-11-20 06:00:00 - Karangnongko,21.3
2025-11-20 12:00:00 - Karangnongko,21.507151346068618
2025-11-20 18:00:00 - Karangnongko,21.475
2025-11-21 06:00:00 - Karangnongko,21.3
2025-11-21 12:00:00 - Karangnongko,21.507151346068618
2025-11-21 18:00:00 - Karangnongko,21.475
2025-11-22 06:00:00 - Karangnongko,21.3
2025-11-22 12:00:00 - Karangnongko,21.507151346068618
2025-11-22 18:00:00 - Karangnongko,21.475
2025-11-23 06:00:00 - Karangnongko,21.3
2025-11-23 12:00:00 - Karangnongko,21.507151346068618
2025-11-23 18:00:00 - Karangnongko,21.475
2025-11-24 06:00:00 - Karangnongko,21.3
2025-11-24 12:00:00 - Karangnongko,21.507151346068618
2025-11-24 18:00:00 - Karangnongko,21.475
2025-11-25 06:00:00 - Karangnongko,21.3
2025-11-25 12:00:00 - Karangnongko,21.507151346068618
2025-11-25 18:00:00 - Karangnongko,21.475
2025-11-26 06:00:00 - Karangnongko,21.3
2025-11-26 12:00:00 - Karangnongko,21.507151346068618
2025-11-26 18:00:00 - Karangnongko,21.475
2025-11-27 06:00:00 - Karangnongko,21.3
2025-11-27 12:00:00 - Karangnongko,21.507151346068618
2025-11-27 18:00:00 - Karangnongko,21.475
2025-11-28 06:00:00 - Karangnongko,21.3
2025-11-28 12:00:00 - Karangnongko,21.507151346068618
2025-11-28 18:00:00 - Karangnongko,21.475
2025-11-29 06:00:00 - Karangnongko,21.3
2025-11-29 12:00:00 - Karangnongko,21.507151346068618
2025-11-29 18:00:00 - Karangnongko,21.475
2025-11-30 06:00:00 - Karangnongko,21.3
2025-11-30 12:00:00 - Karangnongko,21.507151346068618
2025-11-30 18:00:00 - Karangnongko,21.475
2025-12-01 06:00:00 - Karangnongko,22.725
2025-12-01 12:00:00 - Karangnongko,22.89282837778707
2025-12-01 18:00:00 - Karangnongko,22.983824802402474
2025-12-02 06:00:00 - Karangnongko,22.725
2025-12-02 12:00:00 - Karangnongko,22.89282837778707
2025-12-02 18:00:00 - Karangnongko,22.983824802402474
2025-12-03 06:00:00 - Karangnongko,22.725
2025-12-03 12:00:00 - Karangnongko,22.89282837778707
2025-12-03 18:00:00 - Karangnongko,22.983824802402474
2025-12-04 06:00:00 - Karangnongko,22.725
2025-12-04 12:00:00 - Karangnongko,22.89282837778707
2025-12-04 18:00:00 - Karangnongko,22.983824802402474
2025-12-05 06:00:00 - Karangnongko,22.725
2025-12-05 12:00:00 - Karangnongko,22.89282837778707
2025-12-05 18:00:00 - Karangnongko,22.983824802402474
2025-12-06 06:00:00 - Karangnongko,22.725
2025-12-06 12:00:00 - Karangnongko,22.89282837778707
2025-12-06 18:00:00 - Karangnongko,22.983824802402474
2025-12-07 06:00:00 - Karangnongko,22.725
2025-12-07 12:00:00 - Karangnongko,22.89282837778707
2025-12-07 18:00:00 - Karangnongko,22.983824802402474
2025-12-08 06:00:00 - Karangnongko,22.725
2025-12-08 12:00:00 - Karangnongko,22.89282837778707
2025-12-08 18:00:00 - Karangnongko,22.983824802402474
2025-12-09 06:00:00 - Karangnongko,22.725
2025-12-09 12:00:00 - Karangnongko,22.89282837778707
2025-12-09 18:00:00 - Karangnongko,22.983824802402474
2025-12-10 06:00:00 - Karangnongko,22.725
2025-12-10 12:00:00 - Karangnongko,22.89282837778707
2025-12-10 18:00:00 - Karangnongko,22.983824802402474
2025-12-11 06:00:00 - Karangnongko,22.725
2025-12-11 12:00:00 - Karangnongko,22.89282837778707
2025-12-11 18:00:00 - Karangnongko,22.983824802402474
2025-12-12 06:00:00 - Karangnongko,22.725
2025-12-12 12:00:00 - Karangnongko,22.89282837778707
2025-12-12 18:00:00 - Karangnongko,22.983824802402474
2025-12-13 06:00:00 - Karangnongko,22.725
2025-12-13 12:00:00 - Karangnongko,22.89282837778707
2025-12-13 18:00:00 - Karangnongko,22.983824802402474
2025-12-14 06:00:00 - Karangnongko,22.725
2025-12-14 12:00:00 - Karangnongko,22.89282837778707
2025-12-14 18:00:00 - Karangnongko,22.983824802402474
2025-12-15 06:00:00 - Karangnongko,22.725
2025-12-15 12:00:00 - Karangnongko,22.89282837778707
2025-12-15 18:00:00 - Karangnongko,22.983824802402474
2025-12-16 06:00:00 - Karangnongko,22.725
2025-12-16 12:00:00 - Karangnongko,22.89282837778707
2025-12-16 18:00:00 - Karangnongko,22.983824802402474
2025-12-17 06:00:00 - Karangnongko,22.725
2025-12-17 12:00:00 - Karangnongko,22.89282837778707
2025-12-17 18:00:00 - Karangnongko,22.983824802402474
2025-12-18 06:00:00 - Karangnongko,22.725
2025-12-18 12:00:00 - Karangnongko,22.89282837778707
2025-12-18 18:00:00 - Karangnongko,22.983824802402474
2025-12-19 06:00:00 - Karangnongko,22.725
2025-12-19 12:00:00 - Karangnongko,22.89282837778707
2025-12-19 18:00:00 - Karangnongko,22.983824802402474
2025-12-20 06:00:00 - Karangnongko,22.725
2025-12-20 12:00:00 - Karangnongko,22.89282837778707
2025-12-20 18:00:00 - Karangnongko,22.983824802402474
2025-12-21 06:00:00 - Karangnongko,22.725
2025-12-21 12:00:00 - Karangnongko,22.89282837778707
2025-12-21 18:00:00 - Karangnongko,22.983824802402474
2025-12-22 06:00:00 - Karangnongko,22.725
2025-12-22 12:00:00 - Karangnongko,22.89282837778707
2025-12-22 18:00:00 - Karangnongko,22.983824802402474
2025-12-23 06:00:00 - Karangnongko,22.725
2025-12-23 12:00:00 - Karangnongko,22.89282837778707
2025-12-23 18:00:00 - Karangnongko,22.983824802402474
2025-12-24 06:00:00 - Karangnongko,22.725
2025-12-24 12:00:00 - Karangnongko,22.89282837778707
2025-12-24 18:00:00 - Karangnongko,22.983824802402474
2025-12-25 06:00:00 - Karangnongko,22.725
2025-12-25 12:00:00 - Karangnongko,22.89282837778707
2025-12-25 18:00:00 - Karangnongko,22.983824802402474
2025-12-26 06:00:00 - Karangnongko,22.725
2025-12-26 12:00:00 - Karangnongko,22.89282837778707
2025-12-26 18:00:00 - Karangnongko,22.983824802402474
2025-12-27 06:00:00 - Karangnongko,22.725
2025-12-27 12:00:00 - Karangnongko,22.89282837778707
2025-12-27 18:00:00 - Karangnongko,22.983824802402474
2025-12-28 06:00:00 - Karangnongko,22.725
2025-12-28 12:00:00 - Karangnongko,22.89282837778707
2025-12-28 18:00:00 - Karangnongko,22.983824802402474
2025-12-29 06:00:00 - Karangnongko,22.725
2025-12-29 12:00:00 - Karangnongko,22.89282837778707
2025-12-29 18:00:00 - Karangnongko,22.983824802402474
2025-12-30 06:00:00 - Karangnongko,22.725
2025-12-30 12:00:00 - Karangnongko,22.89282837778707
2025-12-30 18:00:00 - Karangnongko,22.983824802402474
2025-12-31 06:00:00 - Karangnongko,22.725
2025-12-31 12:00:00 - Karangnongko,22.89282837778707
2025-12-31 18:00:00 - Karangnongko,22.983824802402474
2026-01-01 06:00:00 - Karangnongko,23.3
2026-01-01 12:00:00 - Karangnongko,23.34
2026-01-01 18:00:00 - Karangnongko,23.32
2026-01-02 06:00:00 - Karangnongko,23.3
2026-01-02 12:00:00 - Karangnongko,23.34
2026-01-02 18:00:00 - Karangnongko,23.32
2026-01-03 06:00:00 - Karangnongko,23.3
2026-01-03 12:00:00 - Karangnongko,23.34
2026-01-03 18:00:00 - Karangnongko,23.32
2026-01-04 06:00:00 - Karangnongko,23.3
2026-01-04 12:00:00 - Karangnongko,23.34
2026-01-04 18:00:00 - Karangnongko,23.32
2026-01-05 06:00:00 - Karangnongko,23.3
2026-01-05 12:00:00 - Karangnongko,23.34
2026-01-05 18:00:00 - Karangnongko,23.32
2026-01-06 06:00:00 - Karangnongko,23.3
2026-01-06 12:00:00 - Karangnongko,23.34
2026-01-06 18:00:00 - Karangnongko,23.32
2026-01-07 06:00:00 - Karangnongko,23.3
2026-01-07 12:00:00 - Karangnongko,23.34
2026-01-07 18:00:00 - Karangnongko,23.32
2026-01-08 06:00:00 - Karangnongko,23.3
2026-01-08 12:00:00 - Karangnongko,23.34
2026-01-08 18:00:00 - Karangnongko,23.32
2026-01-09 06:00:00 - Karangnongko,23.3
2026-01-09 12:00:00 - Karangnongko,23.34
2026-01-09 18:00:00 - Karangnongko,23.32
2026-01-10 06:00:00 - Karangnongko,23.3
2026-01-10 12:00:00 - Karangnongko,23.34
2026-01-10 18:00:00 - Karangnongko,23.32
2026-01-11 06:00:00 - Karangnongko,23.3
2026-01-11 12:00:00 - Karangnongko,23.34
2026-01-11 18:00:00 - Karangnongko,23.32
2026-01-12 06:00:00 - Karangnongko,23.3
2026-01-12 12:00:00 - Karangnongko,23.34
2026-01-12 18:00:00 - Karangnongko,23.32
2026-01-13 06:00:00 - Karangnongko,23.3
2026-01-13 12:00:00 - Karangnongko,23.34
2026-01-13 18:00:00 - Karangnongko,23.32
2026-01-14 06:00:00 - Karangnongko,23.3
2026-01-14 12:00:00 - Karangnongko,23.34
2026-01-14 18:00:00 - Karangnongko,23.32
2026-01-15 06:00:00 - Karangnongko,23.3
2026-01-15 12:00:00 - Karangnongko,23.34
2026-01-15 18:00:00 - Karangnongko,23.32
2026-01-16 06:00:00 - Karangnongko,23.3
2026-01-16 12:00:00 - Karangnongko,23.34
2026-01-16 18:00:00 - Karangnongko,23.32
2026-01-17 06:00:00 - Karangnongko,23.3
2026-01-17 12:00:00 - Karangnongko,23.34
2026-01-17 18:00:00 - Karangnongko,23.32
2026-01-18 06:00:00 - Karangnongko,23.3
2026-01-18 12:00:00 - Karangnongko,23.34
2026-01-18 18:00:00 - Karangnongko,23.32
2026-01-19 06:00:00 - Karangnongko,23.3
2026-01-19 12:00:00 - Karangnongko,23.34
2026-01-19 18:00:00 - Karangnongko,23.32
2026-01-20 06:00:00 - Karangnongko,23.3
2026-01-20 12:00:00 - Karangnongko,23.34
2026-01-20 18:00:00 - Karangnongko,23.32
2026-01-21 06:00:00 - Karangnongko,23.3
2026-01-21 12:00:00 - Karangnongko,23.34
2026-01-21 18:00:00 - Karangnongko,23.32
2026-01-22 06:00:00 - Karangnongko,23.3
2026-01-22 12:00:00 - Karangnongko,23.34
2026-01-22 18:00:00 - Karangnongko,23.32
2026-01-23 06:00:00 - Karangnongko,23.3
2026-01-23 12:00:00 - Karangnongko,23.34
2026-01-23 18:00:00 - Karangnongko,23.32
2026-01-24 06:00:00 - Karangnongko,23.3
2026-01-24 12:00:00 - Karangnongko,23.34
2026-01-24 18:00:00 - Karangnongko,23.32
2026-01-25 06:00:00 - Karangnongko,23.3
2026-01-25 12:00:00 - Karangnongko,23.34
2026-01-25 18:00:00 - Karangnongko,23.32
2026-01-26 06:00:00 - Karangnongko,23.3
2026-01-26 12:00:00 - Karangnongko,23.34
2026-01-26 18:00:00 - Karangnongko,23.32
2026-01-27 06:00:00 - Karangnongko,23.3
2026-01-27 12:00:00 - Karangnongko,23.34
2026-01-27 18:00:00 - Karangnongko,23.32
2026-01-28 06:00:00 - Karangnongko,23.3
2026-01-28 12:00:00 - Karangnongko,23.34
2026-01-28 18:00:00 - Karangnongko,23.32
2026-01-29 06:00:00 - Karangnongko,23.3
2026-01-29 12:00:00 - Karangnongko,23.34
2026-01-29 18:00:00 - Karangnongko,23.32
2026-01-30 06:00:00 - Karangnongko,23.3
2026-01-30 12:00:00 - Karangnongko,23.34
2026-01-30 18:00:00 - Karangnongko,23.32
2026-01-31 06:00:00 - Karangnongko,23.3
2026-01-31 12:00:00 - Karangnongko,23.34
2026-01-31 18:00:00 - Karangnongko,23.32
2026-02-01 06:00:00 - Karangnongko,23.869999999999997
2026-02-01 12:00:00 - Karangnongko,24.445
2026-02-01 18:00:00 - Karangnongko,24.030172101640517
2026-02-02 06:00:00 - Karangnongko,23.869999999999997
2026-02-02 12:00:00 - Karangnongko,24.445
2026-02-02 18:00:00 - Karangnongko,24.030172101640517
2026-02-03 06:00:00 - Karangnongko,23.869999999999997
2026-02-03 12:00:00 - Karangnongko,24.445
2026-02-03 18:00:00 - Karangnongko,24.030172101640517
2026-02-04 06:00:00 - Karangnongko,23.869999999999997
2026-02-04 12:00:00 - Karangnongko,24.445
2026-02-04 18:00:00 - Karangnongko,24.030172101640517
2026-02-05 06:00:00 - Karangnongko,23.869999999999997
2026-02-05 12:00:00 - Karangnongko,24.445
2026-02-05 18:00:00 - Karangnongko,24.030172101640517
2026-02-06 06:00:00 - Karangnongko,23.869999999999997
2026-02-06 12:00:00 - Karangnongko,24.445
2026-02-06 18:00:00 - Karangnongko,24.030172101640517
2026-02-07 06:00:00 - Karangnongko,23.869999999999997
2026-02-07 12:00:00 - Karangnongko,24.445
2026-02-07 18:00:00 - Karangnongko,24.030172101640517
2026-02-08 06:00:00 - Karangnongko,23.869999999999997
2026-02-08 12:00:00 - Karangnongko,24.445
2026-02-08 18:00:00 - Karangnongko,24.030172101640517
2026-02-09 06:00:00 - Karangnongko,23.869999999999997
2026-02-09 12:00:00 - Karangnongko,24.445
2026-02-09 18:00:00 - Karangnongko,24.030172101640517
2026-02-10 06:00:00 - Karangnongko,23.869999999999997
2026-02-10 12:00:00 - Karangnongko,24.445
2026-02-10 18:00:00 - Karangnongko,24.030172101640517
2026-02-11 06:00:00 - Karangnongko,23.869999999999997
2026-02-11 12:00:00 - Karangnongko,24.445
2026-02-11 18:00:00 - Karangnongko,24.030172101640517
2026-02-12 06:00:00 - Karangnongko,23.869999999999997
2026-02-12 12:00:00 - Karangnongko,24.445
2026-02-12 18:00:00 - Karangnongko,24.030172101640517
2026-02-13 06:00:00 - Karangnongko,23.869999999999997
2026-02-13 12:00:00 - Karangnongko,24.445
2026-02-13 18:00:00 - Karangnongko,24.030172101640517
2026-02-14 06:00:00 - Karangnongko,23.869999999999997
2026-02-14 12:00:00 - Karangnongko,24.445
2026-02-14 18:00:00 - Karangnongko,24.030172101640517
2026-02-15 06:00:00 - Karangnongko,23.869999999999997
2026-02-15 12:00:00 - Karangnongko,24.445
2026-02-15 18:00:00 - Karangnongko,24.030172101640517
2026-02-16 06:00:00 - Karangnongko,23.869999999999997
2026-02-16 12:00:00 - Karangnongko,24.445
2026-02-16 18:00:00 - Karangnongko,24.030172101640517
2026-02-17 06:00:00 - Karangnongko,23.869999999999997
2026-02-17 12:00:00 - Karangnongko,24.445
2026-02-17 18:00:00 - Karangnongko,24.030172101640517
2026-02-18 06:00:00 - Karangnongko,23.869999999999997
2026-02-18 12:00:00 - Karangnongko,24.445
2026-02-18 18:00:00 - Karangnongko,24.030172101640517
2026-02-19 06:00:00 - Karangnongko,23.869999999999997
2026-02-19 12:00:00 - Karangnongko,24.445
2026-02-19 18:00:00 - Karangnongko,24.030172101640517
2026-02-20 06:00:00 - Karangnongko,23.869999999999997
2026-02-20 12:00:00 - Karangnongko,24.445
2026-02-20 18:00:00 - Karangnongko,24.030172101640517
2026-02-21 06:00:00 - Karangnongko,23.869999999999997
2026-02-21 12:00:00 - Karangnongko,24.445
2026-02-21 18:00:00 - Karangnongko,24.030172101640517
2026-02-22 06:00:00 - Karangnongko,23.869999999999997
2026-02-22 12:00:00 - Karangnongko,24.445
2026-02-22 18:00:00 - Karangnongko,24.030172101640517
2026-02-23 06:00:00 - Karangnongko,23.869999999999997
2026-02-23 12:00:00 - Karangnongko,24.445
2026-02-23 18:00:00 - Karangnongko,24.030172101640517
2026-02-24 06:00:00 - Karangnongko,23.869999999999997
2026-02-24 12:00:00 - Karangnongko,24.445
2026-02-24 18:00:00 - Karangnongko,24.030172101640517
2026-02-25 06:00:00 - Karangnongko,23.869999999999997
2026-02-25 12:00:00 - Karangnongko,24.445
2026-02-25 18:00:00 - Karangnongko,24.030172101640517
2026-02-26 06:00:00 - Karangnongko,23.869999999999997
2026-02-26 12:00:00 - Karangnongko,24.445
2026-02-26 18:00:00 - Karangnongko,24.030172101640517
2026-02-27 06:00:00 - Karangnongko,23.869999999999997
2026-02-27 12:00:00 - Karangnongko,24.445
2026-02-27 18:00:00 - Karangnongko,24.030172101640517
2026-02-28 06:00:00 - Karangnongko,23.869999999999997
2026-02-28 12:00:00 - Karangnongko,24.445
2026-02-28 18:00:00 - Karangnongko,24.030172101640517
2026-03-01 06:00:00 - Karangnongko,24.12
2026-03-01 12:00:00 - Karangnongko,24.0
2026-03-01 18:00:00 - Karangnongko,24.0
2026-03-02 06:00:00 - Karangnongko,24.12
2026-03-02 12:00:00 - Karangnongko,24.0
2026-03-02 18:00:00 - Karangnongko,24.0
2026-03-03 06:00:00 - Karangnongko,24.12
2026-03-03 12:00:00 - Karangnongko,24.0
2026-03-03 18:00:00 - Karangnongko,24.0
2026-03-04 06:00:00 - Karangnongko,24.12
2026-03-04 12:00:00 - Karangnongko,24.0
2026-03-04 18:00:00 - Karangnongko,24.0
2026-03-05 06:00:00 - Karangnongko,24.12
2026-03-05 12:00:00 - Karangnongko,24.0
2026-03-05 18:00:00 - Karangnongko,24.0
2026-03-06 06:00:00 - Karangnongko,24.12
2026-03-06 12:00:00 - Karangnongko,24.0
2026-03-06 18:00:00 - Karangnongko,24.0
2026-03-07 06:00:00 - Karangnongko,24.12
2026-03-07 12:00:00 - Karangnongko,24.0
2026-03-07 18:00:00 - Karangnongko,24.0
2026-03-08 06:00:00 - Karangnongko,24.12
2026-03-08 12:00:00 - Karangnongko,24.0
2026-03-08 18:00:00 - Karangnongko,24.0
2026-03-09 06:00:00 - Karangnongko,24.12
2026-03-09 12:00:00 - Karangnongko,24.0
2026-03-09 18:00:00 - Karangnongko,24.0
2026-03-10 06:00:00 - Karangnongko,24.12
2026-03-10 12:00:00 - Karangnongko,24.0
2026-03-10 18:00:00 - Karangnongko,24.0
2026-03-11 06:00:00 - Karangnongko,24.12
2026-03-11 12:00:00 - Karangnongko,24.0
2026-03-11 18:00:00 - Karangnongko,24.0
2026-03-12 06:00:00 - Karangnongko,24.12
2026-03-12 12:00:00 - Karangnongko,24.0
2026-03-12 18:00:00 - Karangnongko,24.0
2026-03-13 06:00:00 - Karangnongko,24.12
2026-03-13 12:00:00 - Karangnongko,24.0
2026-03-13 18:00:00 - Karangnongko,24.0
2026-03-14 06:00:00 - Karangnongko,24.12
2026-03-14 12:00:00 - Karangnongko,24.0
2026-03-14 18:00:00 - Karangnongko,24.0
2026-03-15 06:00:00 - Karangnongko,24.12
2026-03-15 12:00:00 - Karangnongko,24.0
2026-03-15 18:00:00 - Karangnongko,24.0
2026-03-16 06:00:00 - Karangnongko,24.12
2026-03-16 12:00:00 - Karangnongko,24.0
2026-03-16 18:00:00 - Karangnongko,24.0
2026-03-17 06:00:00 - Karangnongko,24.12
2026-03-17 12:00:00 - Karangnongko,24.0
2026-03-17 18:00:00 - Karangnongko,24.0
2026-03-18 06:00:00 - Karangnongko,24.12
2026-03-18 12:00:00 - Karangnongko,24.0
2026-03-18 18:00:00 - Karangnongko,24.0
2026-03-19 06:00:00 - Karangnongko,24.12
2026-03-19 12:00:00 - Karangnongko,24.0
2026-03-19 18:00:00 - Karangnongko,24.0
2026-03-20 06:00:00 - Karangnongko,24.12
2026-03-20 12:00:00 - Karangnongko,24.0
2026-03-20 18:00:00 - Karangnongko,24.0
2026-03-21 06:00:00 - Karangnongko,24.12
2026-03-21 12:00:00 - Karangnongko,24.0
2026-03-21 18:00:00 - Karangnongko,24.0
2026-03-22 06:00:00 - Karangnongko,24.12
2026-03-22 12:00:00 - Karangnongko,24.0
2026-03-22 18:00:00 - Karangnongko,24.0
2026-03-23 06:00:00 - Karangnongko,24.12
2026-03-23 12:00:00 - Karangnongko,24.0
2026-03-23 18:00:00 - Karangnongko,24.0
2026-03-24 06:00:00 - Karangnongko,24.12
2026-03-24 12:00:00 - Karangnongko,24.0
2026-03-24 18:00:00 - Karangnongko,24.0
2026-03-25 06:00:00 - Karangnongko,24.12
2026-03-25 12:00:00 - Karangnongko,24.0
2026-03-25 18:00:00 - Karangnongko,24.0
2026-03-26 06:00:00 - Karangnongko,24.12
2026-03-26 12:00:00 - Karangnongko,24.0
2026-03-26 18:00:00 - Karangnongko,24.0
2026-03-27 06:00:00 - Karangnongko,24.12
2026-03-27 12:00:00 - Karangnongko,24.0
2026-03-27 18:00:00 - Karangnongko,24.0
2026-03-28 06:00:00 - Karangnongko,24.12
2026-03-28 12:00:00 - Karangnongko,24.0
2026-03-28 18:00:00 - Karangnongko,24.0
2026-03-29 06:00:00 - Karangnongko,24.12
2026-03-29 12:00:00 - Karangnongko,24.0
2026-03-29 18:00:00 - Karangnongko,24.0
2026-03-30 06:00:00 - Karangnongko,24.12
2026-03-30 12:00:00 - Karangnongko,24.0
2026-03-30 18:00:00 - Karangnongko,24.0
2026-03-31 06:00:00 - Karangnongko,24.12
2026-03-31 12:00:00 - Karangnongko,24.0
2026-03-31 18:00:00 - Karangnongko,24.0
2026-04-01 06:00:00 - Karangnongko,23.025
2026-04-01 12:00:00 - Karangnongko,23.13907762853151
2026-04-01 18:00:00 - Karangnongko,23.09
2026-04-02 06:00:00 - Karangnongko,23.025
2026-04-02 12:00:00 - Karangnongko,23.13907762853151
2026-04-02 18:00:00 - Karangnongko,23.09
2026-04-03 06:00:00 - Karangnongko,23.025
2026-04-03 12:00:00 - Karangnongko,23.13907762853151
2026-04-03 18:00:00 - Karangnongko,23.09
2026-04-04 06:00:00 - Karangnongko,23.025
2026-04-04 12:00:00 - Karangnongko,23.13907762853151
2026-04-04 18:00:00 - Karangnongko,23.09
2026-04-05 06:00:00 - Karangnongko,23.025
2026-04-05 12:00:00 - Karangnongko,23.13907762853151
2026-04-05 18:00:00 - Karangnongko,23.09
2026-04-06 06:00:00 - Karangnongko,23.025
2026-04-06 12:00:00 - Karangnongko,23.13907762853151
2026-04-06 18:00:00 - Karangnongko,23.09
2026-04-07 06:00:00 - Karangnongko,23.025
2026-04-07 12:00:00 - Karangnongko,23.13907762853151
2026-04-07 18:00:00 - Karangnongko,23.09
2026-04-08 06:00:00 - Karangnongko,23.025
2026-04-08 12:00:00 - Karangnongko,23.13907762853151
2026-04-08 18:00:00 - Karangnongko,23.09
2026-04-09 06:00:00 - Karangnongko,23.025
2026-04-09 12:00:00 - Karangnongko,23.13907762853151
2026-04-09 18:00:00 - Karangnongko,23.09
2026-04-10 06:00:00 - Karangnongko,23.025
2026-04-10 12:00:00 - Karangnongko,23.13907762853151
2026-04-10 18:00:00 - Karangnongko,23.09
2026-04-11 06:00:00 - Karangnongko,23.025
2026-04-11 12:00:00 - Karangnongko,23.13907762853151
2026-04-11 18:00:00 - Karangnongko,23.09
2026-04-12 06:00:00 - Karangnongko,23.025
2026-04-12 12:00:00 - Karangnongko,23.13907762853151
2026-04-12 18:00:00 - Karangnongko,23.09
2026-04-13 06:00:00 - Karangnongko,23.025
2026-04-13 12:00:00 - Karangnongko,23.13907762853151
2026-04-13 18:00:00 - Karangnongko,23.09
2026-04-14 06:00:00 - Karangnongko,23.025
2026-04-14 12:00:00 - Karangnongko,23.13907762853151
2026-04-14 18:00:00 - Karangnongko,23.09
2026-04-15 06:00:00 - Karangnongko,23.025
2026-04-15 12:00:00 - Karangnongko,23.13907762853151
2026-04-15 18:00:00 - Karangnongko,23.09
2026-04-16 06:00:00 - Karangnongko,23.025
2026-04-16 12:00:00 - Karangnongko,23.13907762853151
2026-04-16 18:00:00 - Karangnongko,23.09
2026-04-17 06:00:00 - Karangnongko,23.025
2026-04-17 12:00:00 - Karangnongko,23.13907762853151
2026-04-17 18:00:00 - Karangnongko,23.09
2026-04-18 06:00:00 - Karangnongko,23.025
2026-04-18 12:00:00 - Karangnongko,23.13907762853151
2026-04-18 18:00:00 - Karangnongko,23.09
2026-04-19 06:00:00 - Karangnongko,23.025
2026-04-19 12:00:00 - Karangnongko,23.13907762853151
2026-04-19 18:00:00 - Karangnongko,23.09
2026-04-20 06:00:00 - Karangnongko,23.025
2026-04-20 12:00:00 - Karangnongko,23.13907762853151
2026-04-20 18:00:00 - Karangnongko,23.09
2026-04-21 06:00:00 - Karangnongko,23.025
2026-04-21 12:00:00 - Karangnongko,23.13907762853151
2026-04-21 18:00:00 - Karangnongko,23.09
2026-04-22 06:00:00 - Karangnongko,23.025
2026-04-22 12:00:00 - Karangnongko,23.13907762853151
2026-04-22 18:00:00 - Karangnongko,23.09
2026-04-23 06:00:00 - Karangnongko,23.025
2026-04-23 12:00:00 - Karangnongko,23.13907762853151
2026-04-23 18:00:00 - Karangnongko,23.09
2026-04-24 06:00:00 - Karangnongko,23.025
2026-04-24 12:00:00 - Karangnongko,23.13907762853151
2026-04-24 18:00:00 - Karangnongko,23.09
2026-04-25 06:00:00 - Karangnongko,23.025
2026-04-25 12:00:00 - Karangnongko,23.13907762853151
2026-04-25 18:00:00 - Karangnongko,23.09
2026-04-26 06:00:00 - Karangnongko,23.025
2026-04-26 12:00:00 - Karangnongko,23.13907762853151
2026-04-26 18:00:00 - Karangnongko,23.09
2026-04-27 06:00:00 - Karangnongko,23.025
2026-04-27 12:00:00 - Karangnongko,23.13907762853151
2026-04-27 18:00:00 - Karangnongko,23.09
2026-04-28 06:00:00 - Karangnongko,23.025
2026-04-28 12:00:00 - Karangnongko,23.13907762853151
2026-04-28 18:00:00 - Karangnongko,23.09
2026-04-29 06:00:00 - Karangnongko,23.025
2026-04-29 12:00:00 - Karangnongko,23.13907762853151
2026-04-29 18:00:00 - Karangnongko,23.09
2026-04-30 06:00:00 - Karangnongko,23.025
2026-04-30 12:00:00 - Karangnongko,23.13907762853151
2026-04-30 18:00:00 - Karangnongko,23.09
2026-05-01 06:00:00 - Karangnongko,22.25456424453311
2026-05-01 12:00:00 - Karangnongko,22.16
2026-05-01 18:00:00 - Karangnongko,22.1
2026-05-02 06:00:00 - Karangnongko,22.25456424453311
2026-05-02 12:00:00 - Karangnongko,22.16
2026-05-02 18:00:00 - Karangnongko,22.1
2026-05-03 06:00:00 - Karangnongko,22.25456424453311
2026-05-03 12:00:00 - Karangnongko,22.16
2026-05-03 18:00:00 - Karangnongko,22.1
2026-05-04 06:00:00 - Karangnongko,22.25456424453311
2026-05-04 12:00:00 - Karangnongko,22.16
2026-05-04 18:00:00 - Karangnongko,22.1
2026-05-05 06:00:00 - Karangnongko,22.25456424453311
2026-05-05 12:00:00 - Karangnongko,22.16
2026-05-05 18:00:00 - Karangnongko,22.1
2026-05-06 06:00:00 - Karangnongko,22.25456424453311
2026-05-06 12:00:00 - Karangnongko,22.16
2026-05-06 18:00:00 - Karangnongko,22.1
2026-05-07 06:00:00 - Karangnongko,22.25456424453311
2026-05-07 12:00:00 - Karangnongko,22.16
2026-05-07 18:00:00 - Karangnongko,22.1
2026-05-08 06:00:00 - Karangnongko,22.25456424453311
2026-05-08 12:00:00 - Karangnongko,22.16
2026-05-08 18:00:00 - Karangnongko,22.1
2026-05-09 06:00:00 - Karangnongko,22.25456424453311
2026-05-09 12:00:00 - Karangnongko,22.16
2026-05-09 18:00:00 - Karangnongko,22.1
2026-05-10 06:00:00 - Karangnongko,22.25456424453311
2026-05-10 12:00:00 - Karangnongko,22.16
2026-05-10 18:00:00 - Karangnongko,22.1
2026-05-11 06:00:00 - Karangnongko,22.25456424453311
2026-05-11 12:00:00 - Karangnongko,22.16
2026-05-11 18:00:00 - Karangnongko,22.1
2026-05-12 06:00:00 - Karangnongko,22.25456424453311
2026-05-12 12:00:00 - Karangnongko,22.16
2026-05-12 18:00:00 - Karangnongko,22.1
2026-05-13 06:00:00 - Karangnongko,22.25456424453311
2026-05-13 12:00:00 - Karangnongko,22.16
2026-05-13 18:00:00 - Karangnongko,22.1
2026-05-14 06:00:00 - Karangnongko,22.25456424453311
2026-05-14 12:00:00 - Karangnongko,22.16
2026-05-14 18:00:00 - Karangnongko,22.1
2026-05-15 06:00:00 - Karangnongko,22.25456424453311
2026-05-15 12:00:00 - Karangnongko,22.16
2026-05-15 18:00:00 - Karangnongko,22.1
2026-05-16 06:00:00 - Karangnongko,22.25456424453311
2026-05-16 12:00:00 - Karangnongko,22.16
2026-05-16 18:00:00 - Karangnongko,22.1
2026-05-17 06:00:00 - Karangnongko,22.25456424453311
2026-05-17 12:00:00 - Karangnongko,22.16
2026-05-17 18:00:00 - Karangnongko,22.1
2026-05-18 06:00:00 - Karangnongko,22.25456424453311
2026-05-18 12:00:00 - Karangnongko,22.16
2026-05-18 18:00:00 - Karangnongko,22.1
2025-09-19 06:00:00 - Kedungupit,63.85
2025-09-19 12:00:00 - Kedungupit,63.91
2025-09-19 18:00:00 - Kedungupit,63.89
2025-09-20 06:00:00 - Kedungupit,63.85
2025-09-20 12:00:00 - Kedungupit,63.91
2025-09-20 18:00:00 - Kedungupit,63.89
2025-09-21 06:00:00 - Kedungupit,63.85
2025-09-21 12:00:00 - Kedungupit,63.91
2025-09-21 18:00:00 - Kedungupit,63.89
2025-09-22 06:00:00 - Kedungupit,63.85
2025-09-22 12:00:00 - Kedungupit,63.91
2025-09-22 18:00:00 - Kedungupit,63.89
2025-09-23 06:00:00 - Kedungupit,63.85
2025-09-23 12:00:00 - Kedungupit,63.91
2025-09-23 18:00:00 - Kedungupit,63.89
2025-09-24 06:00:00 - Kedungupit,63.85
2025-09-24 12:00:00 - Kedungupit,63.91
2025-09-24 18:00:00 - Kedungupit,63.89
2025-09-25 06:00:00 - Kedungupit,63.85
2025-09-25 12:00:00 - Kedungupit,63.91
2025-09-25 18:00:00 - Kedungupit,63.89
2025-09-26 06:00:00 - Kedungupit,63.85
2025-09-26 12:00:00 - Kedungupit,63.91
2025-09-26 18:00:00 - Kedungupit,63.89
2025-09-27 06:00:00 - Kedungupit,63.85
2025-09-27 12:00:00 - Kedungupit,63.91
2025-09-27 18:00:00 - Kedungupit,63.89
2025-09-28 06:00:00 - Kedungupit,63.85
2025-09-28 12:00:00 - Kedungupit,63.91
2025-09-28 18:00:00 - Kedungupit,63.89
2025-09-29 06:00:00 - Kedungupit,63.85
2025-09-29 12:00:00 - Kedungupit,63.91
2025-09-29 18:00:00 - Kedungupit,63.89
2025-09-30 06:00:00 - Kedungupit,63.85
2025-09-30 12:00:00 - Kedungupit,63.91
2025-09-30 18:00:00 - Kedungupit,63.89
2025-10-01 06:00:00 - Kedungupit,63.69
2025-10-01 12:00:00 - Kedungupit,63.64
2025-10-01 18:00:00 - Kedungupit,63.71
2025-10-02 06:00:00 - Kedungupit,63.69
2025-10-02 12:00:00 - Kedungupit,63.64
2025-10-02 18:00:00 - Kedungupit,63.71
2025-10-03 06:00:00 - Kedungupit,63.69
2025-10-03 12:00:00 - Kedungupit,63.64
2025-10-03 18:00:00 - Kedungupit,63.71
2025-10-04 06:00:00 - Kedungupit,63.69
2025-10-04 12:00:00 - Kedungupit,63.64
2025-10-04 18:00:00 - Kedungupit,63.71
2025-10-05 06:00:00 - Kedungupit,63.69
2025-10-05 12:00:00 - Kedungupit,63.64
2025-10-05 18:00:00 - Kedungupit,63.71
2025-10-06 06:00:00 - Kedungupit,63.69
2025-10-06 12:00:00 - Kedungupit,63.64
2025-10-06 18:00:00 - Kedungupit,63.71
2025-10-07 06:00:00 - Kedungupit,63.69
2025-10-07 12:00:00 - Kedungupit,63.64
2025-10-07 18:00:00 - Kedungupit,63.71
2025-10-08 06:00:00 - Kedungupit,63.69
2025-10-08 12:00:00 - Kedungupit,63.64
2025-10-08 18:00:00 - Kedungupit,63.71
2025-10-09 06:00:00 - Kedungupit,63.69
2025-10-09 12:00:00 - Kedungupit,63.64
2025-10-09 18:00:00 - Kedungupit,63.71
2025-10-10 06:00:00 - Kedungupit,63.69
2025-10-10 12:00:00 - Kedungupit,63.64
2025-10-10 18:00:00 - Kedungupit,63.71
2025-10-11 06:00:00 - Kedungupit,63.69
2025-10-11 12:00:00 - Kedungupit,63.64
2025-10-11 18:00:00 - Kedungupit,63.71
2025-10-12 06:00:00 - Kedungupit,63.69
2025-10-12 12:00:00 - Kedungupit,63.64
2025-10-12 18:00:00 - Kedungupit,63.71
2025-10-13 06:00:00 - Kedungupit,63.69
2025-10-13 12:00:00 - Kedungupit,63.64
2025-10-13 18:00:00 - Kedungupit,63.71
2025-10-14 06:00:00 - Kedungupit,63.69
2025-10-14 12:00:00 - Kedungupit,63.64
2025-10-14 18:00:00 - Kedungupit,63.71
2025-10-15 06:00:00 - Kedungupit,63.69
2025-10-15 12:00:00 - Kedungupit,63.64
2025-10-15 18:00:00 - Kedungupit,63.71
2025-10-16 06:00:00 - Kedungupit,63.69
2025-10-16 12:00:00 - Kedungupit,63.64
2025-10-16 18:00:00 - Kedungupit,63.71
2025-10-17 06:00:00 - Kedungupit,63.69
2025-10-17 12:00:00 - Kedungupit,63.64
2025-10-17 18:00:00 - Kedungupit,63.71
2025-10-18 06:00:00 - Kedungupit,63.69
2025-10-18 12:00:00 - Kedungupit,63.64
2025-10-18 18:00:00 - Kedungupit,63.71
2025-10-19 06:00:00 - Kedungupit,63.69
2025-10-19 12:00:00 - Kedungupit,63.64
2025-10-19 18:00:00 - Kedungupit,63.71
2025-10-20 06:00:00 - Kedungupit,63.69
2025-10-20 12:00:00 - Kedungupit,63.64
2025-10-20 18:00:00 - Kedungupit,63.71
2025-10-21 06:00:00 - Kedungupit,63.69
2025-10-21 12:00:00 - Kedungupit,63.64
2025-10-21 18:00:00 - Kedungupit,63.71
2025-10-22 06:00:00 - Kedungupit,63.69
2025-10-22 12:00:00 - Kedungupit,63.64
2025-10-22 18:00:00 - Kedungupit,63.71
2025-10-23 06:00:00 - Kedungupit,63.69
2025-10-23 12:00:00 - Kedungupit,63.64
2025-10-23 18:00:00 - Kedungupit,63.71
2025-10-24 06:00:00 - Kedungupit,63.69
2025-10-24 12:00:00 - Kedungupit,63.64
2025-10-24 18:00:00 - Kedungupit,63.71
2025-10-25 06:00:00 - Kedungupit,63.69
2025-10-25 12:00:00 - Kedungupit,63.64
2025-10-25 18:00:00 - Kedungupit,63.71
2025-10-26 06:00:00 - Kedungupit,63.69
2025-10-26 12:00:00 - Kedungupit,63.64
2025-10-26 18:00:00 - Kedungupit,63.71
2025-10-27 06:00:00 - Kedungupit,63.69
2025-10-27 12:00:00 - Kedungupit,63.64
2025-10-27 18:00:00 - Kedungupit,63.71
2025-10-28 06:00:00 - Kedungupit,63.69
2025-10-28 12:00:00 - Kedungupit,63.64
2025-10-28 18:00:00 - Kedungupit,63.71
2025-10-29 06:00:00 - Kedungupit,63.69
2025-10-29 12:00:00 - Kedungupit,63.64
2025-10-29 18:00:00 - Kedungupit,63.71
2025-10-30 06:00:00 - Kedungupit,63.69
2025-10-30 12:00:00 - Kedungupit,63.64
2025-10-30 18:00:00 - Kedungupit,63.71
2025-10-31 06:00:00 - Kedungupit,63.69
2025-10-31 12:00:00 - Kedungupit,63.64
2025-10-31 18:00:00 - Kedungupit,63.71
2025-11-01 06:00:00 - Kedungupit,64.065
2025-11-01 12:00:00 - Kedungupit,64.055
2025-11-01 18:00:00 - Kedungupit,64.06546094403416
2025-11-02 06:00:00 - Kedungupit,64.065
2025-11-02 12:00:00 - Kedungupit,64.055
2025-11-02 18:00:00 - Kedungupit,64.06546094403416
2025-11-03 06:00:00 - Kedungupit,64.065
2025-11-03 12:00:00 - Kedungupit,64.055
2025-11-03 18:00:00 - Kedungupit,64.06546094403416
2025-11-04 06:00:00 - Kedungupit,64.065
2025-11-04 12:00:00 - Kedungupit,64.055
2025-11-04 18:00:00 - Kedungupit,64.06546094403416
2025-11-05 06:00:00 - Kedungupit,64.065
2025-11-05 12:00:00 - Kedungupit,64.055
2025-11-05 18:00:00 - Kedungupit,64.06546094403416
2025-11-06 06:00:00 - Kedungupit,64.065
2025-11-06 12:00:00 - Kedungupit,64.055
2025-11-06 18:00:00 - Kedungupit,64.06546094403416
2025-11-07 06:00:00 - Kedungupit,64.065
2025-11-07 12:00:00 - Kedungupit,64.055
2025-11-07 18:00:00 - Kedungupit,64.06546094403416
2025-11-08 06:00:00 - Kedungupit,64.065
2025-11-08 12:00:00 - Kedungupit,64.055
2025-11-08 18:00:00 - Kedungupit,64.06546094403416
2025-11-09 06:00:00 - Kedungupit,64.065
2025-11-09 12:00:00 - Kedungupit,64.055
2025-11-09 18:00:00 - Kedungupit,64.06546094403416
2025-11-10 06:00:00 - Kedungupit,64.065
2025-11-10 12:00:00 - Kedungupit,64.055
2025-11-10 18:00:00 - Kedungupit,64.06546094403416
2025-11-11 06:00:00 - Kedungupit,64.065
2025-11-11 12:00:00 - Kedungupit,64.055
2025-11-11 18:00:00 - Kedungupit,64.06546094403416
2025-11-12 06:00:00 - Kedungupit,64.065
2025-11-12 12:00:00 - Kedungupit,64.055
2025-11-12 18:00:00 - Kedungupit,64.06546094403416
2025-11-13 06:00:00 - Kedungupit,64.065
2025-11-13 12:00:00 - Kedungupit,64.055
2025-11-13 18:00:00 - Kedungupit,64.06546094403416
2025-11-14 06:00:00 - Kedungupit,64.065
2025-11-14 12:00:00 - Kedungupit,64.055
2025-11-14 18:00:00 - Kedungupit,64.06546094403416
2025-11-15 06:00:00 - Kedungupit,64.065
2025-11-15 12:00:00 - Kedungupit,64.055
2025-11-15 18:00:00 - Kedungupit,64.06546094403416
2025-11-16 06:00:00 - Kedungupit,64.065
2025-11-16 12:00:00 - Kedungupit,64.055
2025-11-16 18:00:00 - Kedungupit,64.06546094403416
2025-11-17 06:00:00 - Kedungupit,64.065
2025-11-17 12:00:00 - Kedungupit,64.055
2025-11-17 18:00:00 - Kedungupit,64.06546094403416
2025-11-18 06:00:00 - Kedungupit,64.065
2025-11-18 12:00:00 - Kedungupit,64.055
2025-11-18 18:00:00 - Kedungupit,64.06546094403416
2025-11-19 06:00:00 - Kedungupit,64.065
2025-11-19 12:00:00 - Kedungupit,64.055
2025-11-19 18:00:00 - Kedungupit,64.06546094403416
2025-11-20 06:00:00 - Kedungupit,64.065
2025-11-20 12:00:00 - Kedungupit,64.055
2025-11-20 18:00:00 - Kedungupit,64.06546094403416
2025-11-21 06:00:00 - Kedungupit,64.065
2025-11-21 12:00:00 - Kedungupit,64.055
2025-11-21 18:00:00 - Kedungupit,64.06546094403416
2025-11-22 06:00:00 - Kedungupit,64.065
2025-11-22 12:00:00 - Kedungupit,64.055
2025-11-22 18:00:00 - Kedungupit,64.06546094403416
2025-11-23 06:00:00 - Kedungupit,64.065
2025-11-23 12:00:00 - Kedungupit,64.055
2025-11-23 18:00:00 - Kedungupit,64.06546094403416
2025-11-24 06:00:00 - Kedungupit,64.065
2025-11-24 12:00:00 - Kedungupit,64.055
2025-11-24 18:00:00 - Kedungupit,64.06546094403416
2025-11-25 06:00:00 - Kedungupit,64.065
2025-11-25 12:00:00 - Kedungupit,64.055
2025-11-25 18:00:00 - Kedungupit,64.06546094403416
2025-11-26 06:00:00 - Kedungupit,64.065
2025-11-26 12:00:00 - Kedungupit,64.055
2025-11-26 18:00:00 - Kedungupit,64.06546094403416
2025-11-27 06:00:00 - Kedungupit,64.065
2025-11-27 12:00:00 - Kedungupit,64.055
2025-11-27 18:00:00 - Kedungupit,64.06546094403416
2025-11-28 06:00:00 - Kedungupit,64.065
2025-11-28 12:00:00 - Kedungupit,64.055
2025-11-28 18:00:00 - Kedungupit,64.06546094403416
2025-11-29 06:00:00 - Kedungupit,64.065
2025-11-29 12:00:00 - Kedungupit,64.055
2025-11-29 18:00:00 - Kedungupit,64.06546094403416
2025-11-30 06:00:00 - Kedungupit,64.065
2025-11-30 12:00:00 - Kedungupit,64.055
2025-11-30 18:00:00 - Kedungupit,64.06546094403416
2025-12-01 06:00:00 - Kedungupit,65.08500000000001
2025-12-01 12:00:00 - Kedungupit,64.945
2025-12-01 18:00:00 - Kedungupit,64.785
2025-12-02 06:00:00 - Kedungupit,65.08500000000001
2025-12-02 12:00:00 - Kedungupit,64.945
2025-12-02 18:00:00 - Kedungupit,64.785
2025-12-03 06:00:00 - Kedungupit,65.08500000000001
2025-12-03 12:00:00 - Kedungupit,64.945
2025-12-03 18:00:00 - Kedungupit,64.785
2025-12-04 06:00:00 - Kedungupit,65.08500000000001
2025-12-04 12:00:00 - Kedungupit,64.945
2025-12-04 18:00:00 - Kedungupit,64.785
2025-12-05 06:00:00 - Kedungupit,65.08500000000001
2025-12-05 12:00:00 - Kedungupit,64.945
2025-12-05 18:00:00 - Kedungupit,64.785
2025-12-06 06:00:00 - Kedungupit,65.08500000000001
2025-12-06 12:00:00 - Kedungupit,64.945
2025-12-06 18:00:00 - Kedungupit,64.785
2025-12-07 06:00:00 - Kedungupit,65.08500000000001
2025-12-07 12:00:00 - Kedungupit,64.945
2025-12-07 18:00:00 - Kedungupit,64.785
2025-12-08 06:00:00 - Kedungupit,65.08500000000001
2025-12-08 12:00:00 - Kedungupit,64.945
2025-12-08 18:00:00 - Kedungupit,64.785
2025-12-09 06:00:00 - Kedungupit,65.08500000000001
2025-12-09 12:00:00 - Kedungupit,64.945
2025-12-09 18:00:00 - Kedungupit,64.785
2025-12-10 06:00:00 - Kedungupit,65.08500000000001
2025-12-10 12:00:00 - Kedungupit,64.945
2025-12-10 18:00:00 - Kedungupit,64.785
2025-12-11 06:00:00 - Kedungupit,65.08500000000001
2025-12-11 12:00:00 - Kedungupit,64.945
2025-12-11 18:00:00 - Kedungupit,64.785
2025-12-12 06:00:00 - Kedungupit,65.08500000000001
2025-12-12 12:00:00 - Kedungupit,64.945
2025-12-12 18:00:00 - Kedungupit,64.785
2025-12-13 06:00:00 - Kedungupit,65.08500000000001
2025-12-13 12:00:00 - Kedungupit,64.945
2025-12-13 18:00:00 - Kedungupit,64.785
2025-12-14 06:00:00 - Kedungupit,65.08500000000001
2025-12-14 12:00:00 - Kedungupit,64.945
2025-12-14 18:00:00 - Kedungupit,64.785
2025-12-15 06:00:00 - Kedungupit,65.08500000000001
2025-12-15 12:00:00 - Kedungupit,64.945
2025-12-15 18:00:00 - Kedungupit,64.785
2025-12-16 06:00:00 - Kedungupit,65.08500000000001
2025-12-16 12:00:00 - Kedungupit,64.945
2025-12-16 18:00:00 - Kedungupit,64.785
2025-12-17 06:00:00 - Kedungupit,65.08500000000001
2025-12-17 12:00:00 - Kedungupit,64.945
2025-12-17 18:00:00 - Kedungupit,64.785
2025-12-18 06:00:00 - Kedungupit,65.08500000000001
2025-12-18 12:00:00 - Kedungupit,64.945
2025-12-18 18:00:00 - Kedungupit,64.785
2025-12-19 06:00:00 - Kedungupit,65.08500000000001
2025-12-19 12:00:00 - Kedungupit,64.945
2025-12-19 18:00:00 - Kedungupit,64.785
2025-12-20 06:00:00 - Kedungupit,65.08500000000001
2025-12-20 12:00:00 - Kedungupit,64.945
2025-12-20 18:00:00 - Kedungupit,64.785
2025-12-21 06:00:00 - Kedungupit,65.08500000000001
2025-12-21 12:00:00 - Kedungupit,64.945
2025-12-21 18:00:00 - Kedungupit,64.785
2025-12-22 06:00:00 - Kedungupit,65.08500000000001
2025-12-22 12:00:00 - Kedungupit,64.945
2025-12-22 18:00:00 - Kedungupit,64.785
2025-12-23 06:00:00 - Kedungupit,65.08500000000001
2025-12-23 12:00:00 - Kedungupit,64.945
2025-12-23 18:00:00 - Kedungupit,64.785
2025-12-24 06:00:00 - Kedungupit,65.08500000000001
2025-12-24 12:00:00 - Kedungupit,64.945
2025-12-24 18:00:00 - Kedungupit,64.785
2025-12-25 06:00:00 - Kedungupit,65.08500000000001
2025-12-25 12:00:00 - Kedungupit,64.945
2025-12-25 18:00:00 - Kedungupit,64.785
2025-12-26 06:00:00 - Kedungupit,65.08500000000001
2025-12-26 12:00:00 - Kedungupit,64.945
2025-12-26 18:00:00 - Kedungupit,64.785
2025-12-27 06:00:00 - Kedungupit,65.08500000000001
2025-12-27 12:00:00 - Kedungupit,64.945
2025-12-27 18:00:00 - Kedungupit,64.785
2025-12-28 06:00:00 - Kedungupit,65.08500000000001
2025-12-28 12:00:00 - Kedungupit,64.945
2025-12-28 18:00:00 - Kedungupit,64.785
2025-12-29 06:00:00 - Kedungupit,65.08500000000001
2025-12-29 12:00:00 - Kedungupit,64.945
2025-12-29 18:00:00 - Kedungupit,64.785
2025-12-30 06:00:00 - Kedungupit,65.08500000000001
2025-12-30 12:00:00 - Kedungupit,64.945
2025-12-30 18:00:00 - Kedungupit,64.785
2025-12-31 06:00:00 - Kedungupit,65.08500000000001
2025-12-31 12:00:00 - Kedungupit,64.945
2025-12-31 18:00:00 - Kedungupit,64.785
2026-01-01 06:00:00 - Kedungupit,65.94
2026-01-01 12:00:00 - Kedungupit,65.78
2026-01-01 18:00:00 - Kedungupit,65.59995658759473
2026-01-02 06:00:00 - Kedungupit,65.94
2026-01-02 12:00:00 - Kedungupit,65.78
2026-01-02 18:00:00 - Kedungupit,65.59995658759473
2026-01-03 06:00:00 - Kedungupit,65.94
2026-01-03 12:00:00 - Kedungupit,65.78
2026-01-03 18:00:00 - Kedungupit,65.59995658759473
2026-01-04 06:00:00 - Kedungupit,65.94
2026-01-04 12:00:00 - Kedungupit,65.78
2026-01-04 18:00:00 - Kedungupit,65.59995658759473
2026-01-05 06:00:00 - Kedungupit,65.94
2026-01-05 12:00:00 - Kedungupit,65.78
2026-01-05 18:00:00 - Kedungupit,65.59995658759473
2026-01-06 06:00:00 - Kedungupit,65.94
2026-01-06 12:00:00 - Kedungupit,65.78
2026-01-06 18:00:00 - Kedungupit,65.59995658759473
2026-01-07 06:00:00 - Kedungupit,65.94
2026-01-07 12:00:00 - Kedungupit,65.78
2026-01-07 18:00:00 - Kedungupit,65.59995658759473
2026-01-08 06:00:00 - Kedungupit,65.94
2026-01-08 12:00:00 - Kedungupit,65.78
2026-01-08 18:00:00 - Kedungupit,65.59995658759473
2026-01-09 06:00:00 - Kedungupit,65.94
2026-01-09 12:00:00 - Kedungupit,65.78
2026-01-09 18:00:00 - Kedungupit,65.59995658759473
2026-01-10 06:00:00 - Kedungupit,65.94
2026-01-10 12:00:00 - Kedungupit,65.78
2026-01-10 18:00:00 - Kedungupit,65.59995658759473
2026-01-11 06:00:00 - Kedungupit,65.94
2026-01-11 12:00:00 - Kedungupit,65.78
2026-01-11 18:00:00 - Kedungupit,65.59995658759473
2026-01-12 06:00:00 - Kedungupit,65.94
2026-01-12 12:00:00 - Kedungupit,65.78
2026-01-12 18:00:00 - Kedungupit,65.59995658759473
2026-01-13 06:00:00 - Kedungupit,65.94
2026-01-13 12:00:00 - Kedungupit,65.78
2026-01-13 18:00:00 - Kedungupit,65.59995658759473
2026-01-14 06:00:00 - Kedungupit,65.94
2026-01-14 12:00:00 - Kedungupit,65.78
2026-01-14 18:00:00 - Kedungupit,65.59995658759473
2026-01-15 06:00:00 - Kedungupit,65.94
2026-01-15 12:00:00 - Kedungupit,65.78
2026-01-15 18:00:00 - Kedungupit,65.59995658759473
2026-01-16 06:00:00 - Kedungupit,65.94
2026-01-16 12:00:00 - Kedungupit,65.78
2026-01-16 18:00:00 - Kedungupit,65.59995658759473
2026-01-17 06:00:00 - Kedungupit,65.94
2026-01-17 12:00:00 - Kedungupit,65.78
2026-01-17 18:00:00 - Kedungupit,65.59995658759473
2026-01-18 06:00:00 - Kedungupit,65.94
2026-01-18 12:00:00 - Kedungupit,65.78
2026-01-18 18:00:00 - Kedungupit,65.59995658759473
2026-01-19 06:00:00 - Kedungupit,65.94
2026-01-19 12:00:00 - Kedungupit,65.78
2026-01-19 18:00:00 - Kedungupit,65.59995658759473
2026-01-20 06:00:00 - Kedungupit,65.94
2026-01-20 12:00:00 - Kedungupit,65.78
2026-01-20 18:00:00 - Kedungupit,65.59995658759473
2026-01-21 06:00:00 - Kedungupit,65.94
2026-01-21 12:00:00 - Kedungupit,65.78
2026-01-21 18:00:00 - Kedungupit,65.59995658759473
2026-01-22 06:00:00 - Kedungupit,65.94
2026-01-22 12:00:00 - Kedungupit,65.78
2026-01-22 18:00:00 - Kedungupit,65.59995658759473
2026-01-23 06:00:00 - Kedungupit,65.94
2026-01-23 12:00:00 - Kedungupit,65.78
2026-01-23 18:00:00 - Kedungupit,65.59995658759473
2026-01-24 06:00:00 - Kedungupit,65.94
2026-01-24 12:00:00 - Kedungupit,65.78
2026-01-24 18:00:00 - Kedungupit,65.59995658759473
2026-01-25 06:00:00 - Kedungupit,65.94
2026-01-25 12:00:00 - Kedungupit,65.78
2026-01-25 18:00:00 - Kedungupit,65.59995658759473
2026-01-26 06:00:00 - Kedungupit,65.94
2026-01-26 12:00:00 - Kedungupit,65.78
2026-01-26 18:00:00 - Kedungupit,65.59995658759473
2026-01-27 06:00:00 - Kedungupit,65.94
2026-01-27 12:00:00 - Kedungupit,65.78
2026-01-27 18:00:00 - Kedungupit,65.59995658759473
2026-01-28 06:00:00 - Kedungupit,65.94
2026-01-28 12:00:00 - Kedungupit,65.78
2026-01-28 18:00:00 - Kedungupit,65.59995658759473
2026-01-29 06:00:00 - Kedungupit,65.94
2026-01-29 12:00:00 - Kedungupit,65.78
2026-01-29 18:00:00 - Kedungupit,65.59995658759473
2026-01-30 06:00:00 - Kedungupit,65.94
2026-01-30 12:00:00 - Kedungupit,65.78
2026-01-30 18:00:00 - Kedungupit,65.59995658759473
2026-01-31 06:00:00 - Kedungupit,65.94
2026-01-31 12:00:00 - Kedungupit,65.78
2026-01-31 18:00:00 - Kedungupit,65.59995658759473
2026-02-01 06:00:00 - Kedungupit,66.42500000000001
2026-02-01 12:00:00 - Kedungupit,66.355
2026-02-01 18:00:00 - Kedungupit,66.01862634585217
2026-02-02 06:00:00 - Kedungupit,66.42500000000001
2026-02-02 12:00:00 - Kedungupit,66.355
2026-02-02 18:00:00 - Kedungupit,66.01862634585217
2026-02-03 06:00:00 - Kedungupit,66.42500000000001
2026-02-03 12:00:00 - Kedungupit,66.355
2026-02-03 18:00:00 - Kedungupit,66.01862634585217
2026-02-04 06:00:00 - Kedungupit,66.42500000000001
2026-02-04 12:00:00 - Kedungupit,66.355
2026-02-04 18:00:00 - Kedungupit,66.01862634585217
2026-02-05 06:00:00 - Kedungupit,66.42500000000001
2026-02-05 12:00:00 - Kedungupit,66.355
2026-02-05 18:00:00 - Kedungupit,66.01862634585217
2026-02-06 06:00:00 - Kedungupit,66.42500000000001
2026-02-06 12:00:00 - Kedungupit,66.355
2026-02-06 18:00:00 - Kedungupit,66.01862634585217
2026-02-07 06:00:00 - Kedungupit,66.42500000000001
2026-02-07 12:00:00 - Kedungupit,66.355
2026-02-07 18:00:00 - Kedungupit,66.01862634585217
2026-02-08 06:00:00 - Kedungupit,66.42500000000001
2026-02-08 12:00:00 - Kedungupit,66.355
2026-02-08 18:00:00 - Kedungupit,66.01862634585217
2026-02-09 06:00:00 - Kedungupit,66.42500000000001
2026-02-09 12:00:00 - Kedungupit,66.355
2026-02-09 18:00:00 - Kedungupit,66.01862634585217
2026-02-10 06:00:00 - Kedungupit,66.42500000000001
2026-02-10 12:00:00 - Kedungupit,66.355
2026-02-10 18:00:00 - Kedungupit,66.01862634585217
2026-02-11 06:00:00 - Kedungupit,66.42500000000001
2026-02-11 12:00:00 - Kedungupit,66.355
2026-02-11 18:00:00 - Kedungupit,66.01862634585217
2026-02-12 06:00:00 - Kedungupit,66.42500000000001
2026-02-12 12:00:00 - Kedungupit,66.355
2026-02-12 18:00:00 - Kedungupit,66.01862634585217
2026-02-13 06:00:00 - Kedungupit,66.42500000000001
2026-02-13 12:00:00 - Kedungupit,66.355
2026-02-13 18:00:00 - Kedungupit,66.01862634585217
2026-02-14 06:00:00 - Kedungupit,66.42500000000001
2026-02-14 12:00:00 - Kedungupit,66.355
2026-02-14 18:00:00 - Kedungupit,66.01862634585217
2026-02-15 06:00:00 - Kedungupit,66.42500000000001
2026-02-15 12:00:00 - Kedungupit,66.355
2026-02-15 18:00:00 - Kedungupit,66.01862634585217
2026-02-16 06:00:00 - Kedungupit,66.42500000000001
2026-02-16 12:00:00 - Kedungupit,66.355
2026-02-16 18:00:00 - Kedungupit,66.01862634585217
2026-02-17 06:00:00 - Kedungupit,66.42500000000001
2026-02-17 12:00:00 - Kedungupit,66.355
2026-02-17 18:00:00 - Kedungupit,66.01862634585217
2026-02-18 06:00:00 - Kedungupit,66.42500000000001
2026-02-18 12:00:00 - Kedungupit,66.355
2026-02-18 18:00:00 - Kedungupit,66.01862634585217
2026-02-19 06:00:00 - Kedungupit,66.42500000000001
2026-02-19 12:00:00 - Kedungupit,66.355
2026-02-19 18:00:00 - Kedungupit,66.01862634585217
2026-02-20 06:00:00 - Kedungupit,66.42500000000001
2026-02-20 12:00:00 - Kedungupit,66.355
2026-02-20 18:00:00 - Kedungupit,66.01862634585217
2026-02-21 06:00:00 - Kedungupit,66.42500000000001
2026-02-21 12:00:00 - Kedungupit,66.355
2026-02-21 18:00:00 - Kedungupit,66.01862634585217
2026-02-22 06:00:00 - Kedungupit,66.42500000000001
2026-02-22 12:00:00 - Kedungupit,66.355
2026-02-22 18:00:00 - Kedungupit,66.01862634585217
2026-02-23 06:00:00 - Kedungupit,66.42500000000001
2026-02-23 12:00:00 - Kedungupit,66.355
2026-02-23 18:00:00 - Kedungupit,66.01862634585217
2026-02-24 06:00:00 - Kedungupit,66.42500000000001
2026-02-24 12:00:00 - Kedungupit,66.355
2026-02-24 18:00:00 - Kedungupit,66.01862634585217
2026-02-25 06:00:00 - Kedungupit,66.42500000000001
2026-02-25 12:00:00 - Kedungupit,66.355
2026-02-25 18:00:00 - Kedungupit,66.01862634585217
2026-02-26 06:00:00 - Kedungupit,66.42500000000001
2026-02-26 12:00:00 - Kedungupit,66.355
2026-02-26 18:00:00 - Kedungupit,66.01862634585217
2026-02-27 06:00:00 - Kedungupit,66.42500000000001
2026-02-27 12:00:00 - Kedungupit,66.355
2026-02-27 18:00:00 - Kedungupit,66.01862634585217
2026-02-28 06:00:00 - Kedungupit,66.42500000000001
2026-02-28 12:00:00 - Kedungupit,66.355
2026-02-28 18:00:00 - Kedungupit,66.01862634585217
2026-03-01 06:00:00 - Kedungupit,66.06
2026-03-01 12:00:00 - Kedungupit,66.03
2026-03-01 18:00:00 - Kedungupit,65.88
2026-03-02 06:00:00 - Kedungupit,66.06
2026-03-02 12:00:00 - Kedungupit,66.03
2026-03-02 18:00:00 - Kedungupit,65.88
2026-03-03 06:00:00 - Kedungupit,66.06
2026-03-03 12:00:00 - Kedungupit,66.03
2026-03-03 18:00:00 - Kedungupit,65.88
2026-03-04 06:00:00 - Kedungupit,66.06
2026-03-04 12:00:00 - Kedungupit,66.03
2026-03-04 18:00:00 - Kedungupit,65.88
2026-03-05 06:00:00 - Kedungupit,66.06
2026-03-05 12:00:00 - Kedungupit,66.03
2026-03-05 18:00:00 - Kedungupit,65.88
2026-03-06 06:00:00 - Kedungupit,66.06
2026-03-06 12:00:00 - Kedungupit,66.03
2026-03-06 18:00:00 - Kedungupit,65.88
2026-03-07 06:00:00 - Kedungupit,66.06
2026-03-07 12:00:00 - Kedungupit,66.03
2026-03-07 18:00:00 - Kedungupit,65.88
2026-03-08 06:00:00 - Kedungupit,66.06
2026-03-08 12:00:00 - Kedungupit,66.03
2026-03-08 18:00:00 - Kedungupit,65.88
2026-03-09 06:00:00 - Kedungupit,66.06
2026-03-09 12:00:00 - Kedungupit,66.03
2026-03-09 18:00:00 - Kedungupit,65.88
2026-03-10 06:00:00 - Kedungupit,66.06
2026-03-10 12:00:00 - Kedungupit,66.03
2026-03-10 18:00:00 - Kedungupit,65.88
2026-03-11 06:00:00 - Kedungupit,66.06
2026-03-11 12:00:00 - Kedungupit,66.03
2026-03-11 18:00:00 - Kedungupit,65.88
2026-03-12 06:00:00 - Kedungupit,66.06
2026-03-12 12:00:00 - Kedungupit,66.03
2026-03-12 18:00:00 - Kedungupit,65.88
2026-03-13 06:00:00 - Kedungupit,66.06
2026-03-13 12:00:00 - Kedungupit,66.03
2026-03-13 18:00:00 - Kedungupit,65.88
2026-03-14 06:00:00 - Kedungupit,66.06
2026-03-14 12:00:00 - Kedungupit,66.03
2026-03-14 18:00:00 - Kedungupit,65.88
2026-03-15 06:00:00 - Kedungupit,66.06
2026-03-15 12:00:00 - Kedungupit,66.03
2026-03-15 18:00:00 - Kedungupit,65.88
2026-03-16 06:00:00 - Kedungupit,66.06
2026-03-16 12:00:00 - Kedungupit,66.03
2026-03-16 18:00:00 - Kedungupit,65.88
2026-03-17 06:00:00 - Kedungupit,66.06
2026-03-17 12:00:00 - Kedungupit,66.03
2026-03-17 18:00:00 - Kedungupit,65.88
2026-03-18 06:00:00 - Kedungupit,66.06
2026-03-18 12:00:00 - Kedungupit,66.03
2026-03-18 18:00:00 - Kedungupit,65.88
2026-03-19 06:00:00 - Kedungupit,66.06
2026-03-19 12:00:00 - Kedungupit,66.03
2026-03-19 18:00:00 - Kedungupit,65.88
2026-03-20 06:00:00 - Kedungupit,66.06
2026-03-20 12:00:00 - Kedungupit,66.03
2026-03-20 18:00:00 - Kedungupit,65.88
2026-03-21 06:00:00 - Kedungupit,66.06
2026-03-21 12:00:00 - Kedungupit,66.03
2026-03-21 18:00:00 - Kedungupit,65.88
2026-03-22 06:00:00 - Kedungupit,66.06
2026-03-22 12:00:00 - Kedungupit,66.03
2026-03-22 18:00:00 - Kedungupit,65.88
2026-03-23 06:00:00 - Kedungupit,66.06
2026-03-23 12:00:00 - Kedungupit,66.03
2026-03-23 18:00:00 - Kedungupit,65.88
2026-03-24 06:00:00 - Kedungupit,66.06
2026-03-24 12:00:00 - Kedungupit,66.03
2026-03-24 18:00:00 - Kedungupit,65.88
2026-03-25 06:00:00 - Kedungupit,66.06
2026-03-25 12:00:00 - Kedungupit,66.03
2026-03-25 18:00:00 - Kedungupit,65.88
2026-03-26 06:00:00 - Kedungupit,66.06
2026-03-26 12:00:00 - Kedungupit,66.03
2026-03-26 18:00:00 - Kedungupit,65.88
2026-03-27 06:00:00 - Kedungupit,66.06
2026-03-27 12:00:00 - Kedungupit,66.03
2026-03-27 18:00:00 - Kedungupit,65.88
2026-03-28 06:00:00 - Kedungupit,66.06
2026-03-28 12:00:00 - Kedungupit,66.03
2026-03-28 18:00:00 - Kedungupit,65.88
2026-03-29 06:00:00 - Kedungupit,66.06
2026-03-29 12:00:00 - Kedungupit,66.03
2026-03-29 18:00:00 - Kedungupit,65.88
2026-03-30 06:00:00 - Kedungupit,66.06
2026-03-30 12:00:00 - Kedungupit,66.03
2026-03-30 18:00:00 - Kedungupit,65.88
2026-03-31 06:00:00 - Kedungupit,66.06
2026-03-31 12:00:00 - Kedungupit,66.03
2026-03-31 18:00:00 - Kedungupit,65.88
2026-04-01 06:00:00 - Kedungupit,64.905
2026-04-01 12:00:00 - Kedungupit,64.875
2026-04-01 18:00:00 - Kedungupit,64.74
2026-04-02 06:00:00 - Kedungupit,64.905
2026-04-02 12:00:00 - Kedungupit,64.875
2026-04-02 18:00:00 - Kedungupit,64.74
2026-04-03 06:00:00 - Kedungupit,64.905
2026-04-03 12:00:00 - Kedungupit,64.875
2026-04-03 18:00:00 - Kedungupit,64.74
2026-04-04 06:00:00 - Kedungupit,64.905
2026-04-04 12:00:00 - Kedungupit,64.875
2026-04-04 18:00:00 - Kedungupit,64.74
2026-04-05 06:00:00 - Kedungupit,64.905
2026-04-05 12:00:00 - Kedungupit,64.875
2026-04-05 18:00:00 - Kedungupit,64.74
2026-04-06 06:00:00 - Kedungupit,64.905
2026-04-06 12:00:00 - Kedungupit,64.875
2026-04-06 18:00:00 - Kedungupit,64.74
2026-04-07 06:00:00 - Kedungupit,64.905
2026-04-07 12:00:00 - Kedungupit,64.875
2026-04-07 18:00:00 - Kedungupit,64.74
2026-04-08 06:00:00 - Kedungupit,64.905
2026-04-08 12:00:00 - Kedungupit,64.875
2026-04-08 18:00:00 - Kedungupit,64.74
2026-04-09 06:00:00 - Kedungupit,64.905
2026-04-09 12:00:00 - Kedungupit,64.875
2026-04-09 18:00:00 - Kedungupit,64.74
2026-04-10 06:00:00 - Kedungupit,64.905
2026-04-10 12:00:00 - Kedungupit,64.875
2026-04-10 18:00:00 - Kedungupit,64.74
2026-04-11 06:00:00 - Kedungupit,64.905
2026-04-11 12:00:00 - Kedungupit,64.875
2026-04-11 18:00:00 - Kedungupit,64.74
2026-04-12 06:00:00 - Kedungupit,64.905
2026-04-12 12:00:00 - Kedungupit,64.875
2026-04-12 18:00:00 - Kedungupit,64.74
2026-04-13 06:00:00 - Kedungupit,64.905
2026-04-13 12:00:00 - Kedungupit,64.875
2026-04-13 18:00:00 - Kedungupit,64.74
2026-04-14 06:00:00 - Kedungupit,64.905
2026-04-14 12:00:00 - Kedungupit,64.875
2026-04-14 18:00:00 - Kedungupit,64.74
2026-04-15 06:00:00 - Kedungupit,64.905
2026-04-15 12:00:00 - Kedungupit,64.875
2026-04-15 18:00:00 - Kedungupit,64.74
2026-04-16 06:00:00 - Kedungupit,64.905
2026-04-16 12:00:00 - Kedungupit,64.875
2026-04-16 18:00:00 - Kedungupit,64.74
2026-04-17 06:00:00 - Kedungupit,64.905
2026-04-17 12:00:00 - Kedungupit,64.875
2026-04-17 18:00:00 - Kedungupit,64.74
2026-04-18 06:00:00 - Kedungupit,64.905
2026-04-18 12:00:00 - Kedungupit,64.875
2026-04-18 18:00:00 - Kedungupit,64.74
2026-04-19 06:00:00 - Kedungupit,64.905
2026-04-19 12:00:00 - Kedungupit,64.875
2026-04-19 18:00:00 - Kedungupit,64.74
2026-04-20 06:00:00 - Kedungupit,64.905
2026-04-20 12:00:00 - Kedungupit,64.875
2026-04-20 18:00:00 - Kedungupit,64.74
2026-04-21 06:00:00 - Kedungupit,64.905
2026-04-21 12:00:00 - Kedungupit,64.875
2026-04-21 18:00:00 - Kedungupit,64.74
2026-04-22 06:00:00 - Kedungupit,64.905
2026-04-22 12:00:00 - Kedungupit,64.875
2026-04-22 18:00:00 - Kedungupit,64.74
2026-04-23 06:00:00 - Kedungupit,64.905
2026-04-23 12:00:00 - Kedungupit,64.875
2026-04-23 18:00:00 - Kedungupit,64.74
2026-04-24 06:00:00 - Kedungupit,64.905
2026-04-24 12:00:00 - Kedungupit,64.875
2026-04-24 18:00:00 - Kedungupit,64.74
2026-04-25 06:00:00 - Kedungupit,64.905
2026-04-25 12:00:00 - Kedungupit,64.875
2026-04-25 18:00:00 - Kedungupit,64.74
2026-04-26 06:00:00 - Kedungupit,64.905
2026-04-26 12:00:00 - Kedungupit,64.875
2026-04-26 18:00:00 - Kedungupit,64.74
2026-04-27 06:00:00 - Kedungupit,64.905
2026-04-27 12:00:00 - Kedungupit,64.875
2026-04-27 18:00:00 - Kedungupit,64.74
2026-04-28 06:00:00 - Kedungupit,64.905
2026-04-28 12:00:00 - Kedungupit,64.875
2026-04-28 18:00:00 - Kedungupit,64.74
2026-04-29 06:00:00 - Kedungupit,64.905
2026-04-29 12:00:00 - Kedungupit,64.875
2026-04-29 18:00:00 - Kedungupit,64.74
2026-04-30 06:00:00 - Kedungupit,64.905
2026-04-30 12:00:00 - Kedungupit,64.875
2026-04-30 18:00:00 - Kedungupit,64.74
2026-05-01 06:00:00 - Kedungupit,64.54
2026-05-01 12:00:00 - Kedungupit,64.46
2026-05-01 18:00:00 - Kedungupit,64.58
2026-05-02 06:00:00 - Kedungupit,64.54
2026-05-02 12:00:00 - Kedungupit,64.46
2026-05-02 18:00:00 - Kedungupit,64.58
2026-05-03 06:00:00 - Kedungupit,64.54
2026-05-03 12:00:00 - Kedungupit,64.46
2026-05-03 18:00:00 - Kedungupit,64.58
2026-05-04 06:00:00 - Kedungupit,64.54
2026-05-04 12:00:00 - Kedungupit,64.46
2026-05-04 18:00:00 - Kedungupit,64.58
2026-05-05 06:00:00 - Kedungupit,64.54
2026-05-05 12:00:00 - Kedungupit,64.46
2026-05-05 18:00:00 - Kedungupit,64.58
2026-05-06 06:00:00 - Kedungupit,64.54
2026-05-06 12:00:00 - Kedungupit,64.46
2026-05-06 18:00:00 - Kedungupit,64.58
2026-05-07 06:00:00 - Kedungupit,64.54
2026-05-07 12:00:00 - Kedungupit,64.46
2026-05-07 18:00:00 - Kedungupit,64.58
2026-05-08 06:00:00 - Kedungupit,64.54
2026-05-08 12:00:00 - Kedungupit,64.46
2026-05-08 18:00:00 - Kedungupit,64.58
2026-05-09 06:00:00 - Kedungupit,64.54
2026-05-09 12:00:00 - Kedungupit,64.46
2026-05-09 18:00:00 - Kedungupit,64.58
2026-05-10 06:00:00 - Kedungupit,64.54
2026-05-10 12:00:00 - Kedungupit,64.46
2026-05-10 18:00:00 - Kedungupit,64.58
2026-05-11 06:00:00 - Kedungupit,64.54
2026-05-11 12:00:00 - Kedungupit,64.46
2026-05-11 18:00:00 - Kedungupit,64.58
2026-05-12 06:00:00 - Kedungupit,64.54
2026-05-12 12:00:00 - Kedungupit,64.46
2026-05-12 18:00:00 - Kedungupit,64.58
2026-05-13 06:00:00 - Kedungupit,64.54
2026-05-13 12:00:00 - Kedungupit,64.46
2026-05-13 18:00:00 - Kedungupit,64.58
2026-05-14 06:00:00 - Kedungupit,64.54
2026-05-14 12:00:00 - Kedungupit,64.46
2026-05-14 18:00:00 - Kedungupit,64.58
2026-05-15 06:00:00 - Kedungupit,64.54
2026-05-15 12:00:00 - Kedungupit,64.46
2026-05-15 18:00:00 - Kedungupit,64.58
2026-05-16 06:00:00 - Kedungupit,64.54
2026-05-16 12:00:00 - Kedungupit,64.46
2026-05-16 18:00:00 - Kedungupit,64.58
2026-05-17 06:00:00 - Kedungupit,64.54
2026-05-17 12:00:00 - Kedungupit,64.46
2026-05-17 18:00:00 - Kedungupit,64.58
2026-05-18 06:00:00 - Kedungupit,64.54
2026-05-18 12:00:00 - Kedungupit,64.46
2026-05-18 18:00:00 - Kedungupit,64.58
2025-09-19 06:00:00 - Ketonggo,35.805
2025-09-19 12:00:00 - Ketonggo,35.80887785717435
2025-09-19 18:00:00 - Ketonggo,35.845
2025-09-20 06:00:00 - Ketonggo,35.805
2025-09-20 12:00:00 - Ketonggo,35.80887785717435
2025-09-20 18:00:00 - Ketonggo,35.845
2025-09-21 06:00:00 - Ketonggo,35.805
2025-09-21 12:00:00 - Ketonggo,35.80887785717435
2025-09-21 18:00:00 - Ketonggo,35.845
2025-09-22 06:00:00 - Ketonggo,35.805
2025-09-22 12:00:00 - Ketonggo,35.80887785717435
2025-09-22 18:00:00 - Ketonggo,35.845
2025-09-23 06:00:00 - Ketonggo,35.805
2025-09-23 12:00:00 - Ketonggo,35.80887785717435
2025-09-23 18:00:00 - Ketonggo,35.845
2025-09-24 06:00:00 - Ketonggo,35.805
2025-09-24 12:00:00 - Ketonggo,35.80887785717435
2025-09-24 18:00:00 - Ketonggo,35.845
2025-09-25 06:00:00 - Ketonggo,35.805
2025-09-25 12:00:00 - Ketonggo,35.80887785717435
2025-09-25 18:00:00 - Ketonggo,35.845
2025-09-26 06:00:00 - Ketonggo,35.805
2025-09-26 12:00:00 - Ketonggo,35.80887785717435
2025-09-26 18:00:00 - Ketonggo,35.845
2025-09-27 06:00:00 - Ketonggo,35.805
2025-09-27 12:00:00 - Ketonggo,35.80887785717435
2025-09-27 18:00:00 - Ketonggo,35.845
2025-09-28 06:00:00 - Ketonggo,35.805
2025-09-28 12:00:00 - Ketonggo,35.80887785717435
2025-09-28 18:00:00 - Ketonggo,35.845
2025-09-29 06:00:00 - Ketonggo,35.805
2025-09-29 12:00:00 - Ketonggo,35.80887785717435
2025-09-29 18:00:00 - Ketonggo,35.845
2025-09-30 06:00:00 - Ketonggo,35.805
2025-09-30 12:00:00 - Ketonggo,35.80887785717435
2025-09-30 18:00:00 - Ketonggo,35.845
2025-10-01 06:00:00 - Ketonggo,35.70222757032812
2025-10-01 12:00:00 - Ketonggo,35.7
2025-10-01 18:00:00 - Ketonggo,35.69
2025-10-02 06:00:00 - Ketonggo,35.70222757032812
2025-10-02 12:00:00 - Ketonggo,35.7
2025-10-02 18:00:00 - Ketonggo,35.69
2025-10-03 06:00:00 - Ketonggo,35.70222757032812
2025-10-03 12:00:00 - Ketonggo,35.7
2025-10-03 18:00:00 - Ketonggo,35.69
2025-10-04 06:00:00 - Ketonggo,35.70222757032812
2025-10-04 12:00:00 - Ketonggo,35.7
2025-10-04 18:00:00 - Ketonggo,35.69
2025-10-05 06:00:00 - Ketonggo,35.70222757032812
2025-10-05 12:00:00 - Ketonggo,35.7
2025-10-05 18:00:00 - Ketonggo,35.69
2025-10-06 06:00:00 - Ketonggo,35.70222757032812
2025-10-06 12:00:00 - Ketonggo,35.7
2025-10-06 18:00:00 - Ketonggo,35.69
2025-10-07 06:00:00 - Ketonggo,35.70222757032812
2025-10-07 12:00:00 - Ketonggo,35.7
2025-10-07 18:00:00 - Ketonggo,35.69
2025-10-08 06:00:00 - Ketonggo,35.70222757032812
2025-10-08 12:00:00 - Ketonggo,35.7
2025-10-08 18:00:00 - Ketonggo,35.69
2025-10-09 06:00:00 - Ketonggo,35.70222757032812
2025-10-09 12:00:00 - Ketonggo,35.7
2025-10-09 18:00:00 - Ketonggo,35.69
2025-10-10 06:00:00 - Ketonggo,35.70222757032812
2025-10-10 12:00:00 - Ketonggo,35.7
2025-10-10 18:00:00 - Ketonggo,35.69
2025-10-11 06:00:00 - Ketonggo,35.70222757032812
2025-10-11 12:00:00 - Ketonggo,35.7
2025-10-11 18:00:00 - Ketonggo,35.69
2025-10-12 06:00:00 - Ketonggo,35.70222757032812
2025-10-12 12:00:00 - Ketonggo,35.7
2025-10-12 18:00:00 - Ketonggo,35.69
2025-10-13 06:00:00 - Ketonggo,35.70222757032812
2025-10-13 12:00:00 - Ketonggo,35.7
2025-10-13 18:00:00 - Ketonggo,35.69
2025-10-14 06:00:00 - Ketonggo,35.70222757032812
2025-10-14 12:00:00 - Ketonggo,35.7
2025-10-14 18:00:00 - Ketonggo,35.69
2025-10-15 06:00:00 - Ketonggo,35.70222757032812
2025-10-15 12:00:00 - Ketonggo,35.7
2025-10-15 18:00:00 - Ketonggo,35.69
2025-10-16 06:00:00 - Ketonggo,35.70222757032812
2025-10-16 12:00:00 - Ketonggo,35.7
2025-10-16 18:00:00 - Ketonggo,35.69
2025-10-17 06:00:00 - Ketonggo,35.70222757032812
2025-10-17 12:00:00 - Ketonggo,35.7
2025-10-17 18:00:00 - Ketonggo,35.69
2025-10-18 06:00:00 - Ketonggo,35.70222757032812
2025-10-18 12:00:00 - Ketonggo,35.7
2025-10-18 18:00:00 - Ketonggo,35.69
2025-10-19 06:00:00 - Ketonggo,35.70222757032812
2025-10-19 12:00:00 - Ketonggo,35.7
2025-10-19 18:00:00 - Ketonggo,35.69
2025-10-20 06:00:00 - Ketonggo,35.70222757032812
2025-10-20 12:00:00 - Ketonggo,35.7
2025-10-20 18:00:00 - Ketonggo,35.69
2025-10-21 06:00:00 - Ketonggo,35.70222757032812
2025-10-21 12:00:00 - Ketonggo,35.7
2025-10-21 18:00:00 - Ketonggo,35.69
2025-10-22 06:00:00 - Ketonggo,35.70222757032812
2025-10-22 12:00:00 - Ketonggo,35.7
2025-10-22 18:00:00 - Ketonggo,35.69
2025-10-23 06:00:00 - Ketonggo,35.70222757032812
2025-10-23 12:00:00 - Ketonggo,35.7
2025-10-23 18:00:00 - Ketonggo,35.69
2025-10-24 06:00:00 - Ketonggo,35.70222757032812
2025-10-24 12:00:00 - Ketonggo,35.7
2025-10-24 18:00:00 - Ketonggo,35.69
2025-10-25 06:00:00 - Ketonggo,35.70222757032812
2025-10-25 12:00:00 - Ketonggo,35.7
2025-10-25 18:00:00 - Ketonggo,35.69
2025-10-26 06:00:00 - Ketonggo,35.70222757032812
2025-10-26 12:00:00 - Ketonggo,35.7
2025-10-26 18:00:00 - Ketonggo,35.69
2025-10-27 06:00:00 - Ketonggo,35.70222757032812
2025-10-27 12:00:00 - Ketonggo,35.7
2025-10-27 18:00:00 - Ketonggo,35.69
2025-10-28 06:00:00 - Ketonggo,35.70222757032812
2025-10-28 12:00:00 - Ketonggo,35.7
2025-10-28 18:00:00 - Ketonggo,35.69
2025-10-29 06:00:00 - Ketonggo,35.70222757032812
2025-10-29 12:00:00 - Ketonggo,35.7
2025-10-29 18:00:00 - Ketonggo,35.69
2025-10-30 06:00:00 - Ketonggo,35.70222757032812
2025-10-30 12:00:00 - Ketonggo,35.7
2025-10-30 18:00:00 - Ketonggo,35.69
2025-10-31 06:00:00 - Ketonggo,35.70222757032812
2025-10-31 12:00:00 - Ketonggo,35.7
2025-10-31 18:00:00 - Ketonggo,35.69
2025-11-01 06:00:00 - Ketonggo,36.492208101187316
2025-11-01 12:00:00 - Ketonggo,36.62516976738446
2025-11-01 18:00:00 - Ketonggo,36.64
2025-11-02 06:00:00 - Ketonggo,36.492208101187316
2025-11-02 12:00:00 - Ketonggo,36.62516976738446
2025-11-02 18:00:00 - Ketonggo,36.64
2025-11-03 06:00:00 - Ketonggo,36.492208101187316
2025-11-03 12:00:00 - Ketonggo,36.62516976738446
2025-11-03 18:00:00 - Ketonggo,36.64
2025-11-04 06:00:00 - Ketonggo,36.492208101187316
2025-11-04 12:00:00 - Ketonggo,36.62516976738446
2025-11-04 18:00:00 - Ketonggo,36.64
2025-11-05 06:00:00 - Ketonggo,36.492208101187316
2025-11-05 12:00:00 - Ketonggo,36.62516976738446
2025-11-05 18:00:00 - Ketonggo,36.64
2025-11-06 06:00:00 - Ketonggo,36.492208101187316
2025-11-06 12:00:00 - Ketonggo,36.62516976738446
2025-11-06 18:00:00 - Ketonggo,36.64
2025-11-07 06:00:00 - Ketonggo,36.492208101187316
2025-11-07 12:00:00 - Ketonggo,36.62516976738446
2025-11-07 18:00:00 - Ketonggo,36.64
2025-11-08 06:00:00 - Ketonggo,36.492208101187316
2025-11-08 12:00:00 - Ketonggo,36.62516976738446
2025-11-08 18:00:00 - Ketonggo,36.64
2025-11-09 06:00:00 - Ketonggo,36.492208101187316
2025-11-09 12:00:00 - Ketonggo,36.62516976738446
2025-11-09 18:00:00 - Ketonggo,36.64
2025-11-10 06:00:00 - Ketonggo,36.492208101187316
2025-11-10 12:00:00 - Ketonggo,36.62516976738446
2025-11-10 18:00:00 - Ketonggo,36.64
2025-11-11 06:00:00 - Ketonggo,36.492208101187316
2025-11-11 12:00:00 - Ketonggo,36.62516976738446
2025-11-11 18:00:00 - Ketonggo,36.64
2025-11-12 06:00:00 - Ketonggo,36.492208101187316
2025-11-12 12:00:00 - Ketonggo,36.62516976738446
2025-11-12 18:00:00 - Ketonggo,36.64
2025-11-13 06:00:00 - Ketonggo,36.492208101187316
2025-11-13 12:00:00 - Ketonggo,36.62516976738446
2025-11-13 18:00:00 - Ketonggo,36.64
2025-11-14 06:00:00 - Ketonggo,36.492208101187316
2025-11-14 12:00:00 - Ketonggo,36.62516976738446
2025-11-14 18:00:00 - Ketonggo,36.64
2025-11-15 06:00:00 - Ketonggo,36.492208101187316
2025-11-15 12:00:00 - Ketonggo,36.62516976738446
2025-11-15 18:00:00 - Ketonggo,36.64
2025-11-16 06:00:00 - Ketonggo,36.492208101187316
2025-11-16 12:00:00 - Ketonggo,36.62516976738446
2025-11-16 18:00:00 - Ketonggo,36.64
2025-11-17 06:00:00 - Ketonggo,36.492208101187316
2025-11-17 12:00:00 - Ketonggo,36.62516976738446
2025-11-17 18:00:00 - Ketonggo,36.64
2025-11-18 06:00:00 - Ketonggo,36.492208101187316
2025-11-18 12:00:00 - Ketonggo,36.62516976738446
2025-11-18 18:00:00 - Ketonggo,36.64
2025-11-19 06:00:00 - Ketonggo,36.492208101187316
2025-11-19 12:00:00 - Ketonggo,36.62516976738446
2025-11-19 18:00:00 - Ketonggo,36.64
2025-11-20 06:00:00 - Ketonggo,36.492208101187316
2025-11-20 12:00:00 - Ketonggo,36.62516976738446
2025-11-20 18:00:00 - Ketonggo,36.64
2025-11-21 06:00:00 - Ketonggo,36.492208101187316
2025-11-21 12:00:00 - Ketonggo,36.62516976738446
2025-11-21 18:00:00 - Ketonggo,36.64
2025-11-22 06:00:00 - Ketonggo,36.492208101187316
2025-11-22 12:00:00 - Ketonggo,36.62516976738446
2025-11-22 18:00:00 - Ketonggo,36.64
2025-11-23 06:00:00 - Ketonggo,36.492208101187316
2025-11-23 12:00:00 - Ketonggo,36.62516976738446
2025-11-23 18:00:00 - Ketonggo,36.64
2025-11-24 06:00:00 - Ketonggo,36.492208101187316
2025-11-24 12:00:00 - Ketonggo,36.62516976738446
2025-11-24 18:00:00 - Ketonggo,36.64
2025-11-25 06:00:00 - Ketonggo,36.492208101187316
2025-11-25 12:00:00 - Ketonggo,36.62516976738446
2025-11-25 18:00:00 - Ketonggo,36.64
2025-11-26 06:00:00 - Ketonggo,36.492208101187316
2025-11-26 12:00:00 - Ketonggo,36.62516976738446
2025-11-26 18:00:00 - Ketonggo,36.64
2025-11-27 06:00:00 - Ketonggo,36.492208101187316
2025-11-27 12:00:00 - Ketonggo,36.62516976738446
2025-11-27 18:00:00 - Ketonggo,36.64
2025-11-28 06:00:00 - Ketonggo,36.492208101187316
2025-11-28 12:00:00 - Ketonggo,36.62516976738446
2025-11-28 18:00:00 - Ketonggo,36.64
2025-11-29 06:00:00 - Ketonggo,36.492208101187316
2025-11-29 12:00:00 - Ketonggo,36.62516976738446
2025-11-29 18:00:00 - Ketonggo,36.64
2025-11-30 06:00:00 - Ketonggo,36.492208101187316
2025-11-30 12:00:00 - Ketonggo,36.62516976738446
2025-11-30 18:00:00 - Ketonggo,36.64
2025-12-01 06:00:00 - Ketonggo,37.89
2025-12-01 12:00:00 - Ketonggo,37.94
2025-12-01 18:00:00 - Ketonggo,37.79
2025-12-02 06:00:00 - Ketonggo,37.89
2025-12-02 12:00:00 - Ketonggo,37.94
2025-12-02 18:00:00 - Ketonggo,37.79
2025-12-03 06:00:00 - Ketonggo,37.89
2025-12-03 12:00:00 - Ketonggo,37.94
2025-12-03 18:00:00 - Ketonggo,37.79
2025-12-04 06:00:00 - Ketonggo,37.89
2025-12-04 12:00:00 - Ketonggo,37.94
2025-12-04 18:00:00 - Ketonggo,37.79
2025-12-05 06:00:00 - Ketonggo,37.89
2025-12-05 12:00:00 - Ketonggo,37.94
2025-12-05 18:00:00 - Ketonggo,37.79
2025-12-06 06:00:00 - Ketonggo,37.89
2025-12-06 12:00:00 - Ketonggo,37.94
2025-12-06 18:00:00 - Ketonggo,37.79
2025-12-07 06:00:00 - Ketonggo,37.89
2025-12-07 12:00:00 - Ketonggo,37.94
2025-12-07 18:00:00 - Ketonggo,37.79
2025-12-08 06:00:00 - Ketonggo,37.89
2025-12-08 12:00:00 - Ketonggo,37.94
2025-12-08 18:00:00 - Ketonggo,37.79
2025-12-09 06:00:00 - Ketonggo,37.89
2025-12-09 12:00:00 - Ketonggo,37.94
2025-12-09 18:00:00 - Ketonggo,37.79
2025-12-10 06:00:00 - Ketonggo,37.89
2025-12-10 12:00:00 - Ketonggo,37.94
2025-12-10 18:00:00 - Ketonggo,37.79
2025-12-11 06:00:00 - Ketonggo,37.89
2025-12-11 12:00:00 - Ketonggo,37.94
2025-12-11 18:00:00 - Ketonggo,37.79
2025-12-12 06:00:00 - Ketonggo,37.89
2025-12-12 12:00:00 - Ketonggo,37.94
2025-12-12 18:00:00 - Ketonggo,37.79
2025-12-13 06:00:00 - Ketonggo,37.89
2025-12-13 12:00:00 - Ketonggo,37.94
2025-12-13 18:00:00 - Ketonggo,37.79
2025-12-14 06:00:00 - Ketonggo,37.89
2025-12-14 12:00:00 - Ketonggo,37.94
2025-12-14 18:00:00 - Ketonggo,37.79
2025-12-15 06:00:00 - Ketonggo,37.89
2025-12-15 12:00:00 - Ketonggo,37.94
2025-12-15 18:00:00 - Ketonggo,37.79
2025-12-16 06:00:00 - Ketonggo,37.89
2025-12-16 12:00:00 - Ketonggo,37.94
2025-12-16 18:00:00 - Ketonggo,37.79
2025-12-17 06:00:00 - Ketonggo,37.89
2025-12-17 12:00:00 - Ketonggo,37.94
2025-12-17 18:00:00 - Ketonggo,37.79
2025-12-18 06:00:00 - Ketonggo,37.89
2025-12-18 12:00:00 - Ketonggo,37.94
2025-12-18 18:00:00 - Ketonggo,37.79
2025-12-19 06:00:00 - Ketonggo,37.89
2025-12-19 12:00:00 - Ketonggo,37.94
2025-12-19 18:00:00 - Ketonggo,37.79
2025-12-20 06:00:00 - Ketonggo,37.89
2025-12-20 12:00:00 - Ketonggo,37.94
2025-12-20 18:00:00 - Ketonggo,37.79
2025-12-21 06:00:00 - Ketonggo,37.89
2025-12-21 12:00:00 - Ketonggo,37.94
2025-12-21 18:00:00 - Ketonggo,37.79
2025-12-22 06:00:00 - Ketonggo,37.89
2025-12-22 12:00:00 - Ketonggo,37.94
2025-12-22 18:00:00 - Ketonggo,37.79
2025-12-23 06:00:00 - Ketonggo,37.89
2025-12-23 12:00:00 - Ketonggo,37.94
2025-12-23 18:00:00 - Ketonggo,37.79
2025-12-24 06:00:00 - Ketonggo,37.89
2025-12-24 12:00:00 - Ketonggo,37.94
2025-12-24 18:00:00 - Ketonggo,37.79
2025-12-25 06:00:00 - Ketonggo,37.89
2025-12-25 12:00:00 - Ketonggo,37.94
2025-12-25 18:00:00 - Ketonggo,37.79
2025-12-26 06:00:00 - Ketonggo,37.89
2025-12-26 12:00:00 - Ketonggo,37.94
2025-12-26 18:00:00 - Ketonggo,37.79
2025-12-27 06:00:00 - Ketonggo,37.89
2025-12-27 12:00:00 - Ketonggo,37.94
2025-12-27 18:00:00 - Ketonggo,37.79
2025-12-28 06:00:00 - Ketonggo,37.89
2025-12-28 12:00:00 - Ketonggo,37.94
2025-12-28 18:00:00 - Ketonggo,37.79
2025-12-29 06:00:00 - Ketonggo,37.89
2025-12-29 12:00:00 - Ketonggo,37.94
2025-12-29 18:00:00 - Ketonggo,37.79
2025-12-30 06:00:00 - Ketonggo,37.89
2025-12-30 12:00:00 - Ketonggo,37.94
2025-12-30 18:00:00 - Ketonggo,37.79
2025-12-31 06:00:00 - Ketonggo,37.89
2025-12-31 12:00:00 - Ketonggo,37.94
2025-12-31 18:00:00 - Ketonggo,37.79
2026-01-01 06:00:00 - Ketonggo,38.54
2026-01-01 12:00:00 - Ketonggo,38.29
2026-01-01 18:00:00 - Ketonggo,38.24
2026-01-02 06:00:00 - Ketonggo,38.54
2026-01-02 12:00:00 - Ketonggo,38.29
2026-01-02 18:00:00 - Ketonggo,38.24
2026-01-03 06:00:00 - Ketonggo,38.54
2026-01-03 12:00:00 - Ketonggo,38.29
2026-01-03 18:00:00 - Ketonggo,38.24
2026-01-04 06:00:00 - Ketonggo,38.54
2026-01-04 12:00:00 - Ketonggo,38.29
2026-01-04 18:00:00 - Ketonggo,38.24
2026-01-05 06:00:00 - Ketonggo,38.54
2026-01-05 12:00:00 - Ketonggo,38.29
2026-01-05 18:00:00 - Ketonggo,38.24
2026-01-06 06:00:00 - Ketonggo,38.54
2026-01-06 12:00:00 - Ketonggo,38.29
2026-01-06 18:00:00 - Ketonggo,38.24
2026-01-07 06:00:00 - Ketonggo,38.54
2026-01-07 12:00:00 - Ketonggo,38.29
2026-01-07 18:00:00 - Ketonggo,38.24
2026-01-08 06:00:00 - Ketonggo,38.54
2026-01-08 12:00:00 - Ketonggo,38.29
2026-01-08 18:00:00 - Ketonggo,38.24
2026-01-09 06:00:00 - Ketonggo,38.54
2026-01-09 12:00:00 - Ketonggo,38.29
2026-01-09 18:00:00 - Ketonggo,38.24
2026-01-10 06:00:00 - Ketonggo,38.54
2026-01-10 12:00:00 - Ketonggo,38.29
2026-01-10 18:00:00 - Ketonggo,38.24
2026-01-11 06:00:00 - Ketonggo,38.54
2026-01-11 12:00:00 - Ketonggo,38.29
2026-01-11 18:00:00 - Ketonggo,38.24
2026-01-12 06:00:00 - Ketonggo,38.54
2026-01-12 12:00:00 - Ketonggo,38.29
2026-01-12 18:00:00 - Ketonggo,38.24
2026-01-13 06:00:00 - Ketonggo,38.54
2026-01-13 12:00:00 - Ketonggo,38.29
2026-01-13 18:00:00 - Ketonggo,38.24
2026-01-14 06:00:00 - Ketonggo,38.54
2026-01-14 12:00:00 - Ketonggo,38.29
2026-01-14 18:00:00 - Ketonggo,38.24
2026-01-15 06:00:00 - Ketonggo,38.54
2026-01-15 12:00:00 - Ketonggo,38.29
2026-01-15 18:00:00 - Ketonggo,38.24
2026-01-16 06:00:00 - Ketonggo,38.54
2026-01-16 12:00:00 - Ketonggo,38.29
2026-01-16 18:00:00 - Ketonggo,38.24
2026-01-17 06:00:00 - Ketonggo,38.54
2026-01-17 12:00:00 - Ketonggo,38.29
2026-01-17 18:00:00 - Ketonggo,38.24
2026-01-18 06:00:00 - Ketonggo,38.54
2026-01-18 12:00:00 - Ketonggo,38.29
2026-01-18 18:00:00 - Ketonggo,38.24
2026-01-19 06:00:00 - Ketonggo,38.54
2026-01-19 12:00:00 - Ketonggo,38.29
2026-01-19 18:00:00 - Ketonggo,38.24
2026-01-20 06:00:00 - Ketonggo,38.54
2026-01-20 12:00:00 - Ketonggo,38.29
2026-01-20 18:00:00 - Ketonggo,38.24
2026-01-21 06:00:00 - Ketonggo,38.54
2026-01-21 12:00:00 - Ketonggo,38.29
2026-01-21 18:00:00 - Ketonggo,38.24
2026-01-22 06:00:00 - Ketonggo,38.54
2026-01-22 12:00:00 - Ketonggo,38.29
2026-01-22 18:00:00 - Ketonggo,38.24
2026-01-23 06:00:00 - Ketonggo,38.54
2026-01-23 12:00:00 - Ketonggo,38.29
2026-01-23 18:00:00 - Ketonggo,38.24
2026-01-24 06:00:00 - Ketonggo,38.54
2026-01-24 12:00:00 - Ketonggo,38.29
2026-01-24 18:00:00 - Ketonggo,38.24
2026-01-25 06:00:00 - Ketonggo,38.54
2026-01-25 12:00:00 - Ketonggo,38.29
2026-01-25 18:00:00 - Ketonggo,38.24
2026-01-26 06:00:00 - Ketonggo,38.54
2026-01-26 12:00:00 - Ketonggo,38.29
2026-01-26 18:00:00 - Ketonggo,38.24
2026-01-27 06:00:00 - Ketonggo,38.54
2026-01-27 12:00:00 - Ketonggo,38.29
2026-01-27 18:00:00 - Ketonggo,38.24
2026-01-28 06:00:00 - Ketonggo,38.54
2026-01-28 12:00:00 - Ketonggo,38.29
2026-01-28 18:00:00 - Ketonggo,38.24
2026-01-29 06:00:00 - Ketonggo,38.54
2026-01-29 12:00:00 - Ketonggo,38.29
2026-01-29 18:00:00 - Ketonggo,38.24
2026-01-30 06:00:00 - Ketonggo,38.54
2026-01-30 12:00:00 - Ketonggo,38.29
2026-01-30 18:00:00 - Ketonggo,38.24
2026-01-31 06:00:00 - Ketonggo,38.54
2026-01-31 12:00:00 - Ketonggo,38.29
2026-01-31 18:00:00 - Ketonggo,38.24
2026-02-01 06:00:00 - Ketonggo,39.515
2026-02-01 12:00:00 - Ketonggo,39.00683809914872
2026-02-01 18:00:00 - Ketonggo,38.69
2026-02-02 06:00:00 - Ketonggo,39.515
2026-02-02 12:00:00 - Ketonggo,39.00683809914872
2026-02-02 18:00:00 - Ketonggo,38.69
2026-02-03 06:00:00 - Ketonggo,39.515
2026-02-03 12:00:00 - Ketonggo,39.00683809914872
2026-02-03 18:00:00 - Ketonggo,38.69
2026-02-04 06:00:00 - Ketonggo,39.515
2026-02-04 12:00:00 - Ketonggo,39.00683809914872
2026-02-04 18:00:00 - Ketonggo,38.69
2026-02-05 06:00:00 - Ketonggo,39.515
2026-02-05 12:00:00 - Ketonggo,39.00683809914872
2026-02-05 18:00:00 - Ketonggo,38.69
2026-02-06 06:00:00 - Ketonggo,39.515
2026-02-06 12:00:00 - Ketonggo,39.00683809914872
2026-02-06 18:00:00 - Ketonggo,38.69
2026-02-07 06:00:00 - Ketonggo,39.515
2026-02-07 12:00:00 - Ketonggo,39.00683809914872
2026-02-07 18:00:00 - Ketonggo,38.69
2026-02-08 06:00:00 - Ketonggo,39.515
2026-02-08 12:00:00 - Ketonggo,39.00683809914872
2026-02-08 18:00:00 - Ketonggo,38.69
2026-02-09 06:00:00 - Ketonggo,39.515
2026-02-09 12:00:00 - Ketonggo,39.00683809914872
2026-02-09 18:00:00 - Ketonggo,38.69
2026-02-10 06:00:00 - Ketonggo,39.515
2026-02-10 12:00:00 - Ketonggo,39.00683809914872
2026-02-10 18:00:00 - Ketonggo,38.69
2026-02-11 06:00:00 - Ketonggo,39.515
2026-02-11 12:00:00 - Ketonggo,39.00683809914872
2026-02-11 18:00:00 - Ketonggo,38.69
2026-02-12 06:00:00 - Ketonggo,39.515
2026-02-12 12:00:00 - Ketonggo,39.00683809914872
2026-02-12 18:00:00 - Ketonggo,38.69
2026-02-13 06:00:00 - Ketonggo,39.515
2026-02-13 12:00:00 - Ketonggo,39.00683809914872
2026-02-13 18:00:00 - Ketonggo,38.69
2026-02-14 06:00:00 - Ketonggo,39.515
2026-02-14 12:00:00 - Ketonggo,39.00683809914872
2026-02-14 18:00:00 - Ketonggo,38.69
2026-02-15 06:00:00 - Ketonggo,39.515
2026-02-15 12:00:00 - Ketonggo,39.00683809914872
2026-02-15 18:00:00 - Ketonggo,38.69
2026-02-16 06:00:00 - Ketonggo,39.515
2026-02-16 12:00:00 - Ketonggo,39.00683809914872
2026-02-16 18:00:00 - Ketonggo,38.69
2026-02-17 06:00:00 - Ketonggo,39.515
2026-02-17 12:00:00 - Ketonggo,39.00683809914872
2026-02-17 18:00:00 - Ketonggo,38.69
2026-02-18 06:00:00 - Ketonggo,39.515
2026-02-18 12:00:00 - Ketonggo,39.00683809914872
2026-02-18 18:00:00 - Ketonggo,38.69
2026-02-19 06:00:00 - Ketonggo,39.515
2026-02-19 12:00:00 - Ketonggo,39.00683809914872
2026-02-19 18:00:00 - Ketonggo,38.69
2026-02-20 06:00:00 - Ketonggo,39.515
2026-02-20 12:00:00 - Ketonggo,39.00683809914872
2026-02-20 18:00:00 - Ketonggo,38.69
2026-02-21 06:00:00 - Ketonggo,39.515
2026-02-21 12:00:00 - Ketonggo,39.00683809914872
2026-02-21 18:00:00 - Ketonggo,38.69
2026-02-22 06:00:00 - Ketonggo,39.515
2026-02-22 12:00:00 - Ketonggo,39.00683809914872
2026-02-22 18:00:00 - Ketonggo,38.69
2026-02-23 06:00:00 - Ketonggo,39.515
2026-02-23 12:00:00 - Ketonggo,39.00683809914872
2026-02-23 18:00:00 - Ketonggo,38.69
2026-02-24 06:00:00 - Ketonggo,39.515
2026-02-24 12:00:00 - Ketonggo,39.00683809914872
2026-02-24 18:00:00 - Ketonggo,38.69
2026-02-25 06:00:00 - Ketonggo,39.515
2026-02-25 12:00:00 - Ketonggo,39.00683809914872
2026-02-25 18:00:00 - Ketonggo,38.69
2026-02-26 06:00:00 - Ketonggo,39.515
2026-02-26 12:00:00 - Ketonggo,39.00683809914872
2026-02-26 18:00:00 - Ketonggo,38.69
2026-02-27 06:00:00 - Ketonggo,39.515
2026-02-27 12:00:00 - Ketonggo,39.00683809914872
2026-02-27 18:00:00 - Ketonggo,38.69
2026-02-28 06:00:00 - Ketonggo,39.515
2026-02-28 12:00:00 - Ketonggo,39.00683809914872
2026-02-28 18:00:00 - Ketonggo,38.69
2026-03-01 06:00:00 - Ketonggo,39.14
2026-03-01 12:00:00 - Ketonggo,39.08163041870646
2026-03-01 18:00:00 - Ketonggo,38.69
2026-03-02 06:00:00 - Ketonggo,39.14
2026-03-02 12:00:00 - Ketonggo,39.08163041870646
2026-03-02 18:00:00 - Ketonggo,38.69
2026-03-03 06:00:00 - Ketonggo,39.14
2026-03-03 12:00:00 - Ketonggo,39.08163041870646
2026-03-03 18:00:00 - Ketonggo,38.69
2026-03-04 06:00:00 - Ketonggo,39.14
2026-03-04 12:00:00 - Ketonggo,39.08163041870646
2026-03-04 18:00:00 - Ketonggo,38.69
2026-03-05 06:00:00 - Ketonggo,39.14
2026-03-05 12:00:00 - Ketonggo,39.08163041870646
2026-03-05 18:00:00 - Ketonggo,38.69
2026-03-06 06:00:00 - Ketonggo,39.14
2026-03-06 12:00:00 - Ketonggo,39.08163041870646
2026-03-06 18:00:00 - Ketonggo,38.69
2026-03-07 06:00:00 - Ketonggo,39.14
2026-03-07 12:00:00 - Ketonggo,39.08163041870646
2026-03-07 18:00:00 - Ketonggo,38.69
2026-03-08 06:00:00 - Ketonggo,39.14
2026-03-08 12:00:00 - Ketonggo,39.08163041870646
2026-03-08 18:00:00 - Ketonggo,38.69
2026-03-09 06:00:00 - Ketonggo,39.14
2026-03-09 12:00:00 - Ketonggo,39.08163041870646
2026-03-09 18:00:00 - Ketonggo,38.69
2026-03-10 06:00:00 - Ketonggo,39.14
2026-03-10 12:00:00 - Ketonggo,39.08163041870646
2026-03-10 18:00:00 - Ketonggo,38.69
2026-03-11 06:00:00 - Ketonggo,39.14
2026-03-11 12:00:00 - Ketonggo,39.08163041870646
2026-03-11 18:00:00 - Ketonggo,38.69
2026-03-12 06:00:00 - Ketonggo,39.14
2026-03-12 12:00:00 - Ketonggo,39.08163041870646
2026-03-12 18:00:00 - Ketonggo,38.69
2026-03-13 06:00:00 - Ketonggo,39.14
2026-03-13 12:00:00 - Ketonggo,39.08163041870646
2026-03-13 18:00:00 - Ketonggo,38.69
2026-03-14 06:00:00 - Ketonggo,39.14
2026-03-14 12:00:00 - Ketonggo,39.08163041870646
2026-03-14 18:00:00 - Ketonggo,38.69
2026-03-15 06:00:00 - Ketonggo,39.14
2026-03-15 12:00:00 - Ketonggo,39.08163041870646
2026-03-15 18:00:00 - Ketonggo,38.69
2026-03-16 06:00:00 - Ketonggo,39.14
2026-03-16 12:00:00 - Ketonggo,39.08163041870646
2026-03-16 18:00:00 - Ketonggo,38.69
2026-03-17 06:00:00 - Ketonggo,39.14
2026-03-17 12:00:00 - Ketonggo,39.08163041870646
2026-03-17 18:00:00 - Ketonggo,38.69
2026-03-18 06:00:00 - Ketonggo,39.14
2026-03-18 12:00:00 - Ketonggo,39.08163041870646
2026-03-18 18:00:00 - Ketonggo,38.69
2026-03-19 06:00:00 - Ketonggo,39.14
2026-03-19 12:00:00 - Ketonggo,39.08163041870646
2026-03-19 18:00:00 - Ketonggo,38.69
2026-03-20 06:00:00 - Ketonggo,39.14
2026-03-20 12:00:00 - Ketonggo,39.08163041870646
2026-03-20 18:00:00 - Ketonggo,38.69
2026-03-21 06:00:00 - Ketonggo,39.14
2026-03-21 12:00:00 - Ketonggo,39.08163041870646
2026-03-21 18:00:00 - Ketonggo,38.69
2026-03-22 06:00:00 - Ketonggo,39.14
2026-03-22 12:00:00 - Ketonggo,39.08163041870646
2026-03-22 18:00:00 - Ketonggo,38.69
2026-03-23 06:00:00 - Ketonggo,39.14
2026-03-23 12:00:00 - Ketonggo,39.08163041870646
2026-03-23 18:00:00 - Ketonggo,38.69
2026-03-24 06:00:00 - Ketonggo,39.14
2026-03-24 12:00:00 - Ketonggo,39.08163041870646
2026-03-24 18:00:00 - Ketonggo,38.69
2026-03-25 06:00:00 - Ketonggo,39.14
2026-03-25 12:00:00 - Ketonggo,39.08163041870646
2026-03-25 18:00:00 - Ketonggo,38.69
2026-03-26 06:00:00 - Ketonggo,39.14
2026-03-26 12:00:00 - Ketonggo,39.08163041870646
2026-03-26 18:00:00 - Ketonggo,38.69
2026-03-27 06:00:00 - Ketonggo,39.14
2026-03-27 12:00:00 - Ketonggo,39.08163041870646
2026-03-27 18:00:00 - Ketonggo,38.69
2026-03-28 06:00:00 - Ketonggo,39.14
2026-03-28 12:00:00 - Ketonggo,39.08163041870646
2026-03-28 18:00:00 - Ketonggo,38.69
2026-03-29 06:00:00 - Ketonggo,39.14
2026-03-29 12:00:00 - Ketonggo,39.08163041870646
2026-03-29 18:00:00 - Ketonggo,38.69
2026-03-30 06:00:00 - Ketonggo,39.14
2026-03-30 12:00:00 - Ketonggo,39.08163041870646
2026-03-30 18:00:00 - Ketonggo,38.69
2026-03-31 06:00:00 - Ketonggo,39.14
2026-03-31 12:00:00 - Ketonggo,39.08163041870646
2026-03-31 18:00:00 - Ketonggo,38.69
2026-04-01 06:00:00 - Ketonggo,38.365
2026-04-01 12:00:00 - Ketonggo,38.315
2026-04-01 18:00:00 - Ketonggo,38.06018492440161
2026-04-02 06:00:00 - Ketonggo,38.365
2026-04-02 12:00:00 - Ketonggo,38.315
2026-04-02 18:00:00 - Ketonggo,38.06018492440161
2026-04-03 06:00:00 - Ketonggo,38.365
2026-04-03 12:00:00 - Ketonggo,38.315
2026-04-03 18:00:00 - Ketonggo,38.06018492440161
2026-04-04 06:00:00 - Ketonggo,38.365
2026-04-04 12:00:00 - Ketonggo,38.315
2026-04-04 18:00:00 - Ketonggo,38.06018492440161
2026-04-05 06:00:00 - Ketonggo,38.365
2026-04-05 12:00:00 - Ketonggo,38.315
2026-04-05 18:00:00 - Ketonggo,38.06018492440161
2026-04-06 06:00:00 - Ketonggo,38.365
2026-04-06 12:00:00 - Ketonggo,38.315
2026-04-06 18:00:00 - Ketonggo,38.06018492440161
2026-04-07 06:00:00 - Ketonggo,38.365
2026-04-07 12:00:00 - Ketonggo,38.315
2026-04-07 18:00:00 - Ketonggo,38.06018492440161
2026-04-08 06:00:00 - Ketonggo,38.365
2026-04-08 12:00:00 - Ketonggo,38.315
2026-04-08 18:00:00 - Ketonggo,38.06018492440161
2026-04-09 06:00:00 - Ketonggo,38.365
2026-04-09 12:00:00 - Ketonggo,38.315
2026-04-09 18:00:00 - Ketonggo,38.06018492440161
2026-04-10 06:00:00 - Ketonggo,38.365
2026-04-10 12:00:00 - Ketonggo,38.315
2026-04-10 18:00:00 - Ketonggo,38.06018492440161
2026-04-11 06:00:00 - Ketonggo,38.365
2026-04-11 12:00:00 - Ketonggo,38.315
2026-04-11 18:00:00 - Ketonggo,38.06018492440161
2026-04-12 06:00:00 - Ketonggo,38.365
2026-04-12 12:00:00 - Ketonggo,38.315
2026-04-12 18:00:00 - Ketonggo,38.06018492440161
2026-04-13 06:00:00 - Ketonggo,38.365
2026-04-13 12:00:00 - Ketonggo,38.315
2026-04-13 18:00:00 - Ketonggo,38.06018492440161
2026-04-14 06:00:00 - Ketonggo,38.365
2026-04-14 12:00:00 - Ketonggo,38.315
2026-04-14 18:00:00 - Ketonggo,38.06018492440161
2026-04-15 06:00:00 - Ketonggo,38.365
2026-04-15 12:00:00 - Ketonggo,38.315
2026-04-15 18:00:00 - Ketonggo,38.06018492440161
2026-04-16 06:00:00 - Ketonggo,38.365
2026-04-16 12:00:00 - Ketonggo,38.315
2026-04-16 18:00:00 - Ketonggo,38.06018492440161
2026-04-17 06:00:00 - Ketonggo,38.365
2026-04-17 12:00:00 - Ketonggo,38.315
2026-04-17 18:00:00 - Ketonggo,38.06018492440161
2026-04-18 06:00:00 - Ketonggo,38.365
2026-04-18 12:00:00 - Ketonggo,38.315
2026-04-18 18:00:00 - Ketonggo,38.06018492440161
2026-04-19 06:00:00 - Ketonggo,38.365
2026-04-19 12:00:00 - Ketonggo,38.315
2026-04-19 18:00:00 - Ketonggo,38.06018492440161
2026-04-20 06:00:00 - Ketonggo,38.365
2026-04-20 12:00:00 - Ketonggo,38.315
2026-04-20 18:00:00 - Ketonggo,38.06018492440161
2026-04-21 06:00:00 - Ketonggo,38.365
2026-04-21 12:00:00 - Ketonggo,38.315
2026-04-21 18:00:00 - Ketonggo,38.06018492440161
2026-04-22 06:00:00 - Ketonggo,38.365
2026-04-22 12:00:00 - Ketonggo,38.315
2026-04-22 18:00:00 - Ketonggo,38.06018492440161
2026-04-23 06:00:00 - Ketonggo,38.365
2026-04-23 12:00:00 - Ketonggo,38.315
2026-04-23 18:00:00 - Ketonggo,38.06018492440161
2026-04-24 06:00:00 - Ketonggo,38.365
2026-04-24 12:00:00 - Ketonggo,38.315
2026-04-24 18:00:00 - Ketonggo,38.06018492440161
2026-04-25 06:00:00 - Ketonggo,38.365
2026-04-25 12:00:00 - Ketonggo,38.315
2026-04-25 18:00:00 - Ketonggo,38.06018492440161
2026-04-26 06:00:00 - Ketonggo,38.365
2026-04-26 12:00:00 - Ketonggo,38.315
2026-04-26 18:00:00 - Ketonggo,38.06018492440161
2026-04-27 06:00:00 - Ketonggo,38.365
2026-04-27 12:00:00 - Ketonggo,38.315
2026-04-27 18:00:00 - Ketonggo,38.06018492440161
2026-04-28 06:00:00 - Ketonggo,38.365
2026-04-28 12:00:00 - Ketonggo,38.315
2026-04-28 18:00:00 - Ketonggo,38.06018492440161
2026-04-29 06:00:00 - Ketonggo,38.365
2026-04-29 12:00:00 - Ketonggo,38.315
2026-04-29 18:00:00 - Ketonggo,38.06018492440161
2026-04-30 06:00:00 - Ketonggo,38.365
2026-04-30 12:00:00 - Ketonggo,38.315
2026-04-30 18:00:00 - Ketonggo,38.06018492440161
2026-05-01 06:00:00 - Ketonggo,37.14
2026-05-01 12:00:00 - Ketonggo,37.12
2026-05-01 18:00:00 - Ketonggo,37.09
2026-05-02 06:00:00 - Ketonggo,37.14
2026-05-02 12:00:00 - Ketonggo,37.12
2026-05-02 18:00:00 - Ketonggo,37.09
2026-05-03 06:00:00 - Ketonggo,37.14
2026-05-03 12:00:00 - Ketonggo,37.12
2026-05-03 18:00:00 - Ketonggo,37.09
2026-05-04 06:00:00 - Ketonggo,37.14
2026-05-04 12:00:00 - Ketonggo,37.12
2026-05-04 18:00:00 - Ketonggo,37.09
2026-05-05 06:00:00 - Ketonggo,37.14
2026-05-05 12:00:00 - Ketonggo,37.12
2026-05-05 18:00:00 - Ketonggo,37.09
2026-05-06 06:00:00 - Ketonggo,37.14
2026-05-06 12:00:00 - Ketonggo,37.12
2026-05-06 18:00:00 - Ketonggo,37.09
2026-05-07 06:00:00 - Ketonggo,37.14
2026-05-07 12:00:00 - Ketonggo,37.12
2026-05-07 18:00:00 - Ketonggo,37.09
2026-05-08 06:00:00 - Ketonggo,37.14
2026-05-08 12:00:00 - Ketonggo,37.12
2026-05-08 18:00:00 - Ketonggo,37.09
2026-05-09 06:00:00 - Ketonggo,37.14
2026-05-09 12:00:00 - Ketonggo,37.12
2026-05-09 18:00:00 - Ketonggo,37.09
2026-05-10 06:00:00 - Ketonggo,37.14
2026-05-10 12:00:00 - Ketonggo,37.12
2026-05-10 18:00:00 - Ketonggo,37.09
2026-05-11 06:00:00 - Ketonggo,37.14
2026-05-11 12:00:00 - Ketonggo,37.12
2026-05-11 18:00:00 - Ketonggo,37.09
2026-05-12 06:00:00 - Ketonggo,37.14
2026-05-12 12:00:00 - Ketonggo,37.12
2026-05-12 18:00:00 - Ketonggo,37.09
2026-05-13 06:00:00 - Ketonggo,37.14
2026-05-13 12:00:00 - Ketonggo,37.12
2026-05-13 18:00:00 - Ketonggo,37.09
2026-05-14 06:00:00 - Ketonggo,37.14
2026-05-14 12:00:00 - Ketonggo,37.12
2026-05-14 18:00:00 - Ketonggo,37.09
2026-05-15 06:00:00 - Ketonggo,37.14
2026-05-15 12:00:00 - Ketonggo,37.12
2026-05-15 18:00:00 - Ketonggo,37.09
2026-05-16 06:00:00 - Ketonggo,37.14
2026-05-16 12:00:00 - Ketonggo,37.12
2026-05-16 18:00:00 - Ketonggo,37.09
2026-05-17 06:00:00 - Ketonggo,37.14
2026-05-17 12:00:00 - Ketonggo,37.12
2026-05-17 18:00:00 - Ketonggo,37.09
2026-05-18 06:00:00 - Ketonggo,37.14
2026-05-18 12:00:00 - Ketonggo,37.12
2026-05-18 18:00:00 - Ketonggo,37.09
2025-09-19 06:00:00 - Lorog,12.75
2025-09-19 12:00:00 - Lorog,12.75
2025-09-19 18:00:00 - Lorog,12.75
2025-09-20 06:00:00 - Lorog,12.75
2025-09-20 12:00:00 - Lorog,12.75
2025-09-20 18:00:00 - Lorog,12.75
2025-09-21 06:00:00 - Lorog,12.75
2025-09-21 12:00:00 - Lorog,12.75
2025-09-21 18:00:00 - Lorog,12.75
2025-09-22 06:00:00 - Lorog,12.75
2025-09-22 12:00:00 - Lorog,12.75
2025-09-22 18:00:00 - Lorog,12.75
2025-09-23 06:00:00 - Lorog,12.75
2025-09-23 12:00:00 - Lorog,12.75
2025-09-23 18:00:00 - Lorog,12.75
2025-09-24 06:00:00 - Lorog,12.75
2025-09-24 12:00:00 - Lorog,12.75
2025-09-24 18:00:00 - Lorog,12.75
2025-09-25 06:00:00 - Lorog,12.75
2025-09-25 12:00:00 - Lorog,12.75
2025-09-25 18:00:00 - Lorog,12.75
2025-09-26 06:00:00 - Lorog,12.75
2025-09-26 12:00:00 - Lorog,12.75
2025-09-26 18:00:00 - Lorog,12.75
2025-09-27 06:00:00 - Lorog,12.75
2025-09-27 12:00:00 - Lorog,12.75
2025-09-27 18:00:00 - Lorog,12.75
2025-09-28 06:00:00 - Lorog,12.75
2025-09-28 12:00:00 - Lorog,12.75
2025-09-28 18:00:00 - Lorog,12.75
2025-09-29 06:00:00 - Lorog,12.75
2025-09-29 12:00:00 - Lorog,12.75
2025-09-29 18:00:00 - Lorog,12.75
2025-09-30 06:00:00 - Lorog,12.75
2025-09-30 12:00:00 - Lorog,12.75
2025-09-30 18:00:00 - Lorog,12.75
2025-10-01 06:00:00 - Lorog,12.6
2025-10-01 12:00:00 - Lorog,12.6
2025-10-01 18:00:00 - Lorog,12.6
2025-10-02 06:00:00 - Lorog,12.6
2025-10-02 12:00:00 - Lorog,12.6
2025-10-02 18:00:00 - Lorog,12.6
2025-10-03 06:00:00 - Lorog,12.6
2025-10-03 12:00:00 - Lorog,12.6
2025-10-03 18:00:00 - Lorog,12.6
2025-10-04 06:00:00 - Lorog,12.6
2025-10-04 12:00:00 - Lorog,12.6
2025-10-04 18:00:00 - Lorog,12.6
2025-10-05 06:00:00 - Lorog,12.6
2025-10-05 12:00:00 - Lorog,12.6
2025-10-05 18:00:00 - Lorog,12.6
2025-10-06 06:00:00 - Lorog,12.6
2025-10-06 12:00:00 - Lorog,12.6
2025-10-06 18:00:00 - Lorog,12.6
2025-10-07 06:00:00 - Lorog,12.6
2025-10-07 12:00:00 - Lorog,12.6
2025-10-07 18:00:00 - Lorog,12.6
2025-10-08 06:00:00 - Lorog,12.6
2025-10-08 12:00:00 - Lorog,12.6
2025-10-08 18:00:00 - Lorog,12.6
2025-10-09 06:00:00 - Lorog,12.6
2025-10-09 12:00:00 - Lorog,12.6
2025-10-09 18:00:00 - Lorog,12.6
2025-10-10 06:00:00 - Lorog,12.6
2025-10-10 12:00:00 - Lorog,12.6
2025-10-10 18:00:00 - Lorog,12.6
2025-10-11 06:00:00 - Lorog,12.6
2025-10-11 12:00:00 - Lorog,12.6
2025-10-11 18:00:00 - Lorog,12.6
2025-10-12 06:00:00 - Lorog,12.6
2025-10-12 12:00:00 - Lorog,12.6
2025-10-12 18:00:00 - Lorog,12.6
2025-10-13 06:00:00 - Lorog,12.6
2025-10-13 12:00:00 - Lorog,12.6
2025-10-13 18:00:00 - Lorog,12.6
2025-10-14 06:00:00 - Lorog,12.6
2025-10-14 12:00:00 - Lorog,12.6
2025-10-14 18:00:00 - Lorog,12.6
2025-10-15 06:00:00 - Lorog,12.6
2025-10-15 12:00:00 - Lorog,12.6
2025-10-15 18:00:00 - Lorog,12.6
2025-10-16 06:00:00 - Lorog,12.6
2025-10-16 12:00:00 - Lorog,12.6
2025-10-16 18:00:00 - Lorog,12.6
2025-10-17 06:00:00 - Lorog,12.6
2025-10-17 12:00:00 - Lorog,12.6
2025-10-17 18:00:00 - Lorog,12.6
2025-10-18 06:00:00 - Lorog,12.6
2025-10-18 12:00:00 - Lorog,12.6
2025-10-18 18:00:00 - Lorog,12.6
2025-10-19 06:00:00 - Lorog,12.6
2025-10-19 12:00:00 - Lorog,12.6
2025-10-19 18:00:00 - Lorog,12.6
2025-10-20 06:00:00 - Lorog,12.6
2025-10-20 12:00:00 - Lorog,12.6
2025-10-20 18:00:00 - Lorog,12.6
2025-10-21 06:00:00 - Lorog,12.6
2025-10-21 12:00:00 - Lorog,12.6
2025-10-21 18:00:00 - Lorog,12.6
2025-10-22 06:00:00 - Lorog,12.6
2025-10-22 12:00:00 - Lorog,12.6
2025-10-22 18:00:00 - Lorog,12.6
2025-10-23 06:00:00 - Lorog,12.6
2025-10-23 12:00:00 - Lorog,12.6
2025-10-23 18:00:00 - Lorog,12.6
2025-10-24 06:00:00 - Lorog,12.6
2025-10-24 12:00:00 - Lorog,12.6
2025-10-24 18:00:00 - Lorog,12.6
2025-10-25 06:00:00 - Lorog,12.6
2025-10-25 12:00:00 - Lorog,12.6
2025-10-25 18:00:00 - Lorog,12.6
2025-10-26 06:00:00 - Lorog,12.6
2025-10-26 12:00:00 - Lorog,12.6
2025-10-26 18:00:00 - Lorog,12.6
2025-10-27 06:00:00 - Lorog,12.6
2025-10-27 12:00:00 - Lorog,12.6
2025-10-27 18:00:00 - Lorog,12.6
2025-10-28 06:00:00 - Lorog,12.6
2025-10-28 12:00:00 - Lorog,12.6
2025-10-28 18:00:00 - Lorog,12.6
2025-10-29 06:00:00 - Lorog,12.6
2025-10-29 12:00:00 - Lorog,12.6
2025-10-29 18:00:00 - Lorog,12.6
2025-10-30 06:00:00 - Lorog,12.6
2025-10-30 12:00:00 - Lorog,12.6
2025-10-30 18:00:00 - Lorog,12.6
2025-10-31 06:00:00 - Lorog,12.6
2025-10-31 12:00:00 - Lorog,12.6
2025-10-31 18:00:00 - Lorog,12.6
2025-11-01 06:00:00 - Lorog,12.734568541607441
2025-11-01 12:00:00 - Lorog,12.735
2025-11-01 18:00:00 - Lorog,12.74652884875005
2025-11-02 06:00:00 - Lorog,12.734568541607441
2025-11-02 12:00:00 - Lorog,12.735
2025-11-02 18:00:00 - Lorog,12.74652884875005
2025-11-03 06:00:00 - Lorog,12.734568541607441
2025-11-03 12:00:00 - Lorog,12.735
2025-11-03 18:00:00 - Lorog,12.74652884875005
2025-11-04 06:00:00 - Lorog,12.734568541607441
2025-11-04 12:00:00 - Lorog,12.735
2025-11-04 18:00:00 - Lorog,12.74652884875005
2025-11-05 06:00:00 - Lorog,12.734568541607441
2025-11-05 12:00:00 - Lorog,12.735
2025-11-05 18:00:00 - Lorog,12.74652884875005
2025-11-06 06:00:00 - Lorog,12.734568541607441
2025-11-06 12:00:00 - Lorog,12.735
2025-11-06 18:00:00 - Lorog,12.74652884875005
2025-11-07 06:00:00 - Lorog,12.734568541607441
2025-11-07 12:00:00 - Lorog,12.735
2025-11-07 18:00:00 - Lorog,12.74652884875005
2025-11-08 06:00:00 - Lorog,12.734568541607441
2025-11-08 12:00:00 - Lorog,12.735
2025-11-08 18:00:00 - Lorog,12.74652884875005
2025-11-09 06:00:00 - Lorog,12.734568541607441
2025-11-09 12:00:00 - Lorog,12.735
2025-11-09 18:00:00 - Lorog,12.74652884875005
2025-11-10 06:00:00 - Lorog,12.734568541607441
2025-11-10 12:00:00 - Lorog,12.735
2025-11-10 18:00:00 - Lorog,12.74652884875005
2025-11-11 06:00:00 - Lorog,12.734568541607441
2025-11-11 12:00:00 - Lorog,12.735
2025-11-11 18:00:00 - Lorog,12.74652884875005
2025-11-12 06:00:00 - Lorog,12.734568541607441
2025-11-12 12:00:00 - Lorog,12.735
2025-11-12 18:00:00 - Lorog,12.74652884875005
2025-11-13 06:00:00 - Lorog,12.734568541607441
2025-11-13 12:00:00 - Lorog,12.735
2025-11-13 18:00:00 - Lorog,12.74652884875005
2025-11-14 06:00:00 - Lorog,12.734568541607441
2025-11-14 12:00:00 - Lorog,12.735
2025-11-14 18:00:00 - Lorog,12.74652884875005
2025-11-15 06:00:00 - Lorog,12.734568541607441
2025-11-15 12:00:00 - Lorog,12.735
2025-11-15 18:00:00 - Lorog,12.74652884875005
2025-11-16 06:00:00 - Lorog,12.734568541607441
2025-11-16 12:00:00 - Lorog,12.735
2025-11-16 18:00:00 - Lorog,12.74652884875005
2025-11-17 06:00:00 - Lorog,12.734568541607441
2025-11-17 12:00:00 - Lorog,12.735
2025-11-17 18:00:00 - Lorog,12.74652884875005
2025-11-18 06:00:00 - Lorog,12.734568541607441
2025-11-18 12:00:00 - Lorog,12.735
2025-11-18 18:00:00 - Lorog,12.74652884875005
2025-11-19 06:00:00 - Lorog,12.734568541607441
2025-11-19 12:00:00 - Lorog,12.735
2025-11-19 18:00:00 - Lorog,12.74652884875005
2025-11-20 06:00:00 - Lorog,12.734568541607441
2025-11-20 12:00:00 - Lorog,12.735
2025-11-20 18:00:00 - Lorog,12.74652884875005
2025-11-21 06:00:00 - Lorog,12.734568541607441
2025-11-21 12:00:00 - Lorog,12.735
2025-11-21 18:00:00 - Lorog,12.74652884875005
2025-11-22 06:00:00 - Lorog,12.734568541607441
2025-11-22 12:00:00 - Lorog,12.735
2025-11-22 18:00:00 - Lorog,12.74652884875005
2025-11-23 06:00:00 - Lorog,12.734568541607441
2025-11-23 12:00:00 - Lorog,12.735
2025-11-23 18:00:00 - Lorog,12.74652884875005
2025-11-24 06:00:00 - Lorog,12.734568541607441
2025-11-24 12:00:00 - Lorog,12.735
2025-11-24 18:00:00 - Lorog,12.74652884875005
2025-11-25 06:00:00 - Lorog,12.734568541607441
2025-11-25 12:00:00 - Lorog,12.735
2025-11-25 18:00:00 - Lorog,12.74652884875005
2025-11-26 06:00:00 - Lorog,12.734568541607441
2025-11-26 12:00:00 - Lorog,12.735
2025-11-26 18:00:00 - Lorog,12.74652884875005
2025-11-27 06:00:00 - Lorog,12.734568541607441
2025-11-27 12:00:00 - Lorog,12.735
2025-11-27 18:00:00 - Lorog,12.74652884875005
2025-11-28 06:00:00 - Lorog,12.734568541607441
2025-11-28 12:00:00 - Lorog,12.735
2025-11-28 18:00:00 - Lorog,12.74652884875005
2025-11-29 06:00:00 - Lorog,12.734568541607441
2025-11-29 12:00:00 - Lorog,12.735
2025-11-29 18:00:00 - Lorog,12.74652884875005
2025-11-30 06:00:00 - Lorog,12.734568541607441
2025-11-30 12:00:00 - Lorog,12.735
2025-11-30 18:00:00 - Lorog,12.74652884875005
2025-12-01 06:00:00 - Lorog,12.901106387362965
2025-12-01 12:00:00 - Lorog,12.95
2025-12-01 18:00:00 - Lorog,12.878050408230596
2025-12-02 06:00:00 - Lorog,12.901106387362965
2025-12-02 12:00:00 - Lorog,12.95
2025-12-02 18:00:00 - Lorog,12.878050408230596
2025-12-03 06:00:00 - Lorog,12.901106387362965
2025-12-03 12:00:00 - Lorog,12.95
2025-12-03 18:00:00 - Lorog,12.878050408230596
2025-12-04 06:00:00 - Lorog,12.901106387362965
2025-12-04 12:00:00 - Lorog,12.95
2025-12-04 18:00:00 - Lorog,12.878050408230596
2025-12-05 06:00:00 - Lorog,12.901106387362965
2025-12-05 12:00:00 - Lorog,12.95
2025-12-05 18:00:00 - Lorog,12.878050408230596
2025-12-06 06:00:00 - Lorog,12.901106387362965
2025-12-06 12:00:00 - Lorog,12.95
2025-12-06 18:00:00 - Lorog,12.878050408230596
2025-12-07 06:00:00 - Lorog,12.901106387362965
2025-12-07 12:00:00 - Lorog,12.95
2025-12-07 18:00:00 - Lorog,12.878050408230596
2025-12-08 06:00:00 - Lorog,12.901106387362965
2025-12-08 12:00:00 - Lorog,12.95
2025-12-08 18:00:00 - Lorog,12.878050408230596
2025-12-09 06:00:00 - Lorog,12.901106387362965
2025-12-09 12:00:00 - Lorog,12.95
2025-12-09 18:00:00 - Lorog,12.878050408230596
2025-12-10 06:00:00 - Lorog,12.901106387362965
2025-12-10 12:00:00 - Lorog,12.95
2025-12-10 18:00:00 - Lorog,12.878050408230596
2025-12-11 06:00:00 - Lorog,12.901106387362965
2025-12-11 12:00:00 - Lorog,12.95
2025-12-11 18:00:00 - Lorog,12.878050408230596
2025-12-12 06:00:00 - Lorog,12.901106387362965
2025-12-12 12:00:00 - Lorog,12.95
2025-12-12 18:00:00 - Lorog,12.878050408230596
2025-12-13 06:00:00 - Lorog,12.901106387362965
2025-12-13 12:00:00 - Lorog,12.95
2025-12-13 18:00:00 - Lorog,12.878050408230596
2025-12-14 06:00:00 - Lorog,12.901106387362965
2025-12-14 12:00:00 - Lorog,12.95
2025-12-14 18:00:00 - Lorog,12.878050408230596
2025-12-15 06:00:00 - Lorog,12.901106387362965
2025-12-15 12:00:00 - Lorog,12.95
2025-12-15 18:00:00 - Lorog,12.878050408230596
2025-12-16 06:00:00 - Lorog,12.901106387362965
2025-12-16 12:00:00 - Lorog,12.95
2025-12-16 18:00:00 - Lorog,12.878050408230596
2025-12-17 06:00:00 - Lorog,12.901106387362965
2025-12-17 12:00:00 - Lorog,12.95
2025-12-17 18:00:00 - Lorog,12.878050408230596
2025-12-18 06:00:00 - Lorog,12.901106387362965
2025-12-18 12:00:00 - Lorog,12.95
2025-12-18 18:00:00 - Lorog,12.878050408230596
2025-12-19 06:00:00 - Lorog,12.901106387362965
2025-12-19 12:00:00 - Lorog,12.95
2025-12-19 18:00:00 - Lorog,12.878050408230596
2025-12-20 06:00:00 - Lorog,12.901106387362965
2025-12-20 12:00:00 - Lorog,12.95
2025-12-20 18:00:00 - Lorog,12.878050408230596
2025-12-21 06:00:00 - Lorog,12.901106387362965
2025-12-21 12:00:00 - Lorog,12.95
2025-12-21 18:00:00 - Lorog,12.878050408230596
2025-12-22 06:00:00 - Lorog,12.901106387362965
2025-12-22 12:00:00 - Lorog,12.95
2025-12-22 18:00:00 - Lorog,12.878050408230596
2025-12-23 06:00:00 - Lorog,12.901106387362965
2025-12-23 12:00:00 - Lorog,12.95
2025-12-23 18:00:00 - Lorog,12.878050408230596
2025-12-24 06:00:00 - Lorog,12.901106387362965
2025-12-24 12:00:00 - Lorog,12.95
2025-12-24 18:00:00 - Lorog,12.878050408230596
2025-12-25 06:00:00 - Lorog,12.901106387362965
2025-12-25 12:00:00 - Lorog,12.95
2025-12-25 18:00:00 - Lorog,12.878050408230596
2025-12-26 06:00:00 - Lorog,12.901106387362965
2025-12-26 12:00:00 - Lorog,12.95
2025-12-26 18:00:00 - Lorog,12.878050408230596
2025-12-27 06:00:00 - Lorog,12.901106387362965
2025-12-27 12:00:00 - Lorog,12.95
2025-12-27 18:00:00 - Lorog,12.878050408230596
2025-12-28 06:00:00 - Lorog,12.901106387362965
2025-12-28 12:00:00 - Lorog,12.95
2025-12-28 18:00:00 - Lorog,12.878050408230596
2025-12-29 06:00:00 - Lorog,12.901106387362965
2025-12-29 12:00:00 - Lorog,12.95
2025-12-29 18:00:00 - Lorog,12.878050408230596
2025-12-30 06:00:00 - Lorog,12.901106387362965
2025-12-30 12:00:00 - Lorog,12.95
2025-12-30 18:00:00 - Lorog,12.878050408230596
2025-12-31 06:00:00 - Lorog,12.901106387362965
2025-12-31 12:00:00 - Lorog,12.95
2025-12-31 18:00:00 - Lorog,12.878050408230596
2026-01-01 06:00:00 - Lorog,12.89
2026-01-01 12:00:00 - Lorog,12.85108408051341
2026-01-01 18:00:00 - Lorog,12.92
2026-01-02 06:00:00 - Lorog,12.89
2026-01-02 12:00:00 - Lorog,12.85108408051341
2026-01-02 18:00:00 - Lorog,12.92
2026-01-03 06:00:00 - Lorog,12.89
2026-01-03 12:00:00 - Lorog,12.85108408051341
2026-01-03 18:00:00 - Lorog,12.92
2026-01-04 06:00:00 - Lorog,12.89
2026-01-04 12:00:00 - Lorog,12.85108408051341
2026-01-04 18:00:00 - Lorog,12.92
2026-01-05 06:00:00 - Lorog,12.89
2026-01-05 12:00:00 - Lorog,12.85108408051341
2026-01-05 18:00:00 - Lorog,12.92
2026-01-06 06:00:00 - Lorog,12.89
2026-01-06 12:00:00 - Lorog,12.85108408051341
2026-01-06 18:00:00 - Lorog,12.92
2026-01-07 06:00:00 - Lorog,12.89
2026-01-07 12:00:00 - Lorog,12.85108408051341
2026-01-07 18:00:00 - Lorog,12.92
2026-01-08 06:00:00 - Lorog,12.89
2026-01-08 12:00:00 - Lorog,12.85108408051341
2026-01-08 18:00:00 - Lorog,12.92
2026-01-09 06:00:00 - Lorog,12.89
2026-01-09 12:00:00 - Lorog,12.85108408051341
2026-01-09 18:00:00 - Lorog,12.92
2026-01-10 06:00:00 - Lorog,12.89
2026-01-10 12:00:00 - Lorog,12.85108408051341
2026-01-10 18:00:00 - Lorog,12.92
2026-01-11 06:00:00 - Lorog,12.89
2026-01-11 12:00:00 - Lorog,12.85108408051341
2026-01-11 18:00:00 - Lorog,12.92
2026-01-12 06:00:00 - Lorog,12.89
2026-01-12 12:00:00 - Lorog,12.85108408051341
2026-01-12 18:00:00 - Lorog,12.92
2026-01-13 06:00:00 - Lorog,12.89
2026-01-13 12:00:00 - Lorog,12.85108408051341
2026-01-13 18:00:00 - Lorog,12.92
2026-01-14 06:00:00 - Lorog,12.89
2026-01-14 12:00:00 - Lorog,12.85108408051341
2026-01-14 18:00:00 - Lorog,12.92
2026-01-15 06:00:00 - Lorog,12.89
2026-01-15 12:00:00 - Lorog,12.85108408051341
2026-01-15 18:00:00 - Lorog,12.92
2026-01-16 06:00:00 - Lorog,12.89
2026-01-16 12:00:00 - Lorog,12.85108408051341
2026-01-16 18:00:00 - Lorog,12.92
2026-01-17 06:00:00 - Lorog,12.89
2026-01-17 12:00:00 - Lorog,12.85108408051341
2026-01-17 18:00:00 - Lorog,12.92
2026-01-18 06:00:00 - Lorog,12.89
2026-01-18 12:00:00 - Lorog,12.85108408051341
2026-01-18 18:00:00 - Lorog,12.92
2026-01-19 06:00:00 - Lorog,12.89
2026-01-19 12:00:00 - Lorog,12.85108408051341
2026-01-19 18:00:00 - Lorog,12.92
2026-01-20 06:00:00 - Lorog,12.89
2026-01-20 12:00:00 - Lorog,12.85108408051341
2026-01-20 18:00:00 - Lorog,12.92
2026-01-21 06:00:00 - Lorog,12.89
2026-01-21 12:00:00 - Lorog,12.85108408051341
2026-01-21 18:00:00 - Lorog,12.92
2026-01-22 06:00:00 - Lorog,12.89
2026-01-22 12:00:00 - Lorog,12.85108408051341
2026-01-22 18:00:00 - Lorog,12.92
2026-01-23 06:00:00 - Lorog,12.89
2026-01-23 12:00:00 - Lorog,12.85108408051341
2026-01-23 18:00:00 - Lorog,12.92
2026-01-24 06:00:00 - Lorog,12.89
2026-01-24 12:00:00 - Lorog,12.85108408051341
2026-01-24 18:00:00 - Lorog,12.92
2026-01-25 06:00:00 - Lorog,12.89
2026-01-25 12:00:00 - Lorog,12.85108408051341
2026-01-25 18:00:00 - Lorog,12.92
2026-01-26 06:00:00 - Lorog,12.89
2026-01-26 12:00:00 - Lorog,12.85108408051341
2026-01-26 18:00:00 - Lorog,12.92
2026-01-27 06:00:00 - Lorog,12.89
2026-01-27 12:00:00 - Lorog,12.85108408051341
2026-01-27 18:00:00 - Lorog,12.92
2026-01-28 06:00:00 - Lorog,12.89
2026-01-28 12:00:00 - Lorog,12.85108408051341
2026-01-28 18:00:00 - Lorog,12.92
2026-01-29 06:00:00 - Lorog,12.89
2026-01-29 12:00:00 - Lorog,12.85108408051341
2026-01-29 18:00:00 - Lorog,12.92
2026-01-30 06:00:00 - Lorog,12.89
2026-01-30 12:00:00 - Lorog,12.85108408051341
2026-01-30 18:00:00 - Lorog,12.92
2026-01-31 06:00:00 - Lorog,12.89
2026-01-31 12:00:00 - Lorog,12.85108408051341
2026-01-31 18:00:00 - Lorog,12.92
2026-02-01 06:00:00 - Lorog,12.92
2026-02-01 12:00:00 - Lorog,12.903342795185551
2026-02-01 18:00:00 - Lorog,12.943867783692195
2026-02-02 06:00:00 - Lorog,12.92
2026-02-02 12:00:00 - Lorog,12.903342795185551
2026-02-02 18:00:00 - Lorog,12.943867783692195
2026-02-03 06:00:00 - Lorog,12.92
2026-02-03 12:00:00 - Lorog,12.903342795185551
2026-02-03 18:00:00 - Lorog,12.943867783692195
2026-02-04 06:00:00 - Lorog,12.92
2026-02-04 12:00:00 - Lorog,12.903342795185551
2026-02-04 18:00:00 - Lorog,12.943867783692195
2026-02-05 06:00:00 - Lorog,12.92
2026-02-05 12:00:00 - Lorog,12.903342795185551
2026-02-05 18:00:00 - Lorog,12.943867783692195
2026-02-06 06:00:00 - Lorog,12.92
2026-02-06 12:00:00 - Lorog,12.903342795185551
2026-02-06 18:00:00 - Lorog,12.943867783692195
2026-02-07 06:00:00 - Lorog,12.92
2026-02-07 12:00:00 - Lorog,12.903342795185551
2026-02-07 18:00:00 - Lorog,12.943867783692195
2026-02-08 06:00:00 - Lorog,12.92
2026-02-08 12:00:00 - Lorog,12.903342795185551
2026-02-08 18:00:00 - Lorog,12.943867783692195
2026-02-09 06:00:00 - Lorog,12.92
2026-02-09 12:00:00 - Lorog,12.903342795185551
2026-02-09 18:00:00 - Lorog,12.943867783692195
2026-02-10 06:00:00 - Lorog,12.92
2026-02-10 12:00:00 - Lorog,12.903342795185551
2026-02-10 18:00:00 - Lorog,12.943867783692195
2026-02-11 06:00:00 - Lorog,12.92
2026-02-11 12:00:00 - Lorog,12.903342795185551
2026-02-11 18:00:00 - Lorog,12.943867783692195
2026-02-12 06:00:00 - Lorog,12.92
2026-02-12 12:00:00 - Lorog,12.903342795185551
2026-02-12 18:00:00 - Lorog,12.943867783692195
2026-02-13 06:00:00 - Lorog,12.92
2026-02-13 12:00:00 - Lorog,12.903342795185551
2026-02-13 18:00:00 - Lorog,12.943867783692195
2026-02-14 06:00:00 - Lorog,12.92
2026-02-14 12:00:00 - Lorog,12.903342795185551
2026-02-14 18:00:00 - Lorog,12.943867783692195
2026-02-15 06:00:00 - Lorog,12.92
2026-02-15 12:00:00 - Lorog,12.903342795185551
2026-02-15 18:00:00 - Lorog,12.943867783692195
2026-02-16 06:00:00 - Lorog,12.92
2026-02-16 12:00:00 - Lorog,12.903342795185551
2026-02-16 18:00:00 - Lorog,12.943867783692195
2026-02-17 06:00:00 - Lorog,12.92
2026-02-17 12:00:00 - Lorog,12.903342795185551
2026-02-17 18:00:00 - Lorog,12.943867783692195
2026-02-18 06:00:00 - Lorog,12.92
2026-02-18 12:00:00 - Lorog,12.903342795185551
2026-02-18 18:00:00 - Lorog,12.943867783692195
2026-02-19 06:00:00 - Lorog,12.92
2026-02-19 12:00:00 - Lorog,12.903342795185551
2026-02-19 18:00:00 - Lorog,12.943867783692195
2026-02-20 06:00:00 - Lorog,12.92
2026-02-20 12:00:00 - Lorog,12.903342795185551
2026-02-20 18:00:00 - Lorog,12.943867783692195
2026-02-21 06:00:00 - Lorog,12.92
2026-02-21 12:00:00 - Lorog,12.903342795185551
2026-02-21 18:00:00 - Lorog,12.943867783692195
2026-02-22 06:00:00 - Lorog,12.92
2026-02-22 12:00:00 - Lorog,12.903342795185551
2026-02-22 18:00:00 - Lorog,12.943867783692195
2026-02-23 06:00:00 - Lorog,12.92
2026-02-23 12:00:00 - Lorog,12.903342795185551
2026-02-23 18:00:00 - Lorog,12.943867783692195
2026-02-24 06:00:00 - Lorog,12.92
2026-02-24 12:00:00 - Lorog,12.903342795185551
2026-02-24 18:00:00 - Lorog,12.943867783692195
2026-02-25 06:00:00 - Lorog,12.92
2026-02-25 12:00:00 - Lorog,12.903342795185551
2026-02-25 18:00:00 - Lorog,12.943867783692195
2026-02-26 06:00:00 - Lorog,12.92
2026-02-26 12:00:00 - Lorog,12.903342795185551
2026-02-26 18:00:00 - Lorog,12.943867783692195
2026-02-27 06:00:00 - Lorog,12.92
2026-02-27 12:00:00 - Lorog,12.903342795185551
2026-02-27 18:00:00 - Lorog,12.943867783692195
2026-02-28 06:00:00 - Lorog,12.92
2026-02-28 12:00:00 - Lorog,12.903342795185551
2026-02-28 18:00:00 - Lorog,12.943867783692195
2026-03-01 06:00:00 - Lorog,13.0
2026-03-01 12:00:00 - Lorog,12.95
2026-03-01 18:00:00 - Lorog,13.0
2026-03-02 06:00:00 - Lorog,13.0
2026-03-02 12:00:00 - Lorog,12.95
2026-03-02 18:00:00 - Lorog,13.0
2026-03-03 06:00:00 - Lorog,13.0
2026-03-03 12:00:00 - Lorog,12.95
2026-03-03 18:00:00 - Lorog,13.0
2026-03-04 06:00:00 - Lorog,13.0
2026-03-04 12:00:00 - Lorog,12.95
2026-03-04 18:00:00 - Lorog,13.0
2026-03-05 06:00:00 - Lorog,13.0
2026-03-05 12:00:00 - Lorog,12.95
2026-03-05 18:00:00 - Lorog,13.0
2026-03-06 06:00:00 - Lorog,13.0
2026-03-06 12:00:00 - Lorog,12.95
2026-03-06 18:00:00 - Lorog,13.0
2026-03-07 06:00:00 - Lorog,13.0
2026-03-07 12:00:00 - Lorog,12.95
2026-03-07 18:00:00 - Lorog,13.0
2026-03-08 06:00:00 - Lorog,13.0
2026-03-08 12:00:00 - Lorog,12.95
2026-03-08 18:00:00 - Lorog,13.0
2026-03-09 06:00:00 - Lorog,13.0
2026-03-09 12:00:00 - Lorog,12.95
2026-03-09 18:00:00 - Lorog,13.0
2026-03-10 06:00:00 - Lorog,13.0
2026-03-10 12:00:00 - Lorog,12.95
2026-03-10 18:00:00 - Lorog,13.0
2026-03-11 06:00:00 - Lorog,13.0
2026-03-11 12:00:00 - Lorog,12.95
2026-03-11 18:00:00 - Lorog,13.0
2026-03-12 06:00:00 - Lorog,13.0
2026-03-12 12:00:00 - Lorog,12.95
2026-03-12 18:00:00 - Lorog,13.0
2026-03-13 06:00:00 - Lorog,13.0
2026-03-13 12:00:00 - Lorog,12.95
2026-03-13 18:00:00 - Lorog,13.0
2026-03-14 06:00:00 - Lorog,13.0
2026-03-14 12:00:00 - Lorog,12.95
2026-03-14 18:00:00 - Lorog,13.0
2026-03-15 06:00:00 - Lorog,13.0
2026-03-15 12:00:00 - Lorog,12.95
2026-03-15 18:00:00 - Lorog,13.0
2026-03-16 06:00:00 - Lorog,13.0
2026-03-16 12:00:00 - Lorog,12.95
2026-03-16 18:00:00 - Lorog,13.0
2026-03-17 06:00:00 - Lorog,13.0
2026-03-17 12:00:00 - Lorog,12.95
2026-03-17 18:00:00 - Lorog,13.0
2026-03-18 06:00:00 - Lorog,13.0
2026-03-18 12:00:00 - Lorog,12.95
2026-03-18 18:00:00 - Lorog,13.0
2026-03-19 06:00:00 - Lorog,13.0
2026-03-19 12:00:00 - Lorog,12.95
2026-03-19 18:00:00 - Lorog,13.0
2026-03-20 06:00:00 - Lorog,13.0
2026-03-20 12:00:00 - Lorog,12.95
2026-03-20 18:00:00 - Lorog,13.0
2026-03-21 06:00:00 - Lorog,13.0
2026-03-21 12:00:00 - Lorog,12.95
2026-03-21 18:00:00 - Lorog,13.0
2026-03-22 06:00:00 - Lorog,13.0
2026-03-22 12:00:00 - Lorog,12.95
2026-03-22 18:00:00 - Lorog,13.0
2026-03-23 06:00:00 - Lorog,13.0
2026-03-23 12:00:00 - Lorog,12.95
2026-03-23 18:00:00 - Lorog,13.0
2026-03-24 06:00:00 - Lorog,13.0
2026-03-24 12:00:00 - Lorog,12.95
2026-03-24 18:00:00 - Lorog,13.0
2026-03-25 06:00:00 - Lorog,13.0
2026-03-25 12:00:00 - Lorog,12.95
2026-03-25 18:00:00 - Lorog,13.0
2026-03-26 06:00:00 - Lorog,13.0
2026-03-26 12:00:00 - Lorog,12.95
2026-03-26 18:00:00 - Lorog,13.0
2026-03-27 06:00:00 - Lorog,13.0
2026-03-27 12:00:00 - Lorog,12.95
2026-03-27 18:00:00 - Lorog,13.0
2026-03-28 06:00:00 - Lorog,13.0
2026-03-28 12:00:00 - Lorog,12.95
2026-03-28 18:00:00 - Lorog,13.0
2026-03-29 06:00:00 - Lorog,13.0
2026-03-29 12:00:00 - Lorog,12.95
2026-03-29 18:00:00 - Lorog,13.0
2026-03-30 06:00:00 - Lorog,13.0
2026-03-30 12:00:00 - Lorog,12.95
2026-03-30 18:00:00 - Lorog,13.0
2026-03-31 06:00:00 - Lorog,13.0
2026-03-31 12:00:00 - Lorog,12.95
2026-03-31 18:00:00 - Lorog,13.0
2026-04-01 06:00:00 - Lorog,12.9
2026-04-01 12:00:00 - Lorog,12.9
2026-04-01 18:00:00 - Lorog,12.9
2026-04-02 06:00:00 - Lorog,12.9
2026-04-02 12:00:00 - Lorog,12.9
2026-04-02 18:00:00 - Lorog,12.9
2026-04-03 06:00:00 - Lorog,12.9
2026-04-03 12:00:00 - Lorog,12.9
2026-04-03 18:00:00 - Lorog,12.9
2026-04-04 06:00:00 - Lorog,12.9
2026-04-04 12:00:00 - Lorog,12.9
2026-04-04 18:00:00 - Lorog,12.9
2026-04-05 06:00:00 - Lorog,12.9
2026-04-05 12:00:00 - Lorog,12.9
2026-04-05 18:00:00 - Lorog,12.9
2026-04-06 06:00:00 - Lorog,12.9
2026-04-06 12:00:00 - Lorog,12.9
2026-04-06 18:00:00 - Lorog,12.9
2026-04-07 06:00:00 - Lorog,12.9
2026-04-07 12:00:00 - Lorog,12.9
2026-04-07 18:00:00 - Lorog,12.9
2026-04-08 06:00:00 - Lorog,12.9
2026-04-08 12:00:00 - Lorog,12.9
2026-04-08 18:00:00 - Lorog,12.9
2026-04-09 06:00:00 - Lorog,12.9
2026-04-09 12:00:00 - Lorog,12.9
2026-04-09 18:00:00 - Lorog,12.9
2026-04-10 06:00:00 - Lorog,12.9
2026-04-10 12:00:00 - Lorog,12.9
2026-04-10 18:00:00 - Lorog,12.9
2026-04-11 06:00:00 - Lorog,12.9
2026-04-11 12:00:00 - Lorog,12.9
2026-04-11 18:00:00 - Lorog,12.9
2026-04-12 06:00:00 - Lorog,12.9
2026-04-12 12:00:00 - Lorog,12.9
2026-04-12 18:00:00 - Lorog,12.9
2026-04-13 06:00:00 - Lorog,12.9
2026-04-13 12:00:00 - Lorog,12.9
2026-04-13 18:00:00 - Lorog,12.9
2026-04-14 06:00:00 - Lorog,12.9
2026-04-14 12:00:00 - Lorog,12.9
2026-04-14 18:00:00 - Lorog,12.9
2026-04-15 06:00:00 - Lorog,12.9
2026-04-15 12:00:00 - Lorog,12.9
2026-04-15 18:00:00 - Lorog,12.9
2026-04-16 06:00:00 - Lorog,12.9
2026-04-16 12:00:00 - Lorog,12.9
2026-04-16 18:00:00 - Lorog,12.9
2026-04-17 06:00:00 - Lorog,12.9
2026-04-17 12:00:00 - Lorog,12.9
2026-04-17 18:00:00 - Lorog,12.9
2026-04-18 06:00:00 - Lorog,12.9
2026-04-18 12:00:00 - Lorog,12.9
2026-04-18 18:00:00 - Lorog,12.9
2026-04-19 06:00:00 - Lorog,12.9
2026-04-19 12:00:00 - Lorog,12.9
2026-04-19 18:00:00 - Lorog,12.9
2026-04-20 06:00:00 - Lorog,12.9
2026-04-20 12:00:00 - Lorog,12.9
2026-04-20 18:00:00 - Lorog,12.9
2026-04-21 06:00:00 - Lorog,12.9
2026-04-21 12:00:00 - Lorog,12.9
2026-04-21 18:00:00 - Lorog,12.9
2026-04-22 06:00:00 - Lorog,12.9
2026-04-22 12:00:00 - Lorog,12.9
2026-04-22 18:00:00 - Lorog,12.9
2026-04-23 06:00:00 - Lorog,12.9
2026-04-23 12:00:00 - Lorog,12.9
2026-04-23 18:00:00 - Lorog,12.9
2026-04-24 06:00:00 - Lorog,12.9
2026-04-24 12:00:00 - Lorog,12.9
2026-04-24 18:00:00 - Lorog,12.9
2026-04-25 06:00:00 - Lorog,12.9
2026-04-25 12:00:00 - Lorog,12.9
2026-04-25 18:00:00 - Lorog,12.9
2026-04-26 06:00:00 - Lorog,12.9
2026-04-26 12:00:00 - Lorog,12.9
2026-04-26 18:00:00 - Lorog,12.9
2026-04-27 06:00:00 - Lorog,12.9
2026-04-27 12:00:00 - Lorog,12.9
2026-04-27 18:00:00 - Lorog,12.9
2026-04-28 06:00:00 - Lorog,12.9
2026-04-28 12:00:00 - Lorog,12.9
2026-04-28 18:00:00 - Lorog,12.9
2026-04-29 06:00:00 - Lorog,12.9
2026-04-29 12:00:00 - Lorog,12.9
2026-04-29 18:00:00 - Lorog,12.9
2026-04-30 06:00:00 - Lorog,12.9
2026-04-30 12:00:00 - Lorog,12.9
2026-04-30 18:00:00 - Lorog,12.9
2026-05-01 06:00:00 - Lorog,12.8
2026-05-01 12:00:00 - Lorog,12.8
2026-05-01 18:00:00 - Lorog,12.8
2026-05-02 06:00:00 - Lorog,12.8
2026-05-02 12:00:00 - Lorog,12.8
2026-05-02 18:00:00 - Lorog,12.8
2026-05-03 06:00:00 - Lorog,12.8
2026-05-03 12:00:00 - Lorog,12.8
2026-05-03 18:00:00 - Lorog,12.8
2026-05-04 06:00:00 - Lorog,12.8
2026-05-04 12:00:00 - Lorog,12.8
2026-05-04 18:00:00 - Lorog,12.8
2026-05-05 06:00:00 - Lorog,12.8
2026-05-05 12:00:00 - Lorog,12.8
2026-05-05 18:00:00 - Lorog,12.8
2026-05-06 06:00:00 - Lorog,12.8
2026-05-06 12:00:00 - Lorog,12.8
2026-05-06 18:00:00 - Lorog,12.8
2026-05-07 06:00:00 - Lorog,12.8
2026-05-07 12:00:00 - Lorog,12.8
2026-05-07 18:00:00 - Lorog,12.8
2026-05-08 06:00:00 - Lorog,12.8
2026-05-08 12:00:00 - Lorog,12.8
2026-05-08 18:00:00 - Lorog,12.8
2026-05-09 06:00:00 - Lorog,12.8
2026-05-09 12:00:00 - Lorog,12.8
2026-05-09 18:00:00 - Lorog,12.8
2026-05-10 06:00:00 - Lorog,12.8
2026-05-10 12:00:00 - Lorog,12.8
2026-05-10 18:00:00 - Lorog,12.8
2026-05-11 06:00:00 - Lorog,12.8
2026-05-11 12:00:00 - Lorog,12.8
2026-05-11 18:00:00 - Lorog,12.8
2026-05-12 06:00:00 - Lorog,12.8
2026-05-12 12:00:00 - Lorog,12.8
2026-05-12 18:00:00 - Lorog,12.8
2026-05-13 06:00:00 - Lorog,12.8
2026-05-13 12:00:00 - Lorog,12.8
2026-05-13 18:00:00 - Lorog,12.8
2026-05-14 06:00:00 - Lorog,12.8
2026-05-14 12:00:00 - Lorog,12.8
2026-05-14 18:00:00 - Lorog,12.8
2026-05-15 06:00:00 - Lorog,12.8
2026-05-15 12:00:00 - Lorog,12.8
2026-05-15 18:00:00 - Lorog,12.8
2026-05-16 06:00:00 - Lorog,12.8
2026-05-16 12:00:00 - Lorog,12.8
2026-05-16 18:00:00 - Lorog,12.8
2026-05-17 06:00:00 - Lorog,12.8
2026-05-17 12:00:00 - Lorog,12.8
2026-05-17 18:00:00 - Lorog,12.8
2026-05-18 06:00:00 - Lorog,12.8
2026-05-18 12:00:00 - Lorog,12.8
2026-05-18 18:00:00 - Lorog,12.8
2025-09-19 06:00:00 - Napel,32.585
2025-09-19 12:00:00 - Napel,32.62
2025-09-19 18:00:00 - Napel,32.545
2025-09-20 06:00:00 - Napel,32.585
2025-09-20 12:00:00 - Napel,32.62
2025-09-20 18:00:00 - Napel,32.545
2025-09-21 06:00:00 - Napel,32.585
2025-09-21 12:00:00 - Napel,32.62
2025-09-21 18:00:00 - Napel,32.545
2025-09-22 06:00:00 - Napel,32.585
2025-09-22 12:00:00 - Napel,32.62
2025-09-22 18:00:00 - Napel,32.545
2025-09-23 06:00:00 - Napel,32.585
2025-09-23 12:00:00 - Napel,32.62
2025-09-23 18:00:00 - Napel,32.545
2025-09-24 06:00:00 - Napel,32.585
2025-09-24 12:00:00 - Napel,32.62
2025-09-24 18:00:00 - Napel,32.545
2025-09-25 06:00:00 - Napel,32.585
2025-09-25 12:00:00 - Napel,32.62
2025-09-25 18:00:00 - Napel,32.545
2025-09-26 06:00:00 - Napel,32.585
2025-09-26 12:00:00 - Napel,32.62
2025-09-26 18:00:00 - Napel,32.545
2025-09-27 06:00:00 - Napel,32.585
2025-09-27 12:00:00 - Napel,32.62
2025-09-27 18:00:00 - Napel,32.545
2025-09-28 06:00:00 - Napel,32.585
2025-09-28 12:00:00 - Napel,32.62
2025-09-28 18:00:00 - Napel,32.545
2025-09-29 06:00:00 - Napel,32.585
2025-09-29 12:00:00 - Napel,32.62
2025-09-29 18:00:00 - Napel,32.545
2025-09-30 06:00:00 - Napel,32.585
2025-09-30 12:00:00 - Napel,32.62
2025-09-30 18:00:00 - Napel,32.545
2025-10-01 06:00:00 - Napel,32.43
2025-10-01 12:00:00 - Napel,32.42
2025-10-01 18:00:00 - Napel,32.42
2025-10-02 06:00:00 - Napel,32.43
2025-10-02 12:00:00 - Napel,32.42
2025-10-02 18:00:00 - Napel,32.42
2025-10-03 06:00:00 - Napel,32.43
2025-10-03 12:00:00 - Napel,32.42
2025-10-03 18:00:00 - Napel,32.42
2025-10-04 06:00:00 - Napel,32.43
2025-10-04 12:00:00 - Napel,32.42
2025-10-04 18:00:00 - Napel,32.42
2025-10-05 06:00:00 - Napel,32.43
2025-10-05 12:00:00 - Napel,32.42
2025-10-05 18:00:00 - Napel,32.42
2025-10-06 06:00:00 - Napel,32.43
2025-10-06 12:00:00 - Napel,32.42
2025-10-06 18:00:00 - Napel,32.42
2025-10-07 06:00:00 - Napel,32.43
2025-10-07 12:00:00 - Napel,32.42
2025-10-07 18:00:00 - Napel,32.42
2025-10-08 06:00:00 - Napel,32.43
2025-10-08 12:00:00 - Napel,32.42
2025-10-08 18:00:00 - Napel,32.42
2025-10-09 06:00:00 - Napel,32.43
2025-10-09 12:00:00 - Napel,32.42
2025-10-09 18:00:00 - Napel,32.42
2025-10-10 06:00:00 - Napel,32.43
2025-10-10 12:00:00 - Napel,32.42
2025-10-10 18:00:00 - Napel,32.42
2025-10-11 06:00:00 - Napel,32.43
2025-10-11 12:00:00 - Napel,32.42
2025-10-11 18:00:00 - Napel,32.42
2025-10-12 06:00:00 - Napel,32.43
2025-10-12 12:00:00 - Napel,32.42
2025-10-12 18:00:00 - Napel,32.42
2025-10-13 06:00:00 - Napel,32.43
2025-10-13 12:00:00 - Napel,32.42
2025-10-13 18:00:00 - Napel,32.42
2025-10-14 06:00:00 - Napel,32.43
2025-10-14 12:00:00 - Napel,32.42
2025-10-14 18:00:00 - Napel,32.42
2025-10-15 06:00:00 - Napel,32.43
2025-10-15 12:00:00 - Napel,32.42
2025-10-15 18:00:00 - Napel,32.42
2025-10-16 06:00:00 - Napel,32.43
2025-10-16 12:00:00 - Napel,32.42
2025-10-16 18:00:00 - Napel,32.42
2025-10-17 06:00:00 - Napel,32.43
2025-10-17 12:00:00 - Napel,32.42
2025-10-17 18:00:00 - Napel,32.42
2025-10-18 06:00:00 - Napel,32.43
2025-10-18 12:00:00 - Napel,32.42
2025-10-18 18:00:00 - Napel,32.42
2025-10-19 06:00:00 - Napel,32.43
2025-10-19 12:00:00 - Napel,32.42
2025-10-19 18:00:00 - Napel,32.42
2025-10-20 06:00:00 - Napel,32.43
2025-10-20 12:00:00 - Napel,32.42
2025-10-20 18:00:00 - Napel,32.42
2025-10-21 06:00:00 - Napel,32.43
2025-10-21 12:00:00 - Napel,32.42
2025-10-21 18:00:00 - Napel,32.42
2025-10-22 06:00:00 - Napel,32.43
2025-10-22 12:00:00 - Napel,32.42
2025-10-22 18:00:00 - Napel,32.42
2025-10-23 06:00:00 - Napel,32.43
2025-10-23 12:00:00 - Napel,32.42
2025-10-23 18:00:00 - Napel,32.42
2025-10-24 06:00:00 - Napel,32.43
2025-10-24 12:00:00 - Napel,32.42
2025-10-24 18:00:00 - Napel,32.42
2025-10-25 06:00:00 - Napel,32.43
2025-10-25 12:00:00 - Napel,32.42
2025-10-25 18:00:00 - Napel,32.42
2025-10-26 06:00:00 - Napel,32.43
2025-10-26 12:00:00 - Napel,32.42
2025-10-26 18:00:00 - Napel,32.42
2025-10-27 06:00:00 - Napel,32.43
2025-10-27 12:00:00 - Napel,32.42
2025-10-27 18:00:00 - Napel,32.42
2025-10-28 06:00:00 - Napel,32.43
2025-10-28 12:00:00 - Napel,32.42
2025-10-28 18:00:00 - Napel,32.42
2025-10-29 06:00:00 - Napel,32.43
2025-10-29 12:00:00 - Napel,32.42
2025-10-29 18:00:00 - Napel,32.42
2025-10-30 06:00:00 - Napel,32.43
2025-10-30 12:00:00 - Napel,32.42
2025-10-30 18:00:00 - Napel,32.42
2025-10-31 06:00:00 - Napel,32.43
2025-10-31 12:00:00 - Napel,32.42
2025-10-31 18:00:00 - Napel,32.42
2025-11-01 06:00:00 - Napel,33.037522937820555
2025-11-01 12:00:00 - Napel,33.02
2025-11-01 18:00:00 - Napel,33.22869787551105
2025-11-02 06:00:00 - Napel,33.037522937820555
2025-11-02 12:00:00 - Napel,33.02
2025-11-02 18:00:00 - Napel,33.22869787551105
2025-11-03 06:00:00 - Napel,33.037522937820555
2025-11-03 12:00:00 - Napel,33.02
2025-11-03 18:00:00 - Napel,33.22869787551105
2025-11-04 06:00:00 - Napel,33.037522937820555
2025-11-04 12:00:00 - Napel,33.02
2025-11-04 18:00:00 - Napel,33.22869787551105
2025-11-05 06:00:00 - Napel,33.037522937820555
2025-11-05 12:00:00 - Napel,33.02
2025-11-05 18:00:00 - Napel,33.22869787551105
2025-11-06 06:00:00 - Napel,33.037522937820555
2025-11-06 12:00:00 - Napel,33.02
2025-11-06 18:00:00 - Napel,33.22869787551105
2025-11-07 06:00:00 - Napel,33.037522937820555
2025-11-07 12:00:00 - Napel,33.02
2025-11-07 18:00:00 - Napel,33.22869787551105
2025-11-08 06:00:00 - Napel,33.037522937820555
2025-11-08 12:00:00 - Napel,33.02
2025-11-08 18:00:00 - Napel,33.22869787551105
2025-11-09 06:00:00 - Napel,33.037522937820555
2025-11-09 12:00:00 - Napel,33.02
2025-11-09 18:00:00 - Napel,33.22869787551105
2025-11-10 06:00:00 - Napel,33.037522937820555
2025-11-10 12:00:00 - Napel,33.02
2025-11-10 18:00:00 - Napel,33.22869787551105
2025-11-11 06:00:00 - Napel,33.037522937820555
2025-11-11 12:00:00 - Napel,33.02
2025-11-11 18:00:00 - Napel,33.22869787551105
2025-11-12 06:00:00 - Napel,33.037522937820555
2025-11-12 12:00:00 - Napel,33.02
2025-11-12 18:00:00 - Napel,33.22869787551105
2025-11-13 06:00:00 - Napel,33.037522937820555
2025-11-13 12:00:00 - Napel,33.02
2025-11-13 18:00:00 - Napel,33.22869787551105
2025-11-14 06:00:00 - Napel,33.037522937820555
2025-11-14 12:00:00 - Napel,33.02
2025-11-14 18:00:00 - Napel,33.22869787551105
2025-11-15 06:00:00 - Napel,33.037522937820555
2025-11-15 12:00:00 - Napel,33.02
2025-11-15 18:00:00 - Napel,33.22869787551105
2025-11-16 06:00:00 - Napel,33.037522937820555
2025-11-16 12:00:00 - Napel,33.02
2025-11-16 18:00:00 - Napel,33.22869787551105
2025-11-17 06:00:00 - Napel,33.037522937820555
2025-11-17 12:00:00 - Napel,33.02
2025-11-17 18:00:00 - Napel,33.22869787551105
2025-11-18 06:00:00 - Napel,33.037522937820555
2025-11-18 12:00:00 - Napel,33.02
2025-11-18 18:00:00 - Napel,33.22869787551105
2025-11-19 06:00:00 - Napel,33.037522937820555
2025-11-19 12:00:00 - Napel,33.02
2025-11-19 18:00:00 - Napel,33.22869787551105
2025-11-20 06:00:00 - Napel,33.037522937820555
2025-11-20 12:00:00 - Napel,33.02
2025-11-20 18:00:00 - Napel,33.22869787551105
2025-11-21 06:00:00 - Napel,33.037522937820555
2025-11-21 12:00:00 - Napel,33.02
2025-11-21 18:00:00 - Napel,33.22869787551105
2025-11-22 06:00:00 - Napel,33.037522937820555
2025-11-22 12:00:00 - Napel,33.02
2025-11-22 18:00:00 - Napel,33.22869787551105
2025-11-23 06:00:00 - Napel,33.037522937820555
2025-11-23 12:00:00 - Napel,33.02
2025-11-23 18:00:00 - Napel,33.22869787551105
2025-11-24 06:00:00 - Napel,33.037522937820555
2025-11-24 12:00:00 - Napel,33.02
2025-11-24 18:00:00 - Napel,33.22869787551105
2025-11-25 06:00:00 - Napel,33.037522937820555
2025-11-25 12:00:00 - Napel,33.02
2025-11-25 18:00:00 - Napel,33.22869787551105
2025-11-26 06:00:00 - Napel,33.037522937820555
2025-11-26 12:00:00 - Napel,33.02
2025-11-26 18:00:00 - Napel,33.22869787551105
2025-11-27 06:00:00 - Napel,33.037522937820555
2025-11-27 12:00:00 - Napel,33.02
2025-11-27 18:00:00 - Napel,33.22869787551105
2025-11-28 06:00:00 - Napel,33.037522937820555
2025-11-28 12:00:00 - Napel,33.02
2025-11-28 18:00:00 - Napel,33.22869787551105
2025-11-29 06:00:00 - Napel,33.037522937820555
2025-11-29 12:00:00 - Napel,33.02
2025-11-29 18:00:00 - Napel,33.22869787551105
2025-11-30 06:00:00 - Napel,33.037522937820555
2025-11-30 12:00:00 - Napel,33.02
2025-11-30 18:00:00 - Napel,33.22869787551105
2025-12-01 06:00:00 - Napel,34.568167590869955
2025-12-01 12:00:00 - Napel,34.53
2025-12-01 18:00:00 - Napel,34.34721164092424
2025-12-02 06:00:00 - Napel,34.568167590869955
2025-12-02 12:00:00 - Napel,34.53
2025-12-02 18:00:00 - Napel,34.34721164092424
2025-12-03 06:00:00 - Napel,34.568167590869955
2025-12-03 12:00:00 - Napel,34.53
2025-12-03 18:00:00 - Napel,34.34721164092424
2025-12-04 06:00:00 - Napel,34.568167590869955
2025-12-04 12:00:00 - Napel,34.53
2025-12-04 18:00:00 - Napel,34.34721164092424
2025-12-05 06:00:00 - Napel,34.568167590869955
2025-12-05 12:00:00 - Napel,34.53
2025-12-05 18:00:00 - Napel,34.34721164092424
2025-12-06 06:00:00 - Napel,34.568167590869955
2025-12-06 12:00:00 - Napel,34.53
2025-12-06 18:00:00 - Napel,34.34721164092424
2025-12-07 06:00:00 - Napel,34.568167590869955
2025-12-07 12:00:00 - Napel,34.53
2025-12-07 18:00:00 - Napel,34.34721164092424
2025-12-08 06:00:00 - Napel,34.568167590869955
2025-12-08 12:00:00 - Napel,34.53
2025-12-08 18:00:00 - Napel,34.34721164092424
2025-12-09 06:00:00 - Napel,34.568167590869955
2025-12-09 12:00:00 - Napel,34.53
2025-12-09 18:00:00 - Napel,34.34721164092424
2025-12-10 06:00:00 - Napel,34.568167590869955
2025-12-10 12:00:00 - Napel,34.53
2025-12-10 18:00:00 - Napel,34.34721164092424
2025-12-11 06:00:00 - Napel,34.568167590869955
2025-12-11 12:00:00 - Napel,34.53
2025-12-11 18:00:00 - Napel,34.34721164092424
2025-12-12 06:00:00 - Napel,34.568167590869955
2025-12-12 12:00:00 - Napel,34.53
2025-12-12 18:00:00 - Napel,34.34721164092424
2025-12-13 06:00:00 - Napel,34.568167590869955
2025-12-13 12:00:00 - Napel,34.53
2025-12-13 18:00:00 - Napel,34.34721164092424
2025-12-14 06:00:00 - Napel,34.568167590869955
2025-12-14 12:00:00 - Napel,34.53
2025-12-14 18:00:00 - Napel,34.34721164092424
2025-12-15 06:00:00 - Napel,34.568167590869955
2025-12-15 12:00:00 - Napel,34.53
2025-12-15 18:00:00 - Napel,34.34721164092424
2025-12-16 06:00:00 - Napel,34.568167590869955
2025-12-16 12:00:00 - Napel,34.53
2025-12-16 18:00:00 - Napel,34.34721164092424
2025-12-17 06:00:00 - Napel,34.568167590869955
2025-12-17 12:00:00 - Napel,34.53
2025-12-17 18:00:00 - Napel,34.34721164092424
2025-12-18 06:00:00 - Napel,34.568167590869955
2025-12-18 12:00:00 - Napel,34.53
2025-12-18 18:00:00 - Napel,34.34721164092424
2025-12-19 06:00:00 - Napel,34.568167590869955
2025-12-19 12:00:00 - Napel,34.53
2025-12-19 18:00:00 - Napel,34.34721164092424
2025-12-20 06:00:00 - Napel,34.568167590869955
2025-12-20 12:00:00 - Napel,34.53
2025-12-20 18:00:00 - Napel,34.34721164092424
2025-12-21 06:00:00 - Napel,34.568167590869955
2025-12-21 12:00:00 - Napel,34.53
2025-12-21 18:00:00 - Napel,34.34721164092424
2025-12-22 06:00:00 - Napel,34.568167590869955
2025-12-22 12:00:00 - Napel,34.53
2025-12-22 18:00:00 - Napel,34.34721164092424
2025-12-23 06:00:00 - Napel,34.568167590869955
2025-12-23 12:00:00 - Napel,34.53
2025-12-23 18:00:00 - Napel,34.34721164092424
2025-12-24 06:00:00 - Napel,34.568167590869955
2025-12-24 12:00:00 - Napel,34.53
2025-12-24 18:00:00 - Napel,34.34721164092424
2025-12-25 06:00:00 - Napel,34.568167590869955
2025-12-25 12:00:00 - Napel,34.53
2025-12-25 18:00:00 - Napel,34.34721164092424
2025-12-26 06:00:00 - Napel,34.568167590869955
2025-12-26 12:00:00 - Napel,34.53
2025-12-26 18:00:00 - Napel,34.34721164092424
2025-12-27 06:00:00 - Napel,34.568167590869955
2025-12-27 12:00:00 - Napel,34.53
2025-12-27 18:00:00 - Napel,34.34721164092424
2025-12-28 06:00:00 - Napel,34.568167590869955
2025-12-28 12:00:00 - Napel,34.53
2025-12-28 18:00:00 - Napel,34.34721164092424
2025-12-29 06:00:00 - Napel,34.568167590869955
2025-12-29 12:00:00 - Napel,34.53
2025-12-29 18:00:00 - Napel,34.34721164092424
2025-12-30 06:00:00 - Napel,34.568167590869955
2025-12-30 12:00:00 - Napel,34.53
2025-12-30 18:00:00 - Napel,34.34721164092424
2025-12-31 06:00:00 - Napel,34.568167590869955
2025-12-31 12:00:00 - Napel,34.53
2025-12-31 18:00:00 - Napel,34.34721164092424
2026-01-01 06:00:00 - Napel,35.05
2026-01-01 12:00:00 - Napel,35.068326047904115
2026-01-01 18:00:00 - Napel,35.03
2026-01-02 06:00:00 - Napel,35.05
2026-01-02 12:00:00 - Napel,35.068326047904115
2026-01-02 18:00:00 - Napel,35.03
2026-01-03 06:00:00 - Napel,35.05
2026-01-03 12:00:00 - Napel,35.068326047904115
2026-01-03 18:00:00 - Napel,35.03
2026-01-04 06:00:00 - Napel,35.05
2026-01-04 12:00:00 - Napel,35.068326047904115
2026-01-04 18:00:00 - Napel,35.03
2026-01-05 06:00:00 - Napel,35.05
2026-01-05 12:00:00 - Napel,35.068326047904115
2026-01-05 18:00:00 - Napel,35.03
2026-01-06 06:00:00 - Napel,35.05
2026-01-06 12:00:00 - Napel,35.068326047904115
2026-01-06 18:00:00 - Napel,35.03
2026-01-07 06:00:00 - Napel,35.05
2026-01-07 12:00:00 - Napel,35.068326047904115
2026-01-07 18:00:00 - Napel,35.03
2026-01-08 06:00:00 - Napel,35.05
2026-01-08 12:00:00 - Napel,35.068326047904115
2026-01-08 18:00:00 - Napel,35.03
2026-01-09 06:00:00 - Napel,35.05
2026-01-09 12:00:00 - Napel,35.068326047904115
2026-01-09 18:00:00 - Napel,35.03
2026-01-10 06:00:00 - Napel,35.05
2026-01-10 12:00:00 - Napel,35.068326047904115
2026-01-10 18:00:00 - Napel,35.03
2026-01-11 06:00:00 - Napel,35.05
2026-01-11 12:00:00 - Napel,35.068326047904115
2026-01-11 18:00:00 - Napel,35.03
2026-01-12 06:00:00 - Napel,35.05
2026-01-12 12:00:00 - Napel,35.068326047904115
2026-01-12 18:00:00 - Napel,35.03
2026-01-13 06:00:00 - Napel,35.05
2026-01-13 12:00:00 - Napel,35.068326047904115
2026-01-13 18:00:00 - Napel,35.03
2026-01-14 06:00:00 - Napel,35.05
2026-01-14 12:00:00 - Napel,35.068326047904115
2026-01-14 18:00:00 - Napel,35.03
2026-01-15 06:00:00 - Napel,35.05
2026-01-15 12:00:00 - Napel,35.068326047904115
2026-01-15 18:00:00 - Napel,35.03
2026-01-16 06:00:00 - Napel,35.05
2026-01-16 12:00:00 - Napel,35.068326047904115
2026-01-16 18:00:00 - Napel,35.03
2026-01-17 06:00:00 - Napel,35.05
2026-01-17 12:00:00 - Napel,35.068326047904115
2026-01-17 18:00:00 - Napel,35.03
2026-01-18 06:00:00 - Napel,35.05
2026-01-18 12:00:00 - Napel,35.068326047904115
2026-01-18 18:00:00 - Napel,35.03
2026-01-19 06:00:00 - Napel,35.05
2026-01-19 12:00:00 - Napel,35.068326047904115
2026-01-19 18:00:00 - Napel,35.03
2026-01-20 06:00:00 - Napel,35.05
2026-01-20 12:00:00 - Napel,35.068326047904115
2026-01-20 18:00:00 - Napel,35.03
2026-01-21 06:00:00 - Napel,35.05
2026-01-21 12:00:00 - Napel,35.068326047904115
2026-01-21 18:00:00 - Napel,35.03
2026-01-22 06:00:00 - Napel,35.05
2026-01-22 12:00:00 - Napel,35.068326047904115
2026-01-22 18:00:00 - Napel,35.03
2026-01-23 06:00:00 - Napel,35.05
2026-01-23 12:00:00 - Napel,35.068326047904115
2026-01-23 18:00:00 - Napel,35.03
2026-01-24 06:00:00 - Napel,35.05
2026-01-24 12:00:00 - Napel,35.068326047904115
2026-01-24 18:00:00 - Napel,35.03
2026-01-25 06:00:00 - Napel,35.05
2026-01-25 12:00:00 - Napel,35.068326047904115
2026-01-25 18:00:00 - Napel,35.03
2026-01-26 06:00:00 - Napel,35.05
2026-01-26 12:00:00 - Napel,35.068326047904115
2026-01-26 18:00:00 - Napel,35.03
2026-01-27 06:00:00 - Napel,35.05
2026-01-27 12:00:00 - Napel,35.068326047904115
2026-01-27 18:00:00 - Napel,35.03
2026-01-28 06:00:00 - Napel,35.05
2026-01-28 12:00:00 - Napel,35.068326047904115
2026-01-28 18:00:00 - Napel,35.03
2026-01-29 06:00:00 - Napel,35.05
2026-01-29 12:00:00 - Napel,35.068326047904115
2026-01-29 18:00:00 - Napel,35.03
2026-01-30 06:00:00 - Napel,35.05
2026-01-30 12:00:00 - Napel,35.068326047904115
2026-01-30 18:00:00 - Napel,35.03
2026-01-31 06:00:00 - Napel,35.05
2026-01-31 12:00:00 - Napel,35.068326047904115
2026-01-31 18:00:00 - Napel,35.03
2026-02-01 06:00:00 - Napel,35.980000000000004
2026-02-01 12:00:00 - Napel,35.99736345949769
2026-02-01 18:00:00 - Napel,35.7
2026-02-02 06:00:00 - Napel,35.980000000000004
2026-02-02 12:00:00 - Napel,35.99736345949769
2026-02-02 18:00:00 - Napel,35.7
2026-02-03 06:00:00 - Napel,35.980000000000004
2026-02-03 12:00:00 - Napel,35.99736345949769
2026-02-03 18:00:00 - Napel,35.7
2026-02-04 06:00:00 - Napel,35.980000000000004
2026-02-04 12:00:00 - Napel,35.99736345949769
2026-02-04 18:00:00 - Napel,35.7
2026-02-05 06:00:00 - Napel,35.980000000000004
2026-02-05 12:00:00 - Napel,35.99736345949769
2026-02-05 18:00:00 - Napel,35.7
2026-02-06 06:00:00 - Napel,35.980000000000004
2026-02-06 12:00:00 - Napel,35.99736345949769
2026-02-06 18:00:00 - Napel,35.7
2026-02-07 06:00:00 - Napel,35.980000000000004
2026-02-07 12:00:00 - Napel,35.99736345949769
2026-02-07 18:00:00 - Napel,35.7
2026-02-08 06:00:00 - Napel,35.980000000000004
2026-02-08 12:00:00 - Napel,35.99736345949769
2026-02-08 18:00:00 - Napel,35.7
2026-02-09 06:00:00 - Napel,35.980000000000004
2026-02-09 12:00:00 - Napel,35.99736345949769
2026-02-09 18:00:00 - Napel,35.7
2026-02-10 06:00:00 - Napel,35.980000000000004
2026-02-10 12:00:00 - Napel,35.99736345949769
2026-02-10 18:00:00 - Napel,35.7
2026-02-11 06:00:00 - Napel,35.980000000000004
2026-02-11 12:00:00 - Napel,35.99736345949769
2026-02-11 18:00:00 - Napel,35.7
2026-02-12 06:00:00 - Napel,35.980000000000004
2026-02-12 12:00:00 - Napel,35.99736345949769
2026-02-12 18:00:00 - Napel,35.7
2026-02-13 06:00:00 - Napel,35.980000000000004
2026-02-13 12:00:00 - Napel,35.99736345949769
2026-02-13 18:00:00 - Napel,35.7
2026-02-14 06:00:00 - Napel,35.980000000000004
2026-02-14 12:00:00 - Napel,35.99736345949769
2026-02-14 18:00:00 - Napel,35.7
2026-02-15 06:00:00 - Napel,35.980000000000004
2026-02-15 12:00:00 - Napel,35.99736345949769
2026-02-15 18:00:00 - Napel,35.7
2026-02-16 06:00:00 - Napel,35.980000000000004
2026-02-16 12:00:00 - Napel,35.99736345949769
2026-02-16 18:00:00 - Napel,35.7
2026-02-17 06:00:00 - Napel,35.980000000000004
2026-02-17 12:00:00 - Napel,35.99736345949769
2026-02-17 18:00:00 - Napel,35.7
2026-02-18 06:00:00 - Napel,35.980000000000004
2026-02-18 12:00:00 - Napel,35.99736345949769
2026-02-18 18:00:00 - Napel,35.7
2026-02-19 06:00:00 - Napel,35.980000000000004
2026-02-19 12:00:00 - Napel,35.99736345949769
2026-02-19 18:00:00 - Napel,35.7
2026-02-20 06:00:00 - Napel,35.980000000000004
2026-02-20 12:00:00 - Napel,35.99736345949769
2026-02-20 18:00:00 - Napel,35.7
2026-02-21 06:00:00 - Napel,35.980000000000004
2026-02-21 12:00:00 - Napel,35.99736345949769
2026-02-21 18:00:00 - Napel,35.7
2026-02-22 06:00:00 - Napel,35.980000000000004
2026-02-22 12:00:00 - Napel,35.99736345949769
2026-02-22 18:00:00 - Napel,35.7
2026-02-23 06:00:00 - Napel,35.980000000000004
2026-02-23 12:00:00 - Napel,35.99736345949769
2026-02-23 18:00:00 - Napel,35.7
2026-02-24 06:00:00 - Napel,35.980000000000004
2026-02-24 12:00:00 - Napel,35.99736345949769
2026-02-24 18:00:00 - Napel,35.7
2026-02-25 06:00:00 - Napel,35.980000000000004
2026-02-25 12:00:00 - Napel,35.99736345949769
2026-02-25 18:00:00 - Napel,35.7
2026-02-26 06:00:00 - Napel,35.980000000000004
2026-02-26 12:00:00 - Napel,35.99736345949769
2026-02-26 18:00:00 - Napel,35.7
2026-02-27 06:00:00 - Napel,35.980000000000004
2026-02-27 12:00:00 - Napel,35.99736345949769
2026-02-27 18:00:00 - Napel,35.7
2026-02-28 06:00:00 - Napel,35.980000000000004
2026-02-28 12:00:00 - Napel,35.99736345949769
2026-02-28 18:00:00 - Napel,35.7
2026-03-01 06:00:00 - Napel,36.03
2026-03-01 12:00:00 - Napel,35.85
2026-03-01 18:00:00 - Napel,35.72
2026-03-02 06:00:00 - Napel,36.03
2026-03-02 12:00:00 - Napel,35.85
2026-03-02 18:00:00 - Napel,35.72
2026-03-03 06:00:00 - Napel,36.03
2026-03-03 12:00:00 - Napel,35.85
2026-03-03 18:00:00 - Napel,35.72
2026-03-04 06:00:00 - Napel,36.03
2026-03-04 12:00:00 - Napel,35.85
2026-03-04 18:00:00 - Napel,35.72
2026-03-05 06:00:00 - Napel,36.03
2026-03-05 12:00:00 - Napel,35.85
2026-03-05 18:00:00 - Napel,35.72
2026-03-06 06:00:00 - Napel,36.03
2026-03-06 12:00:00 - Napel,35.85
2026-03-06 18:00:00 - Napel,35.72
2026-03-07 06:00:00 - Napel,36.03
2026-03-07 12:00:00 - Napel,35.85
2026-03-07 18:00:00 - Napel,35.72
2026-03-08 06:00:00 - Napel,36.03
2026-03-08 12:00:00 - Napel,35.85
2026-03-08 18:00:00 - Napel,35.72
2026-03-09 06:00:00 - Napel,36.03
2026-03-09 12:00:00 - Napel,35.85
2026-03-09 18:00:00 - Napel,35.72
2026-03-10 06:00:00 - Napel,36.03
2026-03-10 12:00:00 - Napel,35.85
2026-03-10 18:00:00 - Napel,35.72
2026-03-11 06:00:00 - Napel,36.03
2026-03-11 12:00:00 - Napel,35.85
2026-03-11 18:00:00 - Napel,35.72
2026-03-12 06:00:00 - Napel,36.03
2026-03-12 12:00:00 - Napel,35.85
2026-03-12 18:00:00 - Napel,35.72
2026-03-13 06:00:00 - Napel,36.03
2026-03-13 12:00:00 - Napel,35.85
2026-03-13 18:00:00 - Napel,35.72
2026-03-14 06:00:00 - Napel,36.03
2026-03-14 12:00:00 - Napel,35.85
2026-03-14 18:00:00 - Napel,35.72
2026-03-15 06:00:00 - Napel,36.03
2026-03-15 12:00:00 - Napel,35.85
2026-03-15 18:00:00 - Napel,35.72
2026-03-16 06:00:00 - Napel,36.03
2026-03-16 12:00:00 - Napel,35.85
2026-03-16 18:00:00 - Napel,35.72
2026-03-17 06:00:00 - Napel,36.03
2026-03-17 12:00:00 - Napel,35.85
2026-03-17 18:00:00 - Napel,35.72
2026-03-18 06:00:00 - Napel,36.03
2026-03-18 12:00:00 - Napel,35.85
2026-03-18 18:00:00 - Napel,35.72
2026-03-19 06:00:00 - Napel,36.03
2026-03-19 12:00:00 - Napel,35.85
2026-03-19 18:00:00 - Napel,35.72
2026-03-20 06:00:00 - Napel,36.03
2026-03-20 12:00:00 - Napel,35.85
2026-03-20 18:00:00 - Napel,35.72
2026-03-21 06:00:00 - Napel,36.03
2026-03-21 12:00:00 - Napel,35.85
2026-03-21 18:00:00 - Napel,35.72
2026-03-22 06:00:00 - Napel,36.03
2026-03-22 12:00:00 - Napel,35.85
2026-03-22 18:00:00 - Napel,35.72
2026-03-23 06:00:00 - Napel,36.03
2026-03-23 12:00:00 - Napel,35.85
2026-03-23 18:00:00 - Napel,35.72
2026-03-24 06:00:00 - Napel,36.03
2026-03-24 12:00:00 - Napel,35.85
2026-03-24 18:00:00 - Napel,35.72
2026-03-25 06:00:00 - Napel,36.03
2026-03-25 12:00:00 - Napel,35.85
2026-03-25 18:00:00 - Napel,35.72
2026-03-26 06:00:00 - Napel,36.03
2026-03-26 12:00:00 - Napel,35.85
2026-03-26 18:00:00 - Napel,35.72
2026-03-27 06:00:00 - Napel,36.03
2026-03-27 12:00:00 - Napel,35.85
2026-03-27 18:00:00 - Napel,35.72
2026-03-28 06:00:00 - Napel,36.03
2026-03-28 12:00:00 - Napel,35.85
2026-03-28 18:00:00 - Napel,35.72
2026-03-29 06:00:00 - Napel,36.03
2026-03-29 12:00:00 - Napel,35.85
2026-03-29 18:00:00 - Napel,35.72
2026-03-30 06:00:00 - Napel,36.03
2026-03-30 12:00:00 - Napel,35.85
2026-03-30 18:00:00 - Napel,35.72
2026-03-31 06:00:00 - Napel,36.03
2026-03-31 12:00:00 - Napel,35.85
2026-03-31 18:00:00 - Napel,35.72
2026-04-01 06:00:00 - Napel,34.84
2026-04-01 12:00:00 - Napel,34.82
2026-04-01 18:00:00 - Napel,34.644999999999996
2026-04-02 06:00:00 - Napel,34.84
2026-04-02 12:00:00 - Napel,34.82
2026-04-02 18:00:00 - Napel,34.644999999999996
2026-04-03 06:00:00 - Napel,34.84
2026-04-03 12:00:00 - Napel,34.82
2026-04-03 18:00:00 - Napel,34.644999999999996
2026-04-04 06:00:00 - Napel,34.84
2026-04-04 12:00:00 - Napel,34.82
2026-04-04 18:00:00 - Napel,34.644999999999996
2026-04-05 06:00:00 - Napel,34.84
2026-04-05 12:00:00 - Napel,34.82
2026-04-05 18:00:00 - Napel,34.644999999999996
2026-04-06 06:00:00 - Napel,34.84
2026-04-06 12:00:00 - Napel,34.82
2026-04-06 18:00:00 - Napel,34.644999999999996
2026-04-07 06:00:00 - Napel,34.84
2026-04-07 12:00:00 - Napel,34.82
2026-04-07 18:00:00 - Napel,34.644999999999996
2026-04-08 06:00:00 - Napel,34.84
2026-04-08 12:00:00 - Napel,34.82
2026-04-08 18:00:00 - Napel,34.644999999999996
2026-04-09 06:00:00 - Napel,34.84
2026-04-09 12:00:00 - Napel,34.82
2026-04-09 18:00:00 - Napel,34.644999999999996
2026-04-10 06:00:00 - Napel,34.84
2026-04-10 12:00:00 - Napel,34.82
2026-04-10 18:00:00 - Napel,34.644999999999996
2026-04-11 06:00:00 - Napel,34.84
2026-04-11 12:00:00 - Napel,34.82
2026-04-11 18:00:00 - Napel,34.644999999999996
2026-04-12 06:00:00 - Napel,34.84
2026-04-12 12:00:00 - Napel,34.82
2026-04-12 18:00:00 - Napel,34.644999999999996
2026-04-13 06:00:00 - Napel,34.84
2026-04-13 12:00:00 - Napel,34.82
2026-04-13 18:00:00 - Napel,34.644999999999996
2026-04-14 06:00:00 - Napel,34.84
2026-04-14 12:00:00 - Napel,34.82
2026-04-14 18:00:00 - Napel,34.644999999999996
2026-04-15 06:00:00 - Napel,34.84
2026-04-15 12:00:00 - Napel,34.82
2026-04-15 18:00:00 - Napel,34.644999999999996
2026-04-16 06:00:00 - Napel,34.84
2026-04-16 12:00:00 - Napel,34.82
2026-04-16 18:00:00 - Napel,34.644999999999996
2026-04-17 06:00:00 - Napel,34.84
2026-04-17 12:00:00 - Napel,34.82
2026-04-17 18:00:00 - Napel,34.644999999999996
2026-04-18 06:00:00 - Napel,34.84
2026-04-18 12:00:00 - Napel,34.82
2026-04-18 18:00:00 - Napel,34.644999999999996
2026-04-19 06:00:00 - Napel,34.84
2026-04-19 12:00:00 - Napel,34.82
2026-04-19 18:00:00 - Napel,34.644999999999996
2026-04-20 06:00:00 - Napel,34.84
2026-04-20 12:00:00 - Napel,34.82
2026-04-20 18:00:00 - Napel,34.644999999999996
2026-04-21 06:00:00 - Napel,34.84
2026-04-21 12:00:00 - Napel,34.82
2026-04-21 18:00:00 - Napel,34.644999999999996
2026-04-22 06:00:00 - Napel,34.84
2026-04-22 12:00:00 - Napel,34.82
2026-04-22 18:00:00 - Napel,34.644999999999996
2026-04-23 06:00:00 - Napel,34.84
2026-04-23 12:00:00 - Napel,34.82
2026-04-23 18:00:00 - Napel,34.644999999999996
2026-04-24 06:00:00 - Napel,34.84
2026-04-24 12:00:00 - Napel,34.82
2026-04-24 18:00:00 - Napel,34.644999999999996
2026-04-25 06:00:00 - Napel,34.84
2026-04-25 12:00:00 - Napel,34.82
2026-04-25 18:00:00 - Napel,34.644999999999996
2026-04-26 06:00:00 - Napel,34.84
2026-04-26 12:00:00 - Napel,34.82
2026-04-26 18:00:00 - Napel,34.644999999999996
2026-04-27 06:00:00 - Napel,34.84
2026-04-27 12:00:00 - Napel,34.82
2026-04-27 18:00:00 - Napel,34.644999999999996
2026-04-28 06:00:00 - Napel,34.84
2026-04-28 12:00:00 - Napel,34.82
2026-04-28 18:00:00 - Napel,34.644999999999996
2026-04-29 06:00:00 - Napel,34.84
2026-04-29 12:00:00 - Napel,34.82
2026-04-29 18:00:00 - Napel,34.644999999999996
2026-04-30 06:00:00 - Napel,34.84
2026-04-30 12:00:00 - Napel,34.82
2026-04-30 18:00:00 - Napel,34.644999999999996
2026-05-01 06:00:00 - Napel,33.71
2026-05-01 12:00:00 - Napel,33.68
2026-05-01 18:00:00 - Napel,33.68
2026-05-02 06:00:00 - Napel,33.71
2026-05-02 12:00:00 - Napel,33.68
2026-05-02 18:00:00 - Napel,33.68
2026-05-03 06:00:00 - Napel,33.71
2026-05-03 12:00:00 - Napel,33.68
2026-05-03 18:00:00 - Napel,33.68
2026-05-04 06:00:00 - Napel,33.71
2026-05-04 12:00:00 - Napel,33.68
2026-05-04 18:00:00 - Napel,33.68
2026-05-05 06:00:00 - Napel,33.71
2026-05-05 12:00:00 - Napel,33.68
2026-05-05 18:00:00 - Napel,33.68
2026-05-06 06:00:00 - Napel,33.71
2026-05-06 12:00:00 - Napel,33.68
2026-05-06 18:00:00 - Napel,33.68
2026-05-07 06:00:00 - Napel,33.71
2026-05-07 12:00:00 - Napel,33.68
2026-05-07 18:00:00 - Napel,33.68
2026-05-08 06:00:00 - Napel,33.71
2026-05-08 12:00:00 - Napel,33.68
2026-05-08 18:00:00 - Napel,33.68
2026-05-09 06:00:00 - Napel,33.71
2026-05-09 12:00:00 - Napel,33.68
2026-05-09 18:00:00 - Napel,33.68
2026-05-10 06:00:00 - Napel,33.71
2026-05-10 12:00:00 - Napel,33.68
2026-05-10 18:00:00 - Napel,33.68
2026-05-11 06:00:00 - Napel,33.71
2026-05-11 12:00:00 - Napel,33.68
2026-05-11 18:00:00 - Napel,33.68
2026-05-12 06:00:00 - Napel,33.71
2026-05-12 12:00:00 - Napel,33.68
2026-05-12 18:00:00 - Napel,33.68
2026-05-13 06:00:00 - Napel,33.71
2026-05-13 12:00:00 - Napel,33.68
2026-05-13 18:00:00 - Napel,33.68
2026-05-14 06:00:00 - Napel,33.71
2026-05-14 12:00:00 - Napel,33.68
2026-05-14 18:00:00 - Napel,33.68
2026-05-15 06:00:00 - Napel,33.71
2026-05-15 12:00:00 - Napel,33.68
2026-05-15 18:00:00 - Napel,33.68
2026-05-16 06:00:00 - Napel,33.71
2026-05-16 12:00:00 - Napel,33.68
2026-05-16 18:00:00 - Napel,33.68
2026-05-17 06:00:00 - Napel,33.71
2026-05-17 12:00:00 - Napel,33.68
2026-05-17 18:00:00 - Napel,33.68
2026-05-18 06:00:00 - Napel,33.71
2026-05-18 12:00:00 - Napel,33.68
2026-05-18 18:00:00 - Napel,33.68
2025-09-19 06:00:00 - Ngadipiro,143.27
2025-09-19 12:00:00 - Ngadipiro,143.2688808599409
2025-09-19 18:00:00 - Ngadipiro,143.27
2025-09-20 06:00:00 - Ngadipiro,143.27
2025-09-20 12:00:00 - Ngadipiro,143.2688808599409
2025-09-20 18:00:00 - Ngadipiro,143.27
2025-09-21 06:00:00 - Ngadipiro,143.27
2025-09-21 12:00:00 - Ngadipiro,143.2688808599409
2025-09-21 18:00:00 - Ngadipiro,143.27
2025-09-22 06:00:00 - Ngadipiro,143.27
2025-09-22 12:00:00 - Ngadipiro,143.2688808599409
2025-09-22 18:00:00 - Ngadipiro,143.27
2025-09-23 06:00:00 - Ngadipiro,143.27
2025-09-23 12:00:00 - Ngadipiro,143.2688808599409
2025-09-23 18:00:00 - Ngadipiro,143.27
2025-09-24 06:00:00 - Ngadipiro,143.27
2025-09-24 12:00:00 - Ngadipiro,143.2688808599409
2025-09-24 18:00:00 - Ngadipiro,143.27
2025-09-25 06:00:00 - Ngadipiro,143.27
2025-09-25 12:00:00 - Ngadipiro,143.2688808599409
2025-09-25 18:00:00 - Ngadipiro,143.27
2025-09-26 06:00:00 - Ngadipiro,143.27
2025-09-26 12:00:00 - Ngadipiro,143.2688808599409
2025-09-26 18:00:00 - Ngadipiro,143.27
2025-09-27 06:00:00 - Ngadipiro,143.27
2025-09-27 12:00:00 - Ngadipiro,143.2688808599409
2025-09-27 18:00:00 - Ngadipiro,143.27
2025-09-28 06:00:00 - Ngadipiro,143.27
2025-09-28 12:00:00 - Ngadipiro,143.2688808599409
2025-09-28 18:00:00 - Ngadipiro,143.27
2025-09-29 06:00:00 - Ngadipiro,143.27
2025-09-29 12:00:00 - Ngadipiro,143.2688808599409
2025-09-29 18:00:00 - Ngadipiro,143.27
2025-09-30 06:00:00 - Ngadipiro,143.27
2025-09-30 12:00:00 - Ngadipiro,143.2688808599409
2025-09-30 18:00:00 - Ngadipiro,143.27
2025-10-01 06:00:00 - Ngadipiro,143.26
2025-10-01 12:00:00 - Ngadipiro,143.255
2025-10-01 18:00:00 - Ngadipiro,143.26
2025-10-02 06:00:00 - Ngadipiro,143.26
2025-10-02 12:00:00 - Ngadipiro,143.255
2025-10-02 18:00:00 - Ngadipiro,143.26
2025-10-03 06:00:00 - Ngadipiro,143.26
2025-10-03 12:00:00 - Ngadipiro,143.255
2025-10-03 18:00:00 - Ngadipiro,143.26
2025-10-04 06:00:00 - Ngadipiro,143.26
2025-10-04 12:00:00 - Ngadipiro,143.255
2025-10-04 18:00:00 - Ngadipiro,143.26
2025-10-05 06:00:00 - Ngadipiro,143.26
2025-10-05 12:00:00 - Ngadipiro,143.255
2025-10-05 18:00:00 - Ngadipiro,143.26
2025-10-06 06:00:00 - Ngadipiro,143.26
2025-10-06 12:00:00 - Ngadipiro,143.255
2025-10-06 18:00:00 - Ngadipiro,143.26
2025-10-07 06:00:00 - Ngadipiro,143.26
2025-10-07 12:00:00 - Ngadipiro,143.255
2025-10-07 18:00:00 - Ngadipiro,143.26
2025-10-08 06:00:00 - Ngadipiro,143.26
2025-10-08 12:00:00 - Ngadipiro,143.255
2025-10-08 18:00:00 - Ngadipiro,143.26
2025-10-09 06:00:00 - Ngadipiro,143.26
2025-10-09 12:00:00 - Ngadipiro,143.255
2025-10-09 18:00:00 - Ngadipiro,143.26
2025-10-10 06:00:00 - Ngadipiro,143.26
2025-10-10 12:00:00 - Ngadipiro,143.255
2025-10-10 18:00:00 - Ngadipiro,143.26
2025-10-11 06:00:00 - Ngadipiro,143.26
2025-10-11 12:00:00 - Ngadipiro,143.255
2025-10-11 18:00:00 - Ngadipiro,143.26
2025-10-12 06:00:00 - Ngadipiro,143.26
2025-10-12 12:00:00 - Ngadipiro,143.255
2025-10-12 18:00:00 - Ngadipiro,143.26
2025-10-13 06:00:00 - Ngadipiro,143.26
2025-10-13 12:00:00 - Ngadipiro,143.255
2025-10-13 18:00:00 - Ngadipiro,143.26
2025-10-14 06:00:00 - Ngadipiro,143.26
2025-10-14 12:00:00 - Ngadipiro,143.255
2025-10-14 18:00:00 - Ngadipiro,143.26
2025-10-15 06:00:00 - Ngadipiro,143.26
2025-10-15 12:00:00 - Ngadipiro,143.255
2025-10-15 18:00:00 - Ngadipiro,143.26
2025-10-16 06:00:00 - Ngadipiro,143.26
2025-10-16 12:00:00 - Ngadipiro,143.255
2025-10-16 18:00:00 - Ngadipiro,143.26
2025-10-17 06:00:00 - Ngadipiro,143.26
2025-10-17 12:00:00 - Ngadipiro,143.255
2025-10-17 18:00:00 - Ngadipiro,143.26
2025-10-18 06:00:00 - Ngadipiro,143.26
2025-10-18 12:00:00 - Ngadipiro,143.255
2025-10-18 18:00:00 - Ngadipiro,143.26
2025-10-19 06:00:00 - Ngadipiro,143.26
2025-10-19 12:00:00 - Ngadipiro,143.255
2025-10-19 18:00:00 - Ngadipiro,143.26
2025-10-20 06:00:00 - Ngadipiro,143.26
2025-10-20 12:00:00 - Ngadipiro,143.255
2025-10-20 18:00:00 - Ngadipiro,143.26
2025-10-21 06:00:00 - Ngadipiro,143.26
2025-10-21 12:00:00 - Ngadipiro,143.255
2025-10-21 18:00:00 - Ngadipiro,143.26
2025-10-22 06:00:00 - Ngadipiro,143.26
2025-10-22 12:00:00 - Ngadipiro,143.255
2025-10-22 18:00:00 - Ngadipiro,143.26
2025-10-23 06:00:00 - Ngadipiro,143.26
2025-10-23 12:00:00 - Ngadipiro,143.255
2025-10-23 18:00:00 - Ngadipiro,143.26
2025-10-24 06:00:00 - Ngadipiro,143.26
2025-10-24 12:00:00 - Ngadipiro,143.255
2025-10-24 18:00:00 - Ngadipiro,143.26
2025-10-25 06:00:00 - Ngadipiro,143.26
2025-10-25 12:00:00 - Ngadipiro,143.255
2025-10-25 18:00:00 - Ngadipiro,143.26
2025-10-26 06:00:00 - Ngadipiro,143.26
2025-10-26 12:00:00 - Ngadipiro,143.255
2025-10-26 18:00:00 - Ngadipiro,143.26
2025-10-27 06:00:00 - Ngadipiro,143.26
2025-10-27 12:00:00 - Ngadipiro,143.255
2025-10-27 18:00:00 - Ngadipiro,143.26
2025-10-28 06:00:00 - Ngadipiro,143.26
2025-10-28 12:00:00 - Ngadipiro,143.255
2025-10-28 18:00:00 - Ngadipiro,143.26
2025-10-29 06:00:00 - Ngadipiro,143.26
2025-10-29 12:00:00 - Ngadipiro,143.255
2025-10-29 18:00:00 - Ngadipiro,143.26
2025-10-30 06:00:00 - Ngadipiro,143.26
2025-10-30 12:00:00 - Ngadipiro,143.255
2025-10-30 18:00:00 - Ngadipiro,143.26
2025-10-31 06:00:00 - Ngadipiro,143.26
2025-10-31 12:00:00 - Ngadipiro,143.255
2025-10-31 18:00:00 - Ngadipiro,143.26
2025-11-01 06:00:00 - Ngadipiro,143.41
2025-11-01 12:00:00 - Ngadipiro,143.415
2025-11-01 18:00:00 - Ngadipiro,143.42689948927864
2025-11-02 06:00:00 - Ngadipiro,143.41
2025-11-02 12:00:00 - Ngadipiro,143.415
2025-11-02 18:00:00 - Ngadipiro,143.42689948927864
2025-11-03 06:00:00 - Ngadipiro,143.41
2025-11-03 12:00:00 - Ngadipiro,143.415
2025-11-03 18:00:00 - Ngadipiro,143.42689948927864
2025-11-04 06:00:00 - Ngadipiro,143.41
2025-11-04 12:00:00 - Ngadipiro,143.415
2025-11-04 18:00:00 - Ngadipiro,143.42689948927864
2025-11-05 06:00:00 - Ngadipiro,143.41
2025-11-05 12:00:00 - Ngadipiro,143.415
2025-11-05 18:00:00 - Ngadipiro,143.42689948927864
2025-11-06 06:00:00 - Ngadipiro,143.41
2025-11-06 12:00:00 - Ngadipiro,143.415
2025-11-06 18:00:00 - Ngadipiro,143.42689948927864
2025-11-07 06:00:00 - Ngadipiro,143.41
2025-11-07 12:00:00 - Ngadipiro,143.415
2025-11-07 18:00:00 - Ngadipiro,143.42689948927864
2025-11-08 06:00:00 - Ngadipiro,143.41
2025-11-08 12:00:00 - Ngadipiro,143.415
2025-11-08 18:00:00 - Ngadipiro,143.42689948927864
2025-11-09 06:00:00 - Ngadipiro,143.41
2025-11-09 12:00:00 - Ngadipiro,143.415
2025-11-09 18:00:00 - Ngadipiro,143.42689948927864
2025-11-10 06:00:00 - Ngadipiro,143.41
2025-11-10 12:00:00 - Ngadipiro,143.415
2025-11-10 18:00:00 - Ngadipiro,143.42689948927864
2025-11-11 06:00:00 - Ngadipiro,143.41
2025-11-11 12:00:00 - Ngadipiro,143.415
2025-11-11 18:00:00 - Ngadipiro,143.42689948927864
2025-11-12 06:00:00 - Ngadipiro,143.41
2025-11-12 12:00:00 - Ngadipiro,143.415
2025-11-12 18:00:00 - Ngadipiro,143.42689948927864
2025-11-13 06:00:00 - Ngadipiro,143.41
2025-11-13 12:00:00 - Ngadipiro,143.415
2025-11-13 18:00:00 - Ngadipiro,143.42689948927864
2025-11-14 06:00:00 - Ngadipiro,143.41
2025-11-14 12:00:00 - Ngadipiro,143.415
2025-11-14 18:00:00 - Ngadipiro,143.42689948927864
2025-11-15 06:00:00 - Ngadipiro,143.41
2025-11-15 12:00:00 - Ngadipiro,143.415
2025-11-15 18:00:00 - Ngadipiro,143.42689948927864
2025-11-16 06:00:00 - Ngadipiro,143.41
2025-11-16 12:00:00 - Ngadipiro,143.415
2025-11-16 18:00:00 - Ngadipiro,143.42689948927864
2025-11-17 06:00:00 - Ngadipiro,143.41
2025-11-17 12:00:00 - Ngadipiro,143.415
2025-11-17 18:00:00 - Ngadipiro,143.42689948927864
2025-11-18 06:00:00 - Ngadipiro,143.41
2025-11-18 12:00:00 - Ngadipiro,143.415
2025-11-18 18:00:00 - Ngadipiro,143.42689948927864
2025-11-19 06:00:00 - Ngadipiro,143.41
2025-11-19 12:00:00 - Ngadipiro,143.415
2025-11-19 18:00:00 - Ngadipiro,143.42689948927864
2025-11-20 06:00:00 - Ngadipiro,143.41
2025-11-20 12:00:00 - Ngadipiro,143.415
2025-11-20 18:00:00 - Ngadipiro,143.42689948927864
2025-11-21 06:00:00 - Ngadipiro,143.41
2025-11-21 12:00:00 - Ngadipiro,143.415
2025-11-21 18:00:00 - Ngadipiro,143.42689948927864
2025-11-22 06:00:00 - Ngadipiro,143.41
2025-11-22 12:00:00 - Ngadipiro,143.415
2025-11-22 18:00:00 - Ngadipiro,143.42689948927864
2025-11-23 06:00:00 - Ngadipiro,143.41
2025-11-23 12:00:00 - Ngadipiro,143.415
2025-11-23 18:00:00 - Ngadipiro,143.42689948927864
2025-11-24 06:00:00 - Ngadipiro,143.41
2025-11-24 12:00:00 - Ngadipiro,143.415
2025-11-24 18:00:00 - Ngadipiro,143.42689948927864
2025-11-25 06:00:00 - Ngadipiro,143.41
2025-11-25 12:00:00 - Ngadipiro,143.415
2025-11-25 18:00:00 - Ngadipiro,143.42689948927864
2025-11-26 06:00:00 - Ngadipiro,143.41
2025-11-26 12:00:00 - Ngadipiro,143.415
2025-11-26 18:00:00 - Ngadipiro,143.42689948927864
2025-11-27 06:00:00 - Ngadipiro,143.41
2025-11-27 12:00:00 - Ngadipiro,143.415
2025-11-27 18:00:00 - Ngadipiro,143.42689948927864
2025-11-28 06:00:00 - Ngadipiro,143.41
2025-11-28 12:00:00 - Ngadipiro,143.415
2025-11-28 18:00:00 - Ngadipiro,143.42689948927864
2025-11-29 06:00:00 - Ngadipiro,143.41
2025-11-29 12:00:00 - Ngadipiro,143.415
2025-11-29 18:00:00 - Ngadipiro,143.42689948927864
2025-11-30 06:00:00 - Ngadipiro,143.41
2025-11-30 12:00:00 - Ngadipiro,143.415
2025-11-30 18:00:00 - Ngadipiro,143.42689948927864
2025-12-01 06:00:00 - Ngadipiro,143.725
2025-12-01 12:00:00 - Ngadipiro,143.68419697828352
2025-12-01 18:00:00 - Ngadipiro,143.60500000000002
2025-12-02 06:00:00 - Ngadipiro,143.725
2025-12-02 12:00:00 - Ngadipiro,143.68419697828352
2025-12-02 18:00:00 - Ngadipiro,143.60500000000002
2025-12-03 06:00:00 - Ngadipiro,143.725
2025-12-03 12:00:00 - Ngadipiro,143.68419697828352
2025-12-03 18:00:00 - Ngadipiro,143.60500000000002
2025-12-04 06:00:00 - Ngadipiro,143.725
2025-12-04 12:00:00 - Ngadipiro,143.68419697828352
2025-12-04 18:00:00 - Ngadipiro,143.60500000000002
2025-12-05 06:00:00 - Ngadipiro,143.725
2025-12-05 12:00:00 - Ngadipiro,143.68419697828352
2025-12-05 18:00:00 - Ngadipiro,143.60500000000002
2025-12-06 06:00:00 - Ngadipiro,143.725
2025-12-06 12:00:00 - Ngadipiro,143.68419697828352
2025-12-06 18:00:00 - Ngadipiro,143.60500000000002
2025-12-07 06:00:00 - Ngadipiro,143.725
2025-12-07 12:00:00 - Ngadipiro,143.68419697828352
2025-12-07 18:00:00 - Ngadipiro,143.60500000000002
2025-12-08 06:00:00 - Ngadipiro,143.725
2025-12-08 12:00:00 - Ngadipiro,143.68419697828352
2025-12-08 18:00:00 - Ngadipiro,143.60500000000002
2025-12-09 06:00:00 - Ngadipiro,143.725
2025-12-09 12:00:00 - Ngadipiro,143.68419697828352
2025-12-09 18:00:00 - Ngadipiro,143.60500000000002
2025-12-10 06:00:00 - Ngadipiro,143.725
2025-12-10 12:00:00 - Ngadipiro,143.68419697828352
2025-12-10 18:00:00 - Ngadipiro,143.60500000000002
2025-12-11 06:00:00 - Ngadipiro,143.725
2025-12-11 12:00:00 - Ngadipiro,143.68419697828352
2025-12-11 18:00:00 - Ngadipiro,143.60500000000002
2025-12-12 06:00:00 - Ngadipiro,143.725
2025-12-12 12:00:00 - Ngadipiro,143.68419697828352
2025-12-12 18:00:00 - Ngadipiro,143.60500000000002
2025-12-13 06:00:00 - Ngadipiro,143.725
2025-12-13 12:00:00 - Ngadipiro,143.68419697828352
2025-12-13 18:00:00 - Ngadipiro,143.60500000000002
2025-12-14 06:00:00 - Ngadipiro,143.725
2025-12-14 12:00:00 - Ngadipiro,143.68419697828352
2025-12-14 18:00:00 - Ngadipiro,143.60500000000002
2025-12-15 06:00:00 - Ngadipiro,143.725
2025-12-15 12:00:00 - Ngadipiro,143.68419697828352
2025-12-15 18:00:00 - Ngadipiro,143.60500000000002
2025-12-16 06:00:00 - Ngadipiro,143.725
2025-12-16 12:00:00 - Ngadipiro,143.68419697828352
2025-12-16 18:00:00 - Ngadipiro,143.60500000000002
2025-12-17 06:00:00 - Ngadipiro,143.725
2025-12-17 12:00:00 - Ngadipiro,143.68419697828352
2025-12-17 18:00:00 - Ngadipiro,143.60500000000002
2025-12-18 06:00:00 - Ngadipiro,143.725
2025-12-18 12:00:00 - Ngadipiro,143.68419697828352
2025-12-18 18:00:00 - Ngadipiro,143.60500000000002
2025-12-19 06:00:00 - Ngadipiro,143.725
2025-12-19 12:00:00 - Ngadipiro,143.68419697828352
2025-12-19 18:00:00 - Ngadipiro,143.60500000000002
2025-12-20 06:00:00 - Ngadipiro,143.725
2025-12-20 12:00:00 - Ngadipiro,143.68419697828352
2025-12-20 18:00:00 - Ngadipiro,143.60500000000002
2025-12-21 06:00:00 - Ngadipiro,143.725
2025-12-21 12:00:00 - Ngadipiro,143.68419697828352
2025-12-21 18:00:00 - Ngadipiro,143.60500000000002
2025-12-22 06:00:00 - Ngadipiro,143.725
2025-12-22 12:00:00 - Ngadipiro,143.68419697828352
2025-12-22 18:00:00 - Ngadipiro,143.60500000000002
2025-12-23 06:00:00 - Ngadipiro,143.725
2025-12-23 12:00:00 - Ngadipiro,143.68419697828352
2025-12-23 18:00:00 - Ngadipiro,143.60500000000002
2025-12-24 06:00:00 - Ngadipiro,143.725
2025-12-24 12:00:00 - Ngadipiro,143.68419697828352
2025-12-24 18:00:00 - Ngadipiro,143.60500000000002
2025-12-25 06:00:00 - Ngadipiro,143.725
2025-12-25 12:00:00 - Ngadipiro,143.68419697828352
2025-12-25 18:00:00 - Ngadipiro,143.60500000000002
2025-12-26 06:00:00 - Ngadipiro,143.725
2025-12-26 12:00:00 - Ngadipiro,143.68419697828352
2025-12-26 18:00:00 - Ngadipiro,143.60500000000002
2025-12-27 06:00:00 - Ngadipiro,143.725
2025-12-27 12:00:00 - Ngadipiro,143.68419697828352
2025-12-27 18:00:00 - Ngadipiro,143.60500000000002
2025-12-28 06:00:00 - Ngadipiro,143.725
2025-12-28 12:00:00 - Ngadipiro,143.68419697828352
2025-12-28 18:00:00 - Ngadipiro,143.60500000000002
2025-12-29 06:00:00 - Ngadipiro,143.725
2025-12-29 12:00:00 - Ngadipiro,143.68419697828352
2025-12-29 18:00:00 - Ngadipiro,143.60500000000002
2025-12-30 06:00:00 - Ngadipiro,143.725
2025-12-30 12:00:00 - Ngadipiro,143.68419697828352
2025-12-30 18:00:00 - Ngadipiro,143.60500000000002
2025-12-31 06:00:00 - Ngadipiro,143.725
2025-12-31 12:00:00 - Ngadipiro,143.68419697828352
2025-12-31 18:00:00 - Ngadipiro,143.60500000000002
2026-01-01 06:00:00 - Ngadipiro,143.76
2026-01-01 12:00:00 - Ngadipiro,143.73
2026-01-01 18:00:00 - Ngadipiro,143.71
2026-01-02 06:00:00 - Ngadipiro,143.76
2026-01-02 12:00:00 - Ngadipiro,143.73
2026-01-02 18:00:00 - Ngadipiro,143.71
2026-01-03 06:00:00 - Ngadipiro,143.76
2026-01-03 12:00:00 - Ngadipiro,143.73
2026-01-03 18:00:00 - Ngadipiro,143.71
2026-01-04 06:00:00 - Ngadipiro,143.76
2026-01-04 12:00:00 - Ngadipiro,143.73
2026-01-04 18:00:00 - Ngadipiro,143.71
2026-01-05 06:00:00 - Ngadipiro,143.76
2026-01-05 12:00:00 - Ngadipiro,143.73
2026-01-05 18:00:00 - Ngadipiro,143.71
2026-01-06 06:00:00 - Ngadipiro,143.76
2026-01-06 12:00:00 - Ngadipiro,143.73
2026-01-06 18:00:00 - Ngadipiro,143.71
2026-01-07 06:00:00 - Ngadipiro,143.76
2026-01-07 12:00:00 - Ngadipiro,143.73
2026-01-07 18:00:00 - Ngadipiro,143.71
2026-01-08 06:00:00 - Ngadipiro,143.76
2026-01-08 12:00:00 - Ngadipiro,143.73
2026-01-08 18:00:00 - Ngadipiro,143.71
2026-01-09 06:00:00 - Ngadipiro,143.76
2026-01-09 12:00:00 - Ngadipiro,143.73
2026-01-09 18:00:00 - Ngadipiro,143.71
2026-01-10 06:00:00 - Ngadipiro,143.76
2026-01-10 12:00:00 - Ngadipiro,143.73
2026-01-10 18:00:00 - Ngadipiro,143.71
2026-01-11 06:00:00 - Ngadipiro,143.76
2026-01-11 12:00:00 - Ngadipiro,143.73
2026-01-11 18:00:00 - Ngadipiro,143.71
2026-01-12 06:00:00 - Ngadipiro,143.76
2026-01-12 12:00:00 - Ngadipiro,143.73
2026-01-12 18:00:00 - Ngadipiro,143.71
2026-01-13 06:00:00 - Ngadipiro,143.76
2026-01-13 12:00:00 - Ngadipiro,143.73
2026-01-13 18:00:00 - Ngadipiro,143.71
2026-01-14 06:00:00 - Ngadipiro,143.76
2026-01-14 12:00:00 - Ngadipiro,143.73
2026-01-14 18:00:00 - Ngadipiro,143.71
2026-01-15 06:00:00 - Ngadipiro,143.76
2026-01-15 12:00:00 - Ngadipiro,143.73
2026-01-15 18:00:00 - Ngadipiro,143.71
2026-01-16 06:00:00 - Ngadipiro,143.76
2026-01-16 12:00:00 - Ngadipiro,143.73
2026-01-16 18:00:00 - Ngadipiro,143.71
2026-01-17 06:00:00 - Ngadipiro,143.76
2026-01-17 12:00:00 - Ngadipiro,143.73
2026-01-17 18:00:00 - Ngadipiro,143.71
2026-01-18 06:00:00 - Ngadipiro,143.76
2026-01-18 12:00:00 - Ngadipiro,143.73
2026-01-18 18:00:00 - Ngadipiro,143.71
2026-01-19 06:00:00 - Ngadipiro,143.76
2026-01-19 12:00:00 - Ngadipiro,143.73
2026-01-19 18:00:00 - Ngadipiro,143.71
2026-01-20 06:00:00 - Ngadipiro,143.76
2026-01-20 12:00:00 - Ngadipiro,143.73
2026-01-20 18:00:00 - Ngadipiro,143.71
2026-01-21 06:00:00 - Ngadipiro,143.76
2026-01-21 12:00:00 - Ngadipiro,143.73
2026-01-21 18:00:00 - Ngadipiro,143.71
2026-01-22 06:00:00 - Ngadipiro,143.76
2026-01-22 12:00:00 - Ngadipiro,143.73
2026-01-22 18:00:00 - Ngadipiro,143.71
2026-01-23 06:00:00 - Ngadipiro,143.76
2026-01-23 12:00:00 - Ngadipiro,143.73
2026-01-23 18:00:00 - Ngadipiro,143.71
2026-01-24 06:00:00 - Ngadipiro,143.76
2026-01-24 12:00:00 - Ngadipiro,143.73
2026-01-24 18:00:00 - Ngadipiro,143.71
2026-01-25 06:00:00 - Ngadipiro,143.76
2026-01-25 12:00:00 - Ngadipiro,143.73
2026-01-25 18:00:00 - Ngadipiro,143.71
2026-01-26 06:00:00 - Ngadipiro,143.76
2026-01-26 12:00:00 - Ngadipiro,143.73
2026-01-26 18:00:00 - Ngadipiro,143.71
2026-01-27 06:00:00 - Ngadipiro,143.76
2026-01-27 12:00:00 - Ngadipiro,143.73
2026-01-27 18:00:00 - Ngadipiro,143.71
2026-01-28 06:00:00 - Ngadipiro,143.76
2026-01-28 12:00:00 - Ngadipiro,143.73
2026-01-28 18:00:00 - Ngadipiro,143.71
2026-01-29 06:00:00 - Ngadipiro,143.76
2026-01-29 12:00:00 - Ngadipiro,143.73
2026-01-29 18:00:00 - Ngadipiro,143.71
2026-01-30 06:00:00 - Ngadipiro,143.76
2026-01-30 12:00:00 - Ngadipiro,143.73
2026-01-30 18:00:00 - Ngadipiro,143.71
2026-01-31 06:00:00 - Ngadipiro,143.76
2026-01-31 12:00:00 - Ngadipiro,143.73
2026-01-31 18:00:00 - Ngadipiro,143.71
2026-02-01 06:00:00 - Ngadipiro,143.92928142744498
2026-02-01 12:00:00 - Ngadipiro,143.83848372871574
2026-02-01 18:00:00 - Ngadipiro,143.9139812692906
2026-02-02 06:00:00 - Ngadipiro,143.92928142744498
2026-02-02 12:00:00 - Ngadipiro,143.83848372871574
2026-02-02 18:00:00 - Ngadipiro,143.9139812692906
2026-02-03 06:00:00 - Ngadipiro,143.92928142744498
2026-02-03 12:00:00 - Ngadipiro,143.83848372871574
2026-02-03 18:00:00 - Ngadipiro,143.9139812692906
2026-02-04 06:00:00 - Ngadipiro,143.92928142744498
2026-02-04 12:00:00 - Ngadipiro,143.83848372871574
2026-02-04 18:00:00 - Ngadipiro,143.9139812692906
2026-02-05 06:00:00 - Ngadipiro,143.92928142744498
2026-02-05 12:00:00 - Ngadipiro,143.83848372871574
2026-02-05 18:00:00 - Ngadipiro,143.9139812692906
2026-02-06 06:00:00 - Ngadipiro,143.92928142744498
2026-02-06 12:00:00 - Ngadipiro,143.83848372871574
2026-02-06 18:00:00 - Ngadipiro,143.9139812692906
2026-02-07 06:00:00 - Ngadipiro,143.92928142744498
2026-02-07 12:00:00 - Ngadipiro,143.83848372871574
2026-02-07 18:00:00 - Ngadipiro,143.9139812692906
2026-02-08 06:00:00 - Ngadipiro,143.92928142744498
2026-02-08 12:00:00 - Ngadipiro,143.83848372871574
2026-02-08 18:00:00 - Ngadipiro,143.9139812692906
2026-02-09 06:00:00 - Ngadipiro,143.92928142744498
2026-02-09 12:00:00 - Ngadipiro,143.83848372871574
2026-02-09 18:00:00 - Ngadipiro,143.9139812692906
2026-02-10 06:00:00 - Ngadipiro,143.92928142744498
2026-02-10 12:00:00 - Ngadipiro,143.83848372871574
2026-02-10 18:00:00 - Ngadipiro,143.9139812692906
2026-02-11 06:00:00 - Ngadipiro,143.92928142744498
2026-02-11 12:00:00 - Ngadipiro,143.83848372871574
2026-02-11 18:00:00 - Ngadipiro,143.9139812692906
2026-02-12 06:00:00 - Ngadipiro,143.92928142744498
2026-02-12 12:00:00 - Ngadipiro,143.83848372871574
2026-02-12 18:00:00 - Ngadipiro,143.9139812692906
2026-02-13 06:00:00 - Ngadipiro,143.92928142744498
2026-02-13 12:00:00 - Ngadipiro,143.83848372871574
2026-02-13 18:00:00 - Ngadipiro,143.9139812692906
2026-02-14 06:00:00 - Ngadipiro,143.92928142744498
2026-02-14 12:00:00 - Ngadipiro,143.83848372871574
2026-02-14 18:00:00 - Ngadipiro,143.9139812692906
2026-02-15 06:00:00 - Ngadipiro,143.92928142744498
2026-02-15 12:00:00 - Ngadipiro,143.83848372871574
2026-02-15 18:00:00 - Ngadipiro,143.9139812692906
2026-02-16 06:00:00 - Ngadipiro,143.92928142744498
2026-02-16 12:00:00 - Ngadipiro,143.83848372871574
2026-02-16 18:00:00 - Ngadipiro,143.9139812692906
2026-02-17 06:00:00 - Ngadipiro,143.92928142744498
2026-02-17 12:00:00 - Ngadipiro,143.83848372871574
2026-02-17 18:00:00 - Ngadipiro,143.9139812692906
2026-02-18 06:00:00 - Ngadipiro,143.92928142744498
2026-02-18 12:00:00 - Ngadipiro,143.83848372871574
2026-02-18 18:00:00 - Ngadipiro,143.9139812692906
2026-02-19 06:00:00 - Ngadipiro,143.92928142744498
2026-02-19 12:00:00 - Ngadipiro,143.83848372871574
2026-02-19 18:00:00 - Ngadipiro,143.9139812692906
2026-02-20 06:00:00 - Ngadipiro,143.92928142744498
2026-02-20 12:00:00 - Ngadipiro,143.83848372871574
2026-02-20 18:00:00 - Ngadipiro,143.9139812692906
2026-02-21 06:00:00 - Ngadipiro,143.92928142744498
2026-02-21 12:00:00 - Ngadipiro,143.83848372871574
2026-02-21 18:00:00 - Ngadipiro,143.9139812692906
2026-02-22 06:00:00 - Ngadipiro,143.92928142744498
2026-02-22 12:00:00 - Ngadipiro,143.83848372871574
2026-02-22 18:00:00 - Ngadipiro,143.9139812692906
2026-02-23 06:00:00 - Ngadipiro,143.92928142744498
2026-02-23 12:00:00 - Ngadipiro,143.83848372871574
2026-02-23 18:00:00 - Ngadipiro,143.9139812692906
2026-02-24 06:00:00 - Ngadipiro,143.92928142744498
2026-02-24 12:00:00 - Ngadipiro,143.83848372871574
2026-02-24 18:00:00 - Ngadipiro,143.9139812692906
2026-02-25 06:00:00 - Ngadipiro,143.92928142744498
2026-02-25 12:00:00 - Ngadipiro,143.83848372871574
2026-02-25 18:00:00 - Ngadipiro,143.9139812692906
2026-02-26 06:00:00 - Ngadipiro,143.92928142744498
2026-02-26 12:00:00 - Ngadipiro,143.83848372871574
2026-02-26 18:00:00 - Ngadipiro,143.9139812692906
2026-02-27 06:00:00 - Ngadipiro,143.92928142744498
2026-02-27 12:00:00 - Ngadipiro,143.83848372871574
2026-02-27 18:00:00 - Ngadipiro,143.9139812692906
2026-02-28 06:00:00 - Ngadipiro,143.92928142744498
2026-02-28 12:00:00 - Ngadipiro,143.83848372871574
2026-02-28 18:00:00 - Ngadipiro,143.9139812692906
2026-03-01 06:00:00 - Ngadipiro,143.81
2026-03-01 12:00:00 - Ngadipiro,143.76
2026-03-01 18:00:00 - Ngadipiro,143.79
2026-03-02 06:00:00 - Ngadipiro,143.81
2026-03-02 12:00:00 - Ngadipiro,143.76
2026-03-02 18:00:00 - Ngadipiro,143.79
2026-03-03 06:00:00 - Ngadipiro,143.81
2026-03-03 12:00:00 - Ngadipiro,143.76
2026-03-03 18:00:00 - Ngadipiro,143.79
2026-03-04 06:00:00 - Ngadipiro,143.81
2026-03-04 12:00:00 - Ngadipiro,143.76
2026-03-04 18:00:00 - Ngadipiro,143.79
2026-03-05 06:00:00 - Ngadipiro,143.81
2026-03-05 12:00:00 - Ngadipiro,143.76
2026-03-05 18:00:00 - Ngadipiro,143.79
2026-03-06 06:00:00 - Ngadipiro,143.81
2026-03-06 12:00:00 - Ngadipiro,143.76
2026-03-06 18:00:00 - Ngadipiro,143.79
2026-03-07 06:00:00 - Ngadipiro,143.81
2026-03-07 12:00:00 - Ngadipiro,143.76
2026-03-07 18:00:00 - Ngadipiro,143.79
2026-03-08 06:00:00 - Ngadipiro,143.81
2026-03-08 12:00:00 - Ngadipiro,143.76
2026-03-08 18:00:00 - Ngadipiro,143.79
2026-03-09 06:00:00 - Ngadipiro,143.81
2026-03-09 12:00:00 - Ngadipiro,143.76
2026-03-09 18:00:00 - Ngadipiro,143.79
2026-03-10 06:00:00 - Ngadipiro,143.81
2026-03-10 12:00:00 - Ngadipiro,143.76
2026-03-10 18:00:00 - Ngadipiro,143.79
2026-03-11 06:00:00 - Ngadipiro,143.81
2026-03-11 12:00:00 - Ngadipiro,143.76
2026-03-11 18:00:00 - Ngadipiro,143.79
2026-03-12 06:00:00 - Ngadipiro,143.81
2026-03-12 12:00:00 - Ngadipiro,143.76
2026-03-12 18:00:00 - Ngadipiro,143.79
2026-03-13 06:00:00 - Ngadipiro,143.81
2026-03-13 12:00:00 - Ngadipiro,143.76
2026-03-13 18:00:00 - Ngadipiro,143.79
2026-03-14 06:00:00 - Ngadipiro,143.81
2026-03-14 12:00:00 - Ngadipiro,143.76
2026-03-14 18:00:00 - Ngadipiro,143.79
2026-03-15 06:00:00 - Ngadipiro,143.81
2026-03-15 12:00:00 - Ngadipiro,143.76
2026-03-15 18:00:00 - Ngadipiro,143.79
2026-03-16 06:00:00 - Ngadipiro,143.81
2026-03-16 12:00:00 - Ngadipiro,143.76
2026-03-16 18:00:00 - Ngadipiro,143.79
2026-03-17 06:00:00 - Ngadipiro,143.81
2026-03-17 12:00:00 - Ngadipiro,143.76
2026-03-17 18:00:00 - Ngadipiro,143.79
2026-03-18 06:00:00 - Ngadipiro,143.81
2026-03-18 12:00:00 - Ngadipiro,143.76
2026-03-18 18:00:00 - Ngadipiro,143.79
2026-03-19 06:00:00 - Ngadipiro,143.81
2026-03-19 12:00:00 - Ngadipiro,143.76
2026-03-19 18:00:00 - Ngadipiro,143.79
2026-03-20 06:00:00 - Ngadipiro,143.81
2026-03-20 12:00:00 - Ngadipiro,143.76
2026-03-20 18:00:00 - Ngadipiro,143.79
2026-03-21 06:00:00 - Ngadipiro,143.81
2026-03-21 12:00:00 - Ngadipiro,143.76
2026-03-21 18:00:00 - Ngadipiro,143.79
2026-03-22 06:00:00 - Ngadipiro,143.81
2026-03-22 12:00:00 - Ngadipiro,143.76
2026-03-22 18:00:00 - Ngadipiro,143.79
2026-03-23 06:00:00 - Ngadipiro,143.81
2026-03-23 12:00:00 - Ngadipiro,143.76
2026-03-23 18:00:00 - Ngadipiro,143.79
2026-03-24 06:00:00 - Ngadipiro,143.81
2026-03-24 12:00:00 - Ngadipiro,143.76
2026-03-24 18:00:00 - Ngadipiro,143.79
2026-03-25 06:00:00 - Ngadipiro,143.81
2026-03-25 12:00:00 - Ngadipiro,143.76
2026-03-25 18:00:00 - Ngadipiro,143.79
2026-03-26 06:00:00 - Ngadipiro,143.81
2026-03-26 12:00:00 - Ngadipiro,143.76
2026-03-26 18:00:00 - Ngadipiro,143.79
2026-03-27 06:00:00 - Ngadipiro,143.81
2026-03-27 12:00:00 - Ngadipiro,143.76
2026-03-27 18:00:00 - Ngadipiro,143.79
2026-03-28 06:00:00 - Ngadipiro,143.81
2026-03-28 12:00:00 - Ngadipiro,143.76
2026-03-28 18:00:00 - Ngadipiro,143.79
2026-03-29 06:00:00 - Ngadipiro,143.81
2026-03-29 12:00:00 - Ngadipiro,143.76
2026-03-29 18:00:00 - Ngadipiro,143.79
2026-03-30 06:00:00 - Ngadipiro,143.81
2026-03-30 12:00:00 - Ngadipiro,143.76
2026-03-30 18:00:00 - Ngadipiro,143.79
2026-03-31 06:00:00 - Ngadipiro,143.81
2026-03-31 12:00:00 - Ngadipiro,143.76
2026-03-31 18:00:00 - Ngadipiro,143.79
2026-04-01 06:00:00 - Ngadipiro,143.61
2026-04-01 12:00:00 - Ngadipiro,143.61
2026-04-01 18:00:00 - Ngadipiro,143.61
2026-04-02 06:00:00 - Ngadipiro,143.61
2026-04-02 12:00:00 - Ngadipiro,143.61
2026-04-02 18:00:00 - Ngadipiro,143.61
2026-04-03 06:00:00 - Ngadipiro,143.61
2026-04-03 12:00:00 - Ngadipiro,143.61
2026-04-03 18:00:00 - Ngadipiro,143.61
2026-04-04 06:00:00 - Ngadipiro,143.61
2026-04-04 12:00:00 - Ngadipiro,143.61
2026-04-04 18:00:00 - Ngadipiro,143.61
2026-04-05 06:00:00 - Ngadipiro,143.61
2026-04-05 12:00:00 - Ngadipiro,143.61
2026-04-05 18:00:00 - Ngadipiro,143.61
2026-04-06 06:00:00 - Ngadipiro,143.61
2026-04-06 12:00:00 - Ngadipiro,143.61
2026-04-06 18:00:00 - Ngadipiro,143.61
2026-04-07 06:00:00 - Ngadipiro,143.61
2026-04-07 12:00:00 - Ngadipiro,143.61
2026-04-07 18:00:00 - Ngadipiro,143.61
2026-04-08 06:00:00 - Ngadipiro,143.61
2026-04-08 12:00:00 - Ngadipiro,143.61
2026-04-08 18:00:00 - Ngadipiro,143.61
2026-04-09 06:00:00 - Ngadipiro,143.61
2026-04-09 12:00:00 - Ngadipiro,143.61
2026-04-09 18:00:00 - Ngadipiro,143.61
2026-04-10 06:00:00 - Ngadipiro,143.61
2026-04-10 12:00:00 - Ngadipiro,143.61
2026-04-10 18:00:00 - Ngadipiro,143.61
2026-04-11 06:00:00 - Ngadipiro,143.61
2026-04-11 12:00:00 - Ngadipiro,143.61
2026-04-11 18:00:00 - Ngadipiro,143.61
2026-04-12 06:00:00 - Ngadipiro,143.61
2026-04-12 12:00:00 - Ngadipiro,143.61
2026-04-12 18:00:00 - Ngadipiro,143.61
2026-04-13 06:00:00 - Ngadipiro,143.61
2026-04-13 12:00:00 - Ngadipiro,143.61
2026-04-13 18:00:00 - Ngadipiro,143.61
2026-04-14 06:00:00 - Ngadipiro,143.61
2026-04-14 12:00:00 - Ngadipiro,143.61
2026-04-14 18:00:00 - Ngadipiro,143.61
2026-04-15 06:00:00 - Ngadipiro,143.61
2026-04-15 12:00:00 - Ngadipiro,143.61
2026-04-15 18:00:00 - Ngadipiro,143.61
2026-04-16 06:00:00 - Ngadipiro,143.61
2026-04-16 12:00:00 - Ngadipiro,143.61
2026-04-16 18:00:00 - Ngadipiro,143.61
2026-04-17 06:00:00 - Ngadipiro,143.61
2026-04-17 12:00:00 - Ngadipiro,143.61
2026-04-17 18:00:00 - Ngadipiro,143.61
2026-04-18 06:00:00 - Ngadipiro,143.61
2026-04-18 12:00:00 - Ngadipiro,143.61
2026-04-18 18:00:00 - Ngadipiro,143.61
2026-04-19 06:00:00 - Ngadipiro,143.61
2026-04-19 12:00:00 - Ngadipiro,143.61
2026-04-19 18:00:00 - Ngadipiro,143.61
2026-04-20 06:00:00 - Ngadipiro,143.61
2026-04-20 12:00:00 - Ngadipiro,143.61
2026-04-20 18:00:00 - Ngadipiro,143.61
2026-04-21 06:00:00 - Ngadipiro,143.61
2026-04-21 12:00:00 - Ngadipiro,143.61
2026-04-21 18:00:00 - Ngadipiro,143.61
2026-04-22 06:00:00 - Ngadipiro,143.61
2026-04-22 12:00:00 - Ngadipiro,143.61
2026-04-22 18:00:00 - Ngadipiro,143.61
2026-04-23 06:00:00 - Ngadipiro,143.61
2026-04-23 12:00:00 - Ngadipiro,143.61
2026-04-23 18:00:00 - Ngadipiro,143.61
2026-04-24 06:00:00 - Ngadipiro,143.61
2026-04-24 12:00:00 - Ngadipiro,143.61
2026-04-24 18:00:00 - Ngadipiro,143.61
2026-04-25 06:00:00 - Ngadipiro,143.61
2026-04-25 12:00:00 - Ngadipiro,143.61
2026-04-25 18:00:00 - Ngadipiro,143.61
2026-04-26 06:00:00 - Ngadipiro,143.61
2026-04-26 12:00:00 - Ngadipiro,143.61
2026-04-26 18:00:00 - Ngadipiro,143.61
2026-04-27 06:00:00 - Ngadipiro,143.61
2026-04-27 12:00:00 - Ngadipiro,143.61
2026-04-27 18:00:00 - Ngadipiro,143.61
2026-04-28 06:00:00 - Ngadipiro,143.61
2026-04-28 12:00:00 - Ngadipiro,143.61
2026-04-28 18:00:00 - Ngadipiro,143.61
2026-04-29 06:00:00 - Ngadipiro,143.61
2026-04-29 12:00:00 - Ngadipiro,143.61
2026-04-29 18:00:00 - Ngadipiro,143.61
2026-04-30 06:00:00 - Ngadipiro,143.61
2026-04-30 12:00:00 - Ngadipiro,143.61
2026-04-30 18:00:00 - Ngadipiro,143.61
2026-05-01 06:00:00 - Ngadipiro,143.47
2026-05-01 12:00:00 - Ngadipiro,143.46
2026-05-01 18:00:00 - Ngadipiro,143.47
2026-05-02 06:00:00 - Ngadipiro,143.47
2026-05-02 12:00:00 - Ngadipiro,143.46
2026-05-02 18:00:00 - Ngadipiro,143.47
2026-05-03 06:00:00 - Ngadipiro,143.47
2026-05-03 12:00:00 - Ngadipiro,143.46
2026-05-03 18:00:00 - Ngadipiro,143.47
2026-05-04 06:00:00 - Ngadipiro,143.47
2026-05-04 12:00:00 - Ngadipiro,143.46
2026-05-04 18:00:00 - Ngadipiro,143.47
2026-05-05 06:00:00 - Ngadipiro,143.47
2026-05-05 12:00:00 - Ngadipiro,143.46
2026-05-05 18:00:00 - Ngadipiro,143.47
2026-05-06 06:00:00 - Ngadipiro,143.47
2026-05-06 12:00:00 - Ngadipiro,143.46
2026-05-06 18:00:00 - Ngadipiro,143.47
2026-05-07 06:00:00 - Ngadipiro,143.47
2026-05-07 12:00:00 - Ngadipiro,143.46
2026-05-07 18:00:00 - Ngadipiro,143.47
2026-05-08 06:00:00 - Ngadipiro,143.47
2026-05-08 12:00:00 - Ngadipiro,143.46
2026-05-08 18:00:00 - Ngadipiro,143.47
2026-05-09 06:00:00 - Ngadipiro,143.47
2026-05-09 12:00:00 - Ngadipiro,143.46
2026-05-09 18:00:00 - Ngadipiro,143.47
2026-05-10 06:00:00 - Ngadipiro,143.47
2026-05-10 12:00:00 - Ngadipiro,143.46
2026-05-10 18:00:00 - Ngadipiro,143.47
2026-05-11 06:00:00 - Ngadipiro,143.47
2026-05-11 12:00:00 - Ngadipiro,143.46
2026-05-11 18:00:00 - Ngadipiro,143.47
2026-05-12 06:00:00 - Ngadipiro,143.47
2026-05-12 12:00:00 - Ngadipiro,143.46
2026-05-12 18:00:00 - Ngadipiro,143.47
2026-05-13 06:00:00 - Ngadipiro,143.47
2026-05-13 12:00:00 - Ngadipiro,143.46
2026-05-13 18:00:00 - Ngadipiro,143.47
2026-05-14 06:00:00 - Ngadipiro,143.47
2026-05-14 12:00:00 - Ngadipiro,143.46
2026-05-14 18:00:00 - Ngadipiro,143.47
2026-05-15 06:00:00 - Ngadipiro,143.47
2026-05-15 12:00:00 - Ngadipiro,143.46
2026-05-15 18:00:00 - Ngadipiro,143.47
2026-05-16 06:00:00 - Ngadipiro,143.47
2026-05-16 12:00:00 - Ngadipiro,143.46
2026-05-16 18:00:00 - Ngadipiro,143.47
2026-05-17 06:00:00 - Ngadipiro,143.47
2026-05-17 12:00:00 - Ngadipiro,143.46
2026-05-17 18:00:00 - Ngadipiro,143.47
2026-05-18 06:00:00 - Ngadipiro,143.47
2026-05-18 12:00:00 - Ngadipiro,143.46
2026-05-18 18:00:00 - Ngadipiro,143.47
2025-09-19 06:00:00 - Ngrembang,139.92
2025-09-19 12:00:00 - Ngrembang,139.92
2025-09-19 18:00:00 - Ngrembang,139.92
2025-09-20 06:00:00 - Ngrembang,139.92
2025-09-20 12:00:00 - Ngrembang,139.92
2025-09-20 18:00:00 - Ngrembang,139.92
2025-09-21 06:00:00 - Ngrembang,139.92
2025-09-21 12:00:00 - Ngrembang,139.92
2025-09-21 18:00:00 - Ngrembang,139.92
2025-09-22 06:00:00 - Ngrembang,139.92
2025-09-22 12:00:00 - Ngrembang,139.92
2025-09-22 18:00:00 - Ngrembang,139.92
2025-09-23 06:00:00 - Ngrembang,139.92
2025-09-23 12:00:00 - Ngrembang,139.92
2025-09-23 18:00:00 - Ngrembang,139.92
2025-09-24 06:00:00 - Ngrembang,139.92
2025-09-24 12:00:00 - Ngrembang,139.92
2025-09-24 18:00:00 - Ngrembang,139.92
2025-09-25 06:00:00 - Ngrembang,139.92
2025-09-25 12:00:00 - Ngrembang,139.92
2025-09-25 18:00:00 - Ngrembang,139.92
2025-09-26 06:00:00 - Ngrembang,139.92
2025-09-26 12:00:00 - Ngrembang,139.92
2025-09-26 18:00:00 - Ngrembang,139.92
2025-09-27 06:00:00 - Ngrembang,139.92
2025-09-27 12:00:00 - Ngrembang,139.92
2025-09-27 18:00:00 - Ngrembang,139.92
2025-09-28 06:00:00 - Ngrembang,139.92
2025-09-28 12:00:00 - Ngrembang,139.92
2025-09-28 18:00:00 - Ngrembang,139.92
2025-09-29 06:00:00 - Ngrembang,139.92
2025-09-29 12:00:00 - Ngrembang,139.92
2025-09-29 18:00:00 - Ngrembang,139.92
2025-09-30 06:00:00 - Ngrembang,139.92
2025-09-30 12:00:00 - Ngrembang,139.92
2025-09-30 18:00:00 - Ngrembang,139.92
2025-10-01 06:00:00 - Ngrembang,139.927546400381
2025-10-01 12:00:00 - Ngrembang,139.926985705988
2025-10-01 18:00:00 - Ngrembang,139.94
2025-10-02 06:00:00 - Ngrembang,139.927546400381
2025-10-02 12:00:00 - Ngrembang,139.926985705988
2025-10-02 18:00:00 - Ngrembang,139.94
2025-10-03 06:00:00 - Ngrembang,139.927546400381
2025-10-03 12:00:00 - Ngrembang,139.926985705988
2025-10-03 18:00:00 - Ngrembang,139.94
2025-10-04 06:00:00 - Ngrembang,139.927546400381
2025-10-04 12:00:00 - Ngrembang,139.926985705988
2025-10-04 18:00:00 - Ngrembang,139.94
2025-10-05 06:00:00 - Ngrembang,139.927546400381
2025-10-05 12:00:00 - Ngrembang,139.926985705988
2025-10-05 18:00:00 - Ngrembang,139.94
2025-10-06 06:00:00 - Ngrembang,139.927546400381
2025-10-06 12:00:00 - Ngrembang,139.926985705988
2025-10-06 18:00:00 - Ngrembang,139.94
2025-10-07 06:00:00 - Ngrembang,139.927546400381
2025-10-07 12:00:00 - Ngrembang,139.926985705988
2025-10-07 18:00:00 - Ngrembang,139.94
2025-10-08 06:00:00 - Ngrembang,139.927546400381
2025-10-08 12:00:00 - Ngrembang,139.926985705988
2025-10-08 18:00:00 - Ngrembang,139.94
2025-10-09 06:00:00 - Ngrembang,139.927546400381
2025-10-09 12:00:00 - Ngrembang,139.926985705988
2025-10-09 18:00:00 - Ngrembang,139.94
2025-10-10 06:00:00 - Ngrembang,139.927546400381
2025-10-10 12:00:00 - Ngrembang,139.926985705988
2025-10-10 18:00:00 - Ngrembang,139.94
2025-10-11 06:00:00 - Ngrembang,139.927546400381
2025-10-11 12:00:00 - Ngrembang,139.926985705988
2025-10-11 18:00:00 - Ngrembang,139.94
2025-10-12 06:00:00 - Ngrembang,139.927546400381
2025-10-12 12:00:00 - Ngrembang,139.926985705988
2025-10-12 18:00:00 - Ngrembang,139.94
2025-10-13 06:00:00 - Ngrembang,139.927546400381
2025-10-13 12:00:00 - Ngrembang,139.926985705988
2025-10-13 18:00:00 - Ngrembang,139.94
2025-10-14 06:00:00 - Ngrembang,139.927546400381
2025-10-14 12:00:00 - Ngrembang,139.926985705988
2025-10-14 18:00:00 - Ngrembang,139.94
2025-10-15 06:00:00 - Ngrembang,139.927546400381
2025-10-15 12:00:00 - Ngrembang,139.926985705988
2025-10-15 18:00:00 - Ngrembang,139.94
2025-10-16 06:00:00 - Ngrembang,139.927546400381
2025-10-16 12:00:00 - Ngrembang,139.926985705988
2025-10-16 18:00:00 - Ngrembang,139.94
2025-10-17 06:00:00 - Ngrembang,139.927546400381
2025-10-17 12:00:00 - Ngrembang,139.926985705988
2025-10-17 18:00:00 - Ngrembang,139.94
2025-10-18 06:00:00 - Ngrembang,139.927546400381
2025-10-18 12:00:00 - Ngrembang,139.926985705988
2025-10-18 18:00:00 - Ngrembang,139.94
2025-10-19 06:00:00 - Ngrembang,139.927546400381
2025-10-19 12:00:00 - Ngrembang,139.926985705988
2025-10-19 18:00:00 - Ngrembang,139.94
2025-10-20 06:00:00 - Ngrembang,139.927546400381
2025-10-20 12:00:00 - Ngrembang,139.926985705988
2025-10-20 18:00:00 - Ngrembang,139.94
2025-10-21 06:00:00 - Ngrembang,139.927546400381
2025-10-21 12:00:00 - Ngrembang,139.926985705988
2025-10-21 18:00:00 - Ngrembang,139.94
2025-10-22 06:00:00 - Ngrembang,139.927546400381
2025-10-22 12:00:00 - Ngrembang,139.926985705988
2025-10-22 18:00:00 - Ngrembang,139.94
2025-10-23 06:00:00 - Ngrembang,139.927546400381
2025-10-23 12:00:00 - Ngrembang,139.926985705988
2025-10-23 18:00:00 - Ngrembang,139.94
2025-10-24 06:00:00 - Ngrembang,139.927546400381
2025-10-24 12:00:00 - Ngrembang,139.926985705988
2025-10-24 18:00:00 - Ngrembang,139.94
2025-10-25 06:00:00 - Ngrembang,139.927546400381
2025-10-25 12:00:00 - Ngrembang,139.926985705988
2025-10-25 18:00:00 - Ngrembang,139.94
2025-10-26 06:00:00 - Ngrembang,139.927546400381
2025-10-26 12:00:00 - Ngrembang,139.926985705988
2025-10-26 18:00:00 - Ngrembang,139.94
2025-10-27 06:00:00 - Ngrembang,139.927546400381
2025-10-27 12:00:00 - Ngrembang,139.926985705988
2025-10-27 18:00:00 - Ngrembang,139.94
2025-10-28 06:00:00 - Ngrembang,139.927546400381
2025-10-28 12:00:00 - Ngrembang,139.926985705988
2025-10-28 18:00:00 - Ngrembang,139.94
2025-10-29 06:00:00 - Ngrembang,139.927546400381
2025-10-29 12:00:00 - Ngrembang,139.926985705988
2025-10-29 18:00:00 - Ngrembang,139.94
2025-10-30 06:00:00 - Ngrembang,139.927546400381
2025-10-30 12:00:00 - Ngrembang,139.926985705988
2025-10-30 18:00:00 - Ngrembang,139.94
2025-10-31 06:00:00 - Ngrembang,139.927546400381
2025-10-31 12:00:00 - Ngrembang,139.926985705988
2025-10-31 18:00:00 - Ngrembang,139.94
2025-11-01 06:00:00 - Ngrembang,139.94
2025-11-01 12:00:00 - Ngrembang,139.94
2025-11-01 18:00:00 - Ngrembang,139.94
2025-11-02 06:00:00 - Ngrembang,139.94
2025-11-02 12:00:00 - Ngrembang,139.94
2025-11-02 18:00:00 - Ngrembang,139.94
2025-11-03 06:00:00 - Ngrembang,139.94
2025-11-03 12:00:00 - Ngrembang,139.94
2025-11-03 18:00:00 - Ngrembang,139.94
2025-11-04 06:00:00 - Ngrembang,139.94
2025-11-04 12:00:00 - Ngrembang,139.94
2025-11-04 18:00:00 - Ngrembang,139.94
2025-11-05 06:00:00 - Ngrembang,139.94
2025-11-05 12:00:00 - Ngrembang,139.94
2025-11-05 18:00:00 - Ngrembang,139.94
2025-11-06 06:00:00 - Ngrembang,139.94
2025-11-06 12:00:00 - Ngrembang,139.94
2025-11-06 18:00:00 - Ngrembang,139.94
2025-11-07 06:00:00 - Ngrembang,139.94
2025-11-07 12:00:00 - Ngrembang,139.94
2025-11-07 18:00:00 - Ngrembang,139.94
2025-11-08 06:00:00 - Ngrembang,139.94
2025-11-08 12:00:00 - Ngrembang,139.94
2025-11-08 18:00:00 - Ngrembang,139.94
2025-11-09 06:00:00 - Ngrembang,139.94
2025-11-09 12:00:00 - Ngrembang,139.94
2025-11-09 18:00:00 - Ngrembang,139.94
2025-11-10 06:00:00 - Ngrembang,139.94
2025-11-10 12:00:00 - Ngrembang,139.94
2025-11-10 18:00:00 - Ngrembang,139.94
2025-11-11 06:00:00 - Ngrembang,139.94
2025-11-11 12:00:00 - Ngrembang,139.94
2025-11-11 18:00:00 - Ngrembang,139.94
2025-11-12 06:00:00 - Ngrembang,139.94
2025-11-12 12:00:00 - Ngrembang,139.94
2025-11-12 18:00:00 - Ngrembang,139.94
2025-11-13 06:00:00 - Ngrembang,139.94
2025-11-13 12:00:00 - Ngrembang,139.94
2025-11-13 18:00:00 - Ngrembang,139.94
2025-11-14 06:00:00 - Ngrembang,139.94
2025-11-14 12:00:00 - Ngrembang,139.94
2025-11-14 18:00:00 - Ngrembang,139.94
2025-11-15 06:00:00 - Ngrembang,139.94
2025-11-15 12:00:00 - Ngrembang,139.94
2025-11-15 18:00:00 - Ngrembang,139.94
2025-11-16 06:00:00 - Ngrembang,139.94
2025-11-16 12:00:00 - Ngrembang,139.94
2025-11-16 18:00:00 - Ngrembang,139.94
2025-11-17 06:00:00 - Ngrembang,139.94
2025-11-17 12:00:00 - Ngrembang,139.94
2025-11-17 18:00:00 - Ngrembang,139.94
2025-11-18 06:00:00 - Ngrembang,139.94
2025-11-18 12:00:00 - Ngrembang,139.94
2025-11-18 18:00:00 - Ngrembang,139.94
2025-11-19 06:00:00 - Ngrembang,139.94
2025-11-19 12:00:00 - Ngrembang,139.94
2025-11-19 18:00:00 - Ngrembang,139.94
2025-11-20 06:00:00 - Ngrembang,139.94
2025-11-20 12:00:00 - Ngrembang,139.94
2025-11-20 18:00:00 - Ngrembang,139.94
2025-11-21 06:00:00 - Ngrembang,139.94
2025-11-21 12:00:00 - Ngrembang,139.94
2025-11-21 18:00:00 - Ngrembang,139.94
2025-11-22 06:00:00 - Ngrembang,139.94
2025-11-22 12:00:00 - Ngrembang,139.94
2025-11-22 18:00:00 - Ngrembang,139.94
2025-11-23 06:00:00 - Ngrembang,139.94
2025-11-23 12:00:00 - Ngrembang,139.94
2025-11-23 18:00:00 - Ngrembang,139.94
2025-11-24 06:00:00 - Ngrembang,139.94
2025-11-24 12:00:00 - Ngrembang,139.94
2025-11-24 18:00:00 - Ngrembang,139.94
2025-11-25 06:00:00 - Ngrembang,139.94
2025-11-25 12:00:00 - Ngrembang,139.94
2025-11-25 18:00:00 - Ngrembang,139.94
2025-11-26 06:00:00 - Ngrembang,139.94
2025-11-26 12:00:00 - Ngrembang,139.94
2025-11-26 18:00:00 - Ngrembang,139.94
2025-11-27 06:00:00 - Ngrembang,139.94
2025-11-27 12:00:00 - Ngrembang,139.94
2025-11-27 18:00:00 - Ngrembang,139.94
2025-11-28 06:00:00 - Ngrembang,139.94
2025-11-28 12:00:00 - Ngrembang,139.94
2025-11-28 18:00:00 - Ngrembang,139.94
2025-11-29 06:00:00 - Ngrembang,139.94
2025-11-29 12:00:00 - Ngrembang,139.94
2025-11-29 18:00:00 - Ngrembang,139.94
2025-11-30 06:00:00 - Ngrembang,139.94
2025-11-30 12:00:00 - Ngrembang,139.94
2025-11-30 18:00:00 - Ngrembang,139.94
2025-12-01 06:00:00 - Ngrembang,139.965
2025-12-01 12:00:00 - Ngrembang,139.965
2025-12-01 18:00:00 - Ngrembang,139.97856501880432
2025-12-02 06:00:00 - Ngrembang,139.965
2025-12-02 12:00:00 - Ngrembang,139.965
2025-12-02 18:00:00 - Ngrembang,139.97856501880432
2025-12-03 06:00:00 - Ngrembang,139.965
2025-12-03 12:00:00 - Ngrembang,139.965
2025-12-03 18:00:00 - Ngrembang,139.97856501880432
2025-12-04 06:00:00 - Ngrembang,139.965
2025-12-04 12:00:00 - Ngrembang,139.965
2025-12-04 18:00:00 - Ngrembang,139.97856501880432
2025-12-05 06:00:00 - Ngrembang,139.965
2025-12-05 12:00:00 - Ngrembang,139.965
2025-12-05 18:00:00 - Ngrembang,139.97856501880432
2025-12-06 06:00:00 - Ngrembang,139.965
2025-12-06 12:00:00 - Ngrembang,139.965
2025-12-06 18:00:00 - Ngrembang,139.97856501880432
2025-12-07 06:00:00 - Ngrembang,139.965
2025-12-07 12:00:00 - Ngrembang,139.965
2025-12-07 18:00:00 - Ngrembang,139.97856501880432
2025-12-08 06:00:00 - Ngrembang,139.965
2025-12-08 12:00:00 - Ngrembang,139.965
2025-12-08 18:00:00 - Ngrembang,139.97856501880432
2025-12-09 06:00:00 - Ngrembang,139.965
2025-12-09 12:00:00 - Ngrembang,139.965
2025-12-09 18:00:00 - Ngrembang,139.97856501880432
2025-12-10 06:00:00 - Ngrembang,139.965
2025-12-10 12:00:00 - Ngrembang,139.965
2025-12-10 18:00:00 - Ngrembang,139.97856501880432
2025-12-11 06:00:00 - Ngrembang,139.965
2025-12-11 12:00:00 - Ngrembang,139.965
2025-12-11 18:00:00 - Ngrembang,139.97856501880432
2025-12-12 06:00:00 - Ngrembang,139.965
2025-12-12 12:00:00 - Ngrembang,139.965
2025-12-12 18:00:00 - Ngrembang,139.97856501880432
2025-12-13 06:00:00 - Ngrembang,139.965
2025-12-13 12:00:00 - Ngrembang,139.965
2025-12-13 18:00:00 - Ngrembang,139.97856501880432
2025-12-14 06:00:00 - Ngrembang,139.965
2025-12-14 12:00:00 - Ngrembang,139.965
2025-12-14 18:00:00 - Ngrembang,139.97856501880432
2025-12-15 06:00:00 - Ngrembang,139.965
2025-12-15 12:00:00 - Ngrembang,139.965
2025-12-15 18:00:00 - Ngrembang,139.97856501880432
2025-12-16 06:00:00 - Ngrembang,139.965
2025-12-16 12:00:00 - Ngrembang,139.965
2025-12-16 18:00:00 - Ngrembang,139.97856501880432
2025-12-17 06:00:00 - Ngrembang,139.965
2025-12-17 12:00:00 - Ngrembang,139.965
2025-12-17 18:00:00 - Ngrembang,139.97856501880432
2025-12-18 06:00:00 - Ngrembang,139.965
2025-12-18 12:00:00 - Ngrembang,139.965
2025-12-18 18:00:00 - Ngrembang,139.97856501880432
2025-12-19 06:00:00 - Ngrembang,139.965
2025-12-19 12:00:00 - Ngrembang,139.965
2025-12-19 18:00:00 - Ngrembang,139.97856501880432
2025-12-20 06:00:00 - Ngrembang,139.965
2025-12-20 12:00:00 - Ngrembang,139.965
2025-12-20 18:00:00 - Ngrembang,139.97856501880432
2025-12-21 06:00:00 - Ngrembang,139.965
2025-12-21 12:00:00 - Ngrembang,139.965
2025-12-21 18:00:00 - Ngrembang,139.97856501880432
2025-12-22 06:00:00 - Ngrembang,139.965
2025-12-22 12:00:00 - Ngrembang,139.965
2025-12-22 18:00:00 - Ngrembang,139.97856501880432
2025-12-23 06:00:00 - Ngrembang,139.965
2025-12-23 12:00:00 - Ngrembang,139.965
2025-12-23 18:00:00 - Ngrembang,139.97856501880432
2025-12-24 06:00:00 - Ngrembang,139.965
2025-12-24 12:00:00 - Ngrembang,139.965
2025-12-24 18:00:00 - Ngrembang,139.97856501880432
2025-12-25 06:00:00 - Ngrembang,139.965
2025-12-25 12:00:00 - Ngrembang,139.965
2025-12-25 18:00:00 - Ngrembang,139.97856501880432
2025-12-26 06:00:00 - Ngrembang,139.965
2025-12-26 12:00:00 - Ngrembang,139.965
2025-12-26 18:00:00 - Ngrembang,139.97856501880432
2025-12-27 06:00:00 - Ngrembang,139.965
2025-12-27 12:00:00 - Ngrembang,139.965
2025-12-27 18:00:00 - Ngrembang,139.97856501880432
2025-12-28 06:00:00 - Ngrembang,139.965
2025-12-28 12:00:00 - Ngrembang,139.965
2025-12-28 18:00:00 - Ngrembang,139.97856501880432
2025-12-29 06:00:00 - Ngrembang,139.965
2025-12-29 12:00:00 - Ngrembang,139.965
2025-12-29 18:00:00 - Ngrembang,139.97856501880432
2025-12-30 06:00:00 - Ngrembang,139.965
2025-12-30 12:00:00 - Ngrembang,139.965
2025-12-30 18:00:00 - Ngrembang,139.97856501880432
2025-12-31 06:00:00 - Ngrembang,139.965
2025-12-31 12:00:00 - Ngrembang,139.965
2025-12-31 18:00:00 - Ngrembang,139.97856501880432
2026-01-01 06:00:00 - Ngrembang,140.09
2026-01-01 12:00:00 - Ngrembang,140.0967747180508
2026-01-01 18:00:00 - Ngrembang,140.11
2026-01-02 06:00:00 - Ngrembang,140.09
2026-01-02 12:00:00 - Ngrembang,140.0967747180508
2026-01-02 18:00:00 - Ngrembang,140.11
2026-01-03 06:00:00 - Ngrembang,140.09
2026-01-03 12:00:00 - Ngrembang,140.0967747180508
2026-01-03 18:00:00 - Ngrembang,140.11
2026-01-04 06:00:00 - Ngrembang,140.09
2026-01-04 12:00:00 - Ngrembang,140.0967747180508
2026-01-04 18:00:00 - Ngrembang,140.11
2026-01-05 06:00:00 - Ngrembang,140.09
2026-01-05 12:00:00 - Ngrembang,140.0967747180508
2026-01-05 18:00:00 - Ngrembang,140.11
2026-01-06 06:00:00 - Ngrembang,140.09
2026-01-06 12:00:00 - Ngrembang,140.0967747180508
2026-01-06 18:00:00 - Ngrembang,140.11
2026-01-07 06:00:00 - Ngrembang,140.09
2026-01-07 12:00:00 - Ngrembang,140.0967747180508
2026-01-07 18:00:00 - Ngrembang,140.11
2026-01-08 06:00:00 - Ngrembang,140.09
2026-01-08 12:00:00 - Ngrembang,140.0967747180508
2026-01-08 18:00:00 - Ngrembang,140.11
2026-01-09 06:00:00 - Ngrembang,140.09
2026-01-09 12:00:00 - Ngrembang,140.0967747180508
2026-01-09 18:00:00 - Ngrembang,140.11
2026-01-10 06:00:00 - Ngrembang,140.09
2026-01-10 12:00:00 - Ngrembang,140.0967747180508
2026-01-10 18:00:00 - Ngrembang,140.11
2026-01-11 06:00:00 - Ngrembang,140.09
2026-01-11 12:00:00 - Ngrembang,140.0967747180508
2026-01-11 18:00:00 - Ngrembang,140.11
2026-01-12 06:00:00 - Ngrembang,140.09
2026-01-12 12:00:00 - Ngrembang,140.0967747180508
2026-01-12 18:00:00 - Ngrembang,140.11
2026-01-13 06:00:00 - Ngrembang,140.09
2026-01-13 12:00:00 - Ngrembang,140.0967747180508
2026-01-13 18:00:00 - Ngrembang,140.11
2026-01-14 06:00:00 - Ngrembang,140.09
2026-01-14 12:00:00 - Ngrembang,140.0967747180508
2026-01-14 18:00:00 - Ngrembang,140.11
2026-01-15 06:00:00 - Ngrembang,140.09
2026-01-15 12:00:00 - Ngrembang,140.0967747180508
2026-01-15 18:00:00 - Ngrembang,140.11
2026-01-16 06:00:00 - Ngrembang,140.09
2026-01-16 12:00:00 - Ngrembang,140.0967747180508
2026-01-16 18:00:00 - Ngrembang,140.11
2026-01-17 06:00:00 - Ngrembang,140.09
2026-01-17 12:00:00 - Ngrembang,140.0967747180508
2026-01-17 18:00:00 - Ngrembang,140.11
2026-01-18 06:00:00 - Ngrembang,140.09
2026-01-18 12:00:00 - Ngrembang,140.0967747180508
2026-01-18 18:00:00 - Ngrembang,140.11
2026-01-19 06:00:00 - Ngrembang,140.09
2026-01-19 12:00:00 - Ngrembang,140.0967747180508
2026-01-19 18:00:00 - Ngrembang,140.11
2026-01-20 06:00:00 - Ngrembang,140.09
2026-01-20 12:00:00 - Ngrembang,140.0967747180508
2026-01-20 18:00:00 - Ngrembang,140.11
2026-01-21 06:00:00 - Ngrembang,140.09
2026-01-21 12:00:00 - Ngrembang,140.0967747180508
2026-01-21 18:00:00 - Ngrembang,140.11
2026-01-22 06:00:00 - Ngrembang,140.09
2026-01-22 12:00:00 - Ngrembang,140.0967747180508
2026-01-22 18:00:00 - Ngrembang,140.11
2026-01-23 06:00:00 - Ngrembang,140.09
2026-01-23 12:00:00 - Ngrembang,140.0967747180508
2026-01-23 18:00:00 - Ngrembang,140.11
2026-01-24 06:00:00 - Ngrembang,140.09
2026-01-24 12:00:00 - Ngrembang,140.0967747180508
2026-01-24 18:00:00 - Ngrembang,140.11
2026-01-25 06:00:00 - Ngrembang,140.09
2026-01-25 12:00:00 - Ngrembang,140.0967747180508
2026-01-25 18:00:00 - Ngrembang,140.11
2026-01-26 06:00:00 - Ngrembang,140.09
2026-01-26 12:00:00 - Ngrembang,140.0967747180508
2026-01-26 18:00:00 - Ngrembang,140.11
2026-01-27 06:00:00 - Ngrembang,140.09
2026-01-27 12:00:00 - Ngrembang,140.0967747180508
2026-01-27 18:00:00 - Ngrembang,140.11
2026-01-28 06:00:00 - Ngrembang,140.09
2026-01-28 12:00:00 - Ngrembang,140.0967747180508
2026-01-28 18:00:00 - Ngrembang,140.11
2026-01-29 06:00:00 - Ngrembang,140.09
2026-01-29 12:00:00 - Ngrembang,140.0967747180508
2026-01-29 18:00:00 - Ngrembang,140.11
2026-01-30 06:00:00 - Ngrembang,140.09
2026-01-30 12:00:00 - Ngrembang,140.0967747180508
2026-01-30 18:00:00 - Ngrembang,140.11
2026-01-31 06:00:00 - Ngrembang,140.09
2026-01-31 12:00:00 - Ngrembang,140.0967747180508
2026-01-31 18:00:00 - Ngrembang,140.11
2026-02-01 06:00:00 - Ngrembang,140.11
2026-02-01 12:00:00 - Ngrembang,140.12
2026-02-01 18:00:00 - Ngrembang,140.14533792462674
2026-02-02 06:00:00 - Ngrembang,140.11
2026-02-02 12:00:00 - Ngrembang,140.12
2026-02-02 18:00:00 - Ngrembang,140.14533792462674
2026-02-03 06:00:00 - Ngrembang,140.11
2026-02-03 12:00:00 - Ngrembang,140.12
2026-02-03 18:00:00 - Ngrembang,140.14533792462674
2026-02-04 06:00:00 - Ngrembang,140.11
2026-02-04 12:00:00 - Ngrembang,140.12
2026-02-04 18:00:00 - Ngrembang,140.14533792462674
2026-02-05 06:00:00 - Ngrembang,140.11
2026-02-05 12:00:00 - Ngrembang,140.12
2026-02-05 18:00:00 - Ngrembang,140.14533792462674
2026-02-06 06:00:00 - Ngrembang,140.11
2026-02-06 12:00:00 - Ngrembang,140.12
2026-02-06 18:00:00 - Ngrembang,140.14533792462674
2026-02-07 06:00:00 - Ngrembang,140.11
2026-02-07 12:00:00 - Ngrembang,140.12
2026-02-07 18:00:00 - Ngrembang,140.14533792462674
2026-02-08 06:00:00 - Ngrembang,140.11
2026-02-08 12:00:00 - Ngrembang,140.12
2026-02-08 18:00:00 - Ngrembang,140.14533792462674
2026-02-09 06:00:00 - Ngrembang,140.11
2026-02-09 12:00:00 - Ngrembang,140.12
2026-02-09 18:00:00 - Ngrembang,140.14533792462674
2026-02-10 06:00:00 - Ngrembang,140.11
2026-02-10 12:00:00 - Ngrembang,140.12
2026-02-10 18:00:00 - Ngrembang,140.14533792462674
2026-02-11 06:00:00 - Ngrembang,140.11
2026-02-11 12:00:00 - Ngrembang,140.12
2026-02-11 18:00:00 - Ngrembang,140.14533792462674
2026-02-12 06:00:00 - Ngrembang,140.11
2026-02-12 12:00:00 - Ngrembang,140.12
2026-02-12 18:00:00 - Ngrembang,140.14533792462674
2026-02-13 06:00:00 - Ngrembang,140.11
2026-02-13 12:00:00 - Ngrembang,140.12
2026-02-13 18:00:00 - Ngrembang,140.14533792462674
2026-02-14 06:00:00 - Ngrembang,140.11
2026-02-14 12:00:00 - Ngrembang,140.12
2026-02-14 18:00:00 - Ngrembang,140.14533792462674
2026-02-15 06:00:00 - Ngrembang,140.11
2026-02-15 12:00:00 - Ngrembang,140.12
2026-02-15 18:00:00 - Ngrembang,140.14533792462674
2026-02-16 06:00:00 - Ngrembang,140.11
2026-02-16 12:00:00 - Ngrembang,140.12
2026-02-16 18:00:00 - Ngrembang,140.14533792462674
2026-02-17 06:00:00 - Ngrembang,140.11
2026-02-17 12:00:00 - Ngrembang,140.12
2026-02-17 18:00:00 - Ngrembang,140.14533792462674
2026-02-18 06:00:00 - Ngrembang,140.11
2026-02-18 12:00:00 - Ngrembang,140.12
2026-02-18 18:00:00 - Ngrembang,140.14533792462674
2026-02-19 06:00:00 - Ngrembang,140.11
2026-02-19 12:00:00 - Ngrembang,140.12
2026-02-19 18:00:00 - Ngrembang,140.14533792462674
2026-02-20 06:00:00 - Ngrembang,140.11
2026-02-20 12:00:00 - Ngrembang,140.12
2026-02-20 18:00:00 - Ngrembang,140.14533792462674
2026-02-21 06:00:00 - Ngrembang,140.11
2026-02-21 12:00:00 - Ngrembang,140.12
2026-02-21 18:00:00 - Ngrembang,140.14533792462674
2026-02-22 06:00:00 - Ngrembang,140.11
2026-02-22 12:00:00 - Ngrembang,140.12
2026-02-22 18:00:00 - Ngrembang,140.14533792462674
2026-02-23 06:00:00 - Ngrembang,140.11
2026-02-23 12:00:00 - Ngrembang,140.12
2026-02-23 18:00:00 - Ngrembang,140.14533792462674
2026-02-24 06:00:00 - Ngrembang,140.11
2026-02-24 12:00:00 - Ngrembang,140.12
2026-02-24 18:00:00 - Ngrembang,140.14533792462674
2026-02-25 06:00:00 - Ngrembang,140.11
2026-02-25 12:00:00 - Ngrembang,140.12
2026-02-25 18:00:00 - Ngrembang,140.14533792462674
2026-02-26 06:00:00 - Ngrembang,140.11
2026-02-26 12:00:00 - Ngrembang,140.12
2026-02-26 18:00:00 - Ngrembang,140.14533792462674
2026-02-27 06:00:00 - Ngrembang,140.11
2026-02-27 12:00:00 - Ngrembang,140.12
2026-02-27 18:00:00 - Ngrembang,140.14533792462674
2026-02-28 06:00:00 - Ngrembang,140.11
2026-02-28 12:00:00 - Ngrembang,140.12
2026-02-28 18:00:00 - Ngrembang,140.14533792462674
2026-03-01 06:00:00 - Ngrembang,140.16
2026-03-01 12:00:00 - Ngrembang,140.16
2026-03-01 18:00:00 - Ngrembang,140.16
2026-03-02 06:00:00 - Ngrembang,140.16
2026-03-02 12:00:00 - Ngrembang,140.16
2026-03-02 18:00:00 - Ngrembang,140.16
2026-03-03 06:00:00 - Ngrembang,140.16
2026-03-03 12:00:00 - Ngrembang,140.16
2026-03-03 18:00:00 - Ngrembang,140.16
2026-03-04 06:00:00 - Ngrembang,140.16
2026-03-04 12:00:00 - Ngrembang,140.16
2026-03-04 18:00:00 - Ngrembang,140.16
2026-03-05 06:00:00 - Ngrembang,140.16
2026-03-05 12:00:00 - Ngrembang,140.16
2026-03-05 18:00:00 - Ngrembang,140.16
2026-03-06 06:00:00 - Ngrembang,140.16
2026-03-06 12:00:00 - Ngrembang,140.16
2026-03-06 18:00:00 - Ngrembang,140.16
2026-03-07 06:00:00 - Ngrembang,140.16
2026-03-07 12:00:00 - Ngrembang,140.16
2026-03-07 18:00:00 - Ngrembang,140.16
2026-03-08 06:00:00 - Ngrembang,140.16
2026-03-08 12:00:00 - Ngrembang,140.16
2026-03-08 18:00:00 - Ngrembang,140.16
2026-03-09 06:00:00 - Ngrembang,140.16
2026-03-09 12:00:00 - Ngrembang,140.16
2026-03-09 18:00:00 - Ngrembang,140.16
2026-03-10 06:00:00 - Ngrembang,140.16
2026-03-10 12:00:00 - Ngrembang,140.16
2026-03-10 18:00:00 - Ngrembang,140.16
2026-03-11 06:00:00 - Ngrembang,140.16
2026-03-11 12:00:00 - Ngrembang,140.16
2026-03-11 18:00:00 - Ngrembang,140.16
2026-03-12 06:00:00 - Ngrembang,140.16
2026-03-12 12:00:00 - Ngrembang,140.16
2026-03-12 18:00:00 - Ngrembang,140.16
2026-03-13 06:00:00 - Ngrembang,140.16
2026-03-13 12:00:00 - Ngrembang,140.16
2026-03-13 18:00:00 - Ngrembang,140.16
2026-03-14 06:00:00 - Ngrembang,140.16
2026-03-14 12:00:00 - Ngrembang,140.16
2026-03-14 18:00:00 - Ngrembang,140.16
2026-03-15 06:00:00 - Ngrembang,140.16
2026-03-15 12:00:00 - Ngrembang,140.16
2026-03-15 18:00:00 - Ngrembang,140.16
2026-03-16 06:00:00 - Ngrembang,140.16
2026-03-16 12:00:00 - Ngrembang,140.16
2026-03-16 18:00:00 - Ngrembang,140.16
2026-03-17 06:00:00 - Ngrembang,140.16
2026-03-17 12:00:00 - Ngrembang,140.16
2026-03-17 18:00:00 - Ngrembang,140.16
2026-03-18 06:00:00 - Ngrembang,140.16
2026-03-18 12:00:00 - Ngrembang,140.16
2026-03-18 18:00:00 - Ngrembang,140.16
2026-03-19 06:00:00 - Ngrembang,140.16
2026-03-19 12:00:00 - Ngrembang,140.16
2026-03-19 18:00:00 - Ngrembang,140.16
2026-03-20 06:00:00 - Ngrembang,140.16
2026-03-20 12:00:00 - Ngrembang,140.16
2026-03-20 18:00:00 - Ngrembang,140.16
2026-03-21 06:00:00 - Ngrembang,140.16
2026-03-21 12:00:00 - Ngrembang,140.16
2026-03-21 18:00:00 - Ngrembang,140.16
2026-03-22 06:00:00 - Ngrembang,140.16
2026-03-22 12:00:00 - Ngrembang,140.16
2026-03-22 18:00:00 - Ngrembang,140.16
2026-03-23 06:00:00 - Ngrembang,140.16
2026-03-23 12:00:00 - Ngrembang,140.16
2026-03-23 18:00:00 - Ngrembang,140.16
2026-03-24 06:00:00 - Ngrembang,140.16
2026-03-24 12:00:00 - Ngrembang,140.16
2026-03-24 18:00:00 - Ngrembang,140.16
2026-03-25 06:00:00 - Ngrembang,140.16
2026-03-25 12:00:00 - Ngrembang,140.16
2026-03-25 18:00:00 - Ngrembang,140.16
2026-03-26 06:00:00 - Ngrembang,140.16
2026-03-26 12:00:00 - Ngrembang,140.16
2026-03-26 18:00:00 - Ngrembang,140.16
2026-03-27 06:00:00 - Ngrembang,140.16
2026-03-27 12:00:00 - Ngrembang,140.16
2026-03-27 18:00:00 - Ngrembang,140.16
2026-03-28 06:00:00 - Ngrembang,140.16
2026-03-28 12:00:00 - Ngrembang,140.16
2026-03-28 18:00:00 - Ngrembang,140.16
2026-03-29 06:00:00 - Ngrembang,140.16
2026-03-29 12:00:00 - Ngrembang,140.16
2026-03-29 18:00:00 - Ngrembang,140.16
2026-03-30 06:00:00 - Ngrembang,140.16
2026-03-30 12:00:00 - Ngrembang,140.16
2026-03-30 18:00:00 - Ngrembang,140.16
2026-03-31 06:00:00 - Ngrembang,140.16
2026-03-31 12:00:00 - Ngrembang,140.16
2026-03-31 18:00:00 - Ngrembang,140.16
2026-04-01 06:00:00 - Ngrembang,140.01
2026-04-01 12:00:00 - Ngrembang,140.01
2026-04-01 18:00:00 - Ngrembang,140.01
2026-04-02 06:00:00 - Ngrembang,140.01
2026-04-02 12:00:00 - Ngrembang,140.01
2026-04-02 18:00:00 - Ngrembang,140.01
2026-04-03 06:00:00 - Ngrembang,140.01
2026-04-03 12:00:00 - Ngrembang,140.01
2026-04-03 18:00:00 - Ngrembang,140.01
2026-04-04 06:00:00 - Ngrembang,140.01
2026-04-04 12:00:00 - Ngrembang,140.01
2026-04-04 18:00:00 - Ngrembang,140.01
2026-04-05 06:00:00 - Ngrembang,140.01
2026-04-05 12:00:00 - Ngrembang,140.01
2026-04-05 18:00:00 - Ngrembang,140.01
2026-04-06 06:00:00 - Ngrembang,140.01
2026-04-06 12:00:00 - Ngrembang,140.01
2026-04-06 18:00:00 - Ngrembang,140.01
2026-04-07 06:00:00 - Ngrembang,140.01
2026-04-07 12:00:00 - Ngrembang,140.01
2026-04-07 18:00:00 - Ngrembang,140.01
2026-04-08 06:00:00 - Ngrembang,140.01
2026-04-08 12:00:00 - Ngrembang,140.01
2026-04-08 18:00:00 - Ngrembang,140.01
2026-04-09 06:00:00 - Ngrembang,140.01
2026-04-09 12:00:00 - Ngrembang,140.01
2026-04-09 18:00:00 - Ngrembang,140.01
2026-04-10 06:00:00 - Ngrembang,140.01
2026-04-10 12:00:00 - Ngrembang,140.01
2026-04-10 18:00:00 - Ngrembang,140.01
2026-04-11 06:00:00 - Ngrembang,140.01
2026-04-11 12:00:00 - Ngrembang,140.01
2026-04-11 18:00:00 - Ngrembang,140.01
2026-04-12 06:00:00 - Ngrembang,140.01
2026-04-12 12:00:00 - Ngrembang,140.01
2026-04-12 18:00:00 - Ngrembang,140.01
2026-04-13 06:00:00 - Ngrembang,140.01
2026-04-13 12:00:00 - Ngrembang,140.01
2026-04-13 18:00:00 - Ngrembang,140.01
2026-04-14 06:00:00 - Ngrembang,140.01
2026-04-14 12:00:00 - Ngrembang,140.01
2026-04-14 18:00:00 - Ngrembang,140.01
2026-04-15 06:00:00 - Ngrembang,140.01
2026-04-15 12:00:00 - Ngrembang,140.01
2026-04-15 18:00:00 - Ngrembang,140.01
2026-04-16 06:00:00 - Ngrembang,140.01
2026-04-16 12:00:00 - Ngrembang,140.01
2026-04-16 18:00:00 - Ngrembang,140.01
2026-04-17 06:00:00 - Ngrembang,140.01
2026-04-17 12:00:00 - Ngrembang,140.01
2026-04-17 18:00:00 - Ngrembang,140.01
2026-04-18 06:00:00 - Ngrembang,140.01
2026-04-18 12:00:00 - Ngrembang,140.01
2026-04-18 18:00:00 - Ngrembang,140.01
2026-04-19 06:00:00 - Ngrembang,140.01
2026-04-19 12:00:00 - Ngrembang,140.01
2026-04-19 18:00:00 - Ngrembang,140.01
2026-04-20 06:00:00 - Ngrembang,140.01
2026-04-20 12:00:00 - Ngrembang,140.01
2026-04-20 18:00:00 - Ngrembang,140.01
2026-04-21 06:00:00 - Ngrembang,140.01
2026-04-21 12:00:00 - Ngrembang,140.01
2026-04-21 18:00:00 - Ngrembang,140.01
2026-04-22 06:00:00 - Ngrembang,140.01
2026-04-22 12:00:00 - Ngrembang,140.01
2026-04-22 18:00:00 - Ngrembang,140.01
2026-04-23 06:00:00 - Ngrembang,140.01
2026-04-23 12:00:00 - Ngrembang,140.01
2026-04-23 18:00:00 - Ngrembang,140.01
2026-04-24 06:00:00 - Ngrembang,140.01
2026-04-24 12:00:00 - Ngrembang,140.01
2026-04-24 18:00:00 - Ngrembang,140.01
2026-04-25 06:00:00 - Ngrembang,140.01
2026-04-25 12:00:00 - Ngrembang,140.01
2026-04-25 18:00:00 - Ngrembang,140.01
2026-04-26 06:00:00 - Ngrembang,140.01
2026-04-26 12:00:00 - Ngrembang,140.01
2026-04-26 18:00:00 - Ngrembang,140.01
2026-04-27 06:00:00 - Ngrembang,140.01
2026-04-27 12:00:00 - Ngrembang,140.01
2026-04-27 18:00:00 - Ngrembang,140.01
2026-04-28 06:00:00 - Ngrembang,140.01
2026-04-28 12:00:00 - Ngrembang,140.01
2026-04-28 18:00:00 - Ngrembang,140.01
2026-04-29 06:00:00 - Ngrembang,140.01
2026-04-29 12:00:00 - Ngrembang,140.01
2026-04-29 18:00:00 - Ngrembang,140.01
2026-04-30 06:00:00 - Ngrembang,140.01
2026-04-30 12:00:00 - Ngrembang,140.01
2026-04-30 18:00:00 - Ngrembang,140.01
2026-05-01 06:00:00 - Ngrembang,139.96787484944414
2026-05-01 12:00:00 - Ngrembang,139.96
2026-05-01 18:00:00 - Ngrembang,139.96
2026-05-02 06:00:00 - Ngrembang,139.96787484944414
2026-05-02 12:00:00 - Ngrembang,139.96
2026-05-02 18:00:00 - Ngrembang,139.96
2026-05-03 06:00:00 - Ngrembang,139.96787484944414
2026-05-03 12:00:00 - Ngrembang,139.96
2026-05-03 18:00:00 - Ngrembang,139.96
2026-05-04 06:00:00 - Ngrembang,139.96787484944414
2026-05-04 12:00:00 - Ngrembang,139.96
2026-05-04 18:00:00 - Ngrembang,139.96
2026-05-05 06:00:00 - Ngrembang,139.96787484944414
2026-05-05 12:00:00 - Ngrembang,139.96
2026-05-05 18:00:00 - Ngrembang,139.96
2026-05-06 06:00:00 - Ngrembang,139.96787484944414
2026-05-06 12:00:00 - Ngrembang,139.96
2026-05-06 18:00:00 - Ngrembang,139.96
2026-05-07 06:00:00 - Ngrembang,139.96787484944414
2026-05-07 12:00:00 - Ngrembang,139.96
2026-05-07 18:00:00 - Ngrembang,139.96
2026-05-08 06:00:00 - Ngrembang,139.96787484944414
2026-05-08 12:00:00 - Ngrembang,139.96
2026-05-08 18:00:00 - Ngrembang,139.96
2026-05-09 06:00:00 - Ngrembang,139.96787484944414
2026-05-09 12:00:00 - Ngrembang,139.96
2026-05-09 18:00:00 - Ngrembang,139.96
2026-05-10 06:00:00 - Ngrembang,139.96787484944414
2026-05-10 12:00:00 - Ngrembang,139.96
2026-05-10 18:00:00 - Ngrembang,139.96
2026-05-11 06:00:00 - Ngrembang,139.96787484944414
2026-05-11 12:00:00 - Ngrembang,139.96
2026-05-11 18:00:00 - Ngrembang,139.96
2026-05-12 06:00:00 - Ngrembang,139.96787484944414
2026-05-12 12:00:00 - Ngrembang,139.96
2026-05-12 18:00:00 - Ngrembang,139.96
2026-05-13 06:00:00 - Ngrembang,139.96787484944414
2026-05-13 12:00:00 - Ngrembang,139.96
2026-05-13 18:00:00 - Ngrembang,139.96
2026-05-14 06:00:00 - Ngrembang,139.96787484944414
2026-05-14 12:00:00 - Ngrembang,139.96
2026-05-14 18:00:00 - Ngrembang,139.96
2026-05-15 06:00:00 - Ngrembang,139.96787484944414
2026-05-15 12:00:00 - Ngrembang,139.96
2026-05-15 18:00:00 - Ngrembang,139.96
2026-05-16 06:00:00 - Ngrembang,139.96787484944414
2026-05-16 12:00:00 - Ngrembang,139.96
2026-05-16 18:00:00 - Ngrembang,139.96
2026-05-17 06:00:00 - Ngrembang,139.96787484944414
2026-05-17 12:00:00 - Ngrembang,139.96
2026-05-17 18:00:00 - Ngrembang,139.96
2026-05-18 06:00:00 - Ngrembang,139.96787484944414
2026-05-18 12:00:00 - Ngrembang,139.96
2026-05-18 18:00:00 - Ngrembang,139.96
2025-09-19 06:00:00 - Peren,90.875
2025-09-19 12:00:00 - Peren,90.9181883731541
2025-09-19 18:00:00 - Peren,90.85
2025-09-20 06:00:00 - Peren,90.875
2025-09-20 12:00:00 - Peren,90.9181883731541
2025-09-20 18:00:00 - Peren,90.85
2025-09-21 06:00:00 - Peren,90.875
2025-09-21 12:00:00 - Peren,90.9181883731541
2025-09-21 18:00:00 - Peren,90.85
2025-09-22 06:00:00 - Peren,90.875
2025-09-22 12:00:00 - Peren,90.9181883731541
2025-09-22 18:00:00 - Peren,90.85
2025-09-23 06:00:00 - Peren,90.875
2025-09-23 12:00:00 - Peren,90.9181883731541
2025-09-23 18:00:00 - Peren,90.85
2025-09-24 06:00:00 - Peren,90.875
2025-09-24 12:00:00 - Peren,90.9181883731541
2025-09-24 18:00:00 - Peren,90.85
2025-09-25 06:00:00 - Peren,90.875
2025-09-25 12:00:00 - Peren,90.9181883731541
2025-09-25 18:00:00 - Peren,90.85
2025-09-26 06:00:00 - Peren,90.875
2025-09-26 12:00:00 - Peren,90.9181883731541
2025-09-26 18:00:00 - Peren,90.85
2025-09-27 06:00:00 - Peren,90.875
2025-09-27 12:00:00 - Peren,90.9181883731541
2025-09-27 18:00:00 - Peren,90.85
2025-09-28 06:00:00 - Peren,90.875
2025-09-28 12:00:00 - Peren,90.9181883731541
2025-09-28 18:00:00 - Peren,90.85
2025-09-29 06:00:00 - Peren,90.875
2025-09-29 12:00:00 - Peren,90.9181883731541
2025-09-29 18:00:00 - Peren,90.85
2025-09-30 06:00:00 - Peren,90.875
2025-09-30 12:00:00 - Peren,90.9181883731541
2025-09-30 18:00:00 - Peren,90.85
2025-10-01 06:00:00 - Peren,90.86500000000001
2025-10-01 12:00:00 - Peren,90.90370188444497
2025-10-01 18:00:00 - Peren,90.88614881050489
2025-10-02 06:00:00 - Peren,90.86500000000001
2025-10-02 12:00:00 - Peren,90.90370188444497
2025-10-02 18:00:00 - Peren,90.88614881050489
2025-10-03 06:00:00 - Peren,90.86500000000001
2025-10-03 12:00:00 - Peren,90.90370188444497
2025-10-03 18:00:00 - Peren,90.88614881050489
2025-10-04 06:00:00 - Peren,90.86500000000001
2025-10-04 12:00:00 - Peren,90.90370188444497
2025-10-04 18:00:00 - Peren,90.88614881050489
2025-10-05 06:00:00 - Peren,90.86500000000001
2025-10-05 12:00:00 - Peren,90.90370188444497
2025-10-05 18:00:00 - Peren,90.88614881050489
2025-10-06 06:00:00 - Peren,90.86500000000001
2025-10-06 12:00:00 - Peren,90.90370188444497
2025-10-06 18:00:00 - Peren,90.88614881050489
2025-10-07 06:00:00 - Peren,90.86500000000001
2025-10-07 12:00:00 - Peren,90.90370188444497
2025-10-07 18:00:00 - Peren,90.88614881050489
2025-10-08 06:00:00 - Peren,90.86500000000001
2025-10-08 12:00:00 - Peren,90.90370188444497
2025-10-08 18:00:00 - Peren,90.88614881050489
2025-10-09 06:00:00 - Peren,90.86500000000001
2025-10-09 12:00:00 - Peren,90.90370188444497
2025-10-09 18:00:00 - Peren,90.88614881050489
2025-10-10 06:00:00 - Peren,90.86500000000001
2025-10-10 12:00:00 - Peren,90.90370188444497
2025-10-10 18:00:00 - Peren,90.88614881050489
2025-10-11 06:00:00 - Peren,90.86500000000001
2025-10-11 12:00:00 - Peren,90.90370188444497
2025-10-11 18:00:00 - Peren,90.88614881050489
2025-10-12 06:00:00 - Peren,90.86500000000001
2025-10-12 12:00:00 - Peren,90.90370188444497
2025-10-12 18:00:00 - Peren,90.88614881050489
2025-10-13 06:00:00 - Peren,90.86500000000001
2025-10-13 12:00:00 - Peren,90.90370188444497
2025-10-13 18:00:00 - Peren,90.88614881050489
2025-10-14 06:00:00 - Peren,90.86500000000001
2025-10-14 12:00:00 - Peren,90.90370188444497
2025-10-14 18:00:00 - Peren,90.88614881050489
2025-10-15 06:00:00 - Peren,90.86500000000001
2025-10-15 12:00:00 - Peren,90.90370188444497
2025-10-15 18:00:00 - Peren,90.88614881050489
2025-10-16 06:00:00 - Peren,90.86500000000001
2025-10-16 12:00:00 - Peren,90.90370188444497
2025-10-16 18:00:00 - Peren,90.88614881050489
2025-10-17 06:00:00 - Peren,90.86500000000001
2025-10-17 12:00:00 - Peren,90.90370188444497
2025-10-17 18:00:00 - Peren,90.88614881050489
2025-10-18 06:00:00 - Peren,90.86500000000001
2025-10-18 12:00:00 - Peren,90.90370188444497
2025-10-18 18:00:00 - Peren,90.88614881050489
2025-10-19 06:00:00 - Peren,90.86500000000001
2025-10-19 12:00:00 - Peren,90.90370188444497
2025-10-19 18:00:00 - Peren,90.88614881050489
2025-10-20 06:00:00 - Peren,90.86500000000001
2025-10-20 12:00:00 - Peren,90.90370188444497
2025-10-20 18:00:00 - Peren,90.88614881050489
2025-10-21 06:00:00 - Peren,90.86500000000001
2025-10-21 12:00:00 - Peren,90.90370188444497
2025-10-21 18:00:00 - Peren,90.88614881050489
2025-10-22 06:00:00 - Peren,90.86500000000001
2025-10-22 12:00:00 - Peren,90.90370188444497
2025-10-22 18:00:00 - Peren,90.88614881050489
2025-10-23 06:00:00 - Peren,90.86500000000001
2025-10-23 12:00:00 - Peren,90.90370188444497
2025-10-23 18:00:00 - Peren,90.88614881050489
2025-10-24 06:00:00 - Peren,90.86500000000001
2025-10-24 12:00:00 - Peren,90.90370188444497
2025-10-24 18:00:00 - Peren,90.88614881050489
2025-10-25 06:00:00 - Peren,90.86500000000001
2025-10-25 12:00:00 - Peren,90.90370188444497
2025-10-25 18:00:00 - Peren,90.88614881050489
2025-10-26 06:00:00 - Peren,90.86500000000001
2025-10-26 12:00:00 - Peren,90.90370188444497
2025-10-26 18:00:00 - Peren,90.88614881050489
2025-10-27 06:00:00 - Peren,90.86500000000001
2025-10-27 12:00:00 - Peren,90.90370188444497
2025-10-27 18:00:00 - Peren,90.88614881050489
2025-10-28 06:00:00 - Peren,90.86500000000001
2025-10-28 12:00:00 - Peren,90.90370188444497
2025-10-28 18:00:00 - Peren,90.88614881050489
2025-10-29 06:00:00 - Peren,90.86500000000001
2025-10-29 12:00:00 - Peren,90.90370188444497
2025-10-29 18:00:00 - Peren,90.88614881050489
2025-10-30 06:00:00 - Peren,90.86500000000001
2025-10-30 12:00:00 - Peren,90.90370188444497
2025-10-30 18:00:00 - Peren,90.88614881050489
2025-10-31 06:00:00 - Peren,90.86500000000001
2025-10-31 12:00:00 - Peren,90.90370188444497
2025-10-31 18:00:00 - Peren,90.88614881050489
2025-11-01 06:00:00 - Peren,90.95
2025-11-01 12:00:00 - Peren,90.97115380043567
2025-11-01 18:00:00 - Peren,90.95
2025-11-02 06:00:00 - Peren,90.95
2025-11-02 12:00:00 - Peren,90.97115380043567
2025-11-02 18:00:00 - Peren,90.95
2025-11-03 06:00:00 - Peren,90.95
2025-11-03 12:00:00 - Peren,90.97115380043567
2025-11-03 18:00:00 - Peren,90.95
2025-11-04 06:00:00 - Peren,90.95
2025-11-04 12:00:00 - Peren,90.97115380043567
2025-11-04 18:00:00 - Peren,90.95
2025-11-05 06:00:00 - Peren,90.95
2025-11-05 12:00:00 - Peren,90.97115380043567
2025-11-05 18:00:00 - Peren,90.95
2025-11-06 06:00:00 - Peren,90.95
2025-11-06 12:00:00 - Peren,90.97115380043567
2025-11-06 18:00:00 - Peren,90.95
2025-11-07 06:00:00 - Peren,90.95
2025-11-07 12:00:00 - Peren,90.97115380043567
2025-11-07 18:00:00 - Peren,90.95
2025-11-08 06:00:00 - Peren,90.95
2025-11-08 12:00:00 - Peren,90.97115380043567
2025-11-08 18:00:00 - Peren,90.95
2025-11-09 06:00:00 - Peren,90.95
2025-11-09 12:00:00 - Peren,90.97115380043567
2025-11-09 18:00:00 - Peren,90.95
2025-11-10 06:00:00 - Peren,90.95
2025-11-10 12:00:00 - Peren,90.97115380043567
2025-11-10 18:00:00 - Peren,90.95
2025-11-11 06:00:00 - Peren,90.95
2025-11-11 12:00:00 - Peren,90.97115380043567
2025-11-11 18:00:00 - Peren,90.95
2025-11-12 06:00:00 - Peren,90.95
2025-11-12 12:00:00 - Peren,90.97115380043567
2025-11-12 18:00:00 - Peren,90.95
2025-11-13 06:00:00 - Peren,90.95
2025-11-13 12:00:00 - Peren,90.97115380043567
2025-11-13 18:00:00 - Peren,90.95
2025-11-14 06:00:00 - Peren,90.95
2025-11-14 12:00:00 - Peren,90.97115380043567
2025-11-14 18:00:00 - Peren,90.95
2025-11-15 06:00:00 - Peren,90.95
2025-11-15 12:00:00 - Peren,90.97115380043567
2025-11-15 18:00:00 - Peren,90.95
2025-11-16 06:00:00 - Peren,90.95
2025-11-16 12:00:00 - Peren,90.97115380043567
2025-11-16 18:00:00 - Peren,90.95
2025-11-17 06:00:00 - Peren,90.95
2025-11-17 12:00:00 - Peren,90.97115380043567
2025-11-17 18:00:00 - Peren,90.95
2025-11-18 06:00:00 - Peren,90.95
2025-11-18 12:00:00 - Peren,90.97115380043567
2025-11-18 18:00:00 - Peren,90.95
2025-11-19 06:00:00 - Peren,90.95
2025-11-19 12:00:00 - Peren,90.97115380043567
2025-11-19 18:00:00 - Peren,90.95
2025-11-20 06:00:00 - Peren,90.95
2025-11-20 12:00:00 - Peren,90.97115380043567
2025-11-20 18:00:00 - Peren,90.95
2025-11-21 06:00:00 - Peren,90.95
2025-11-21 12:00:00 - Peren,90.97115380043567
2025-11-21 18:00:00 - Peren,90.95
2025-11-22 06:00:00 - Peren,90.95
2025-11-22 12:00:00 - Peren,90.97115380043567
2025-11-22 18:00:00 - Peren,90.95
2025-11-23 06:00:00 - Peren,90.95
2025-11-23 12:00:00 - Peren,90.97115380043567
2025-11-23 18:00:00 - Peren,90.95
2025-11-24 06:00:00 - Peren,90.95
2025-11-24 12:00:00 - Peren,90.97115380043567
2025-11-24 18:00:00 - Peren,90.95
2025-11-25 06:00:00 - Peren,90.95
2025-11-25 12:00:00 - Peren,90.97115380043567
2025-11-25 18:00:00 - Peren,90.95
2025-11-26 06:00:00 - Peren,90.95
2025-11-26 12:00:00 - Peren,90.97115380043567
2025-11-26 18:00:00 - Peren,90.95
2025-11-27 06:00:00 - Peren,90.95
2025-11-27 12:00:00 - Peren,90.97115380043567
2025-11-27 18:00:00 - Peren,90.95
2025-11-28 06:00:00 - Peren,90.95
2025-11-28 12:00:00 - Peren,90.97115380043567
2025-11-28 18:00:00 - Peren,90.95
2025-11-29 06:00:00 - Peren,90.95
2025-11-29 12:00:00 - Peren,90.97115380043567
2025-11-29 18:00:00 - Peren,90.95
2025-11-30 06:00:00 - Peren,90.95
2025-11-30 12:00:00 - Peren,90.97115380043567
2025-11-30 18:00:00 - Peren,90.95
2025-12-01 06:00:00 - Peren,91.525
2025-12-01 12:00:00 - Peren,91.38066007835054
2025-12-01 18:00:00 - Peren,91.35
2025-12-02 06:00:00 - Peren,91.525
2025-12-02 12:00:00 - Peren,91.38066007835054
2025-12-02 18:00:00 - Peren,91.35
2025-12-03 06:00:00 - Peren,91.525
2025-12-03 12:00:00 - Peren,91.38066007835054
2025-12-03 18:00:00 - Peren,91.35
2025-12-04 06:00:00 - Peren,91.525
2025-12-04 12:00:00 - Peren,91.38066007835054
2025-12-04 18:00:00 - Peren,91.35
2025-12-05 06:00:00 - Peren,91.525
2025-12-05 12:00:00 - Peren,91.38066007835054
2025-12-05 18:00:00 - Peren,91.35
2025-12-06 06:00:00 - Peren,91.525
2025-12-06 12:00:00 - Peren,91.38066007835054
2025-12-06 18:00:00 - Peren,91.35
2025-12-07 06:00:00 - Peren,91.525
2025-12-07 12:00:00 - Peren,91.38066007835054
2025-12-07 18:00:00 - Peren,91.35
2025-12-08 06:00:00 - Peren,91.525
2025-12-08 12:00:00 - Peren,91.38066007835054
2025-12-08 18:00:00 - Peren,91.35
2025-12-09 06:00:00 - Peren,91.525
2025-12-09 12:00:00 - Peren,91.38066007835054
2025-12-09 18:00:00 - Peren,91.35
2025-12-10 06:00:00 - Peren,91.525
2025-12-10 12:00:00 - Peren,91.38066007835054
2025-12-10 18:00:00 - Peren,91.35
2025-12-11 06:00:00 - Peren,91.525
2025-12-11 12:00:00 - Peren,91.38066007835054
2025-12-11 18:00:00 - Peren,91.35
2025-12-12 06:00:00 - Peren,91.525
2025-12-12 12:00:00 - Peren,91.38066007835054
2025-12-12 18:00:00 - Peren,91.35
2025-12-13 06:00:00 - Peren,91.525
2025-12-13 12:00:00 - Peren,91.38066007835054
2025-12-13 18:00:00 - Peren,91.35
2025-12-14 06:00:00 - Peren,91.525
2025-12-14 12:00:00 - Peren,91.38066007835054
2025-12-14 18:00:00 - Peren,91.35
2025-12-15 06:00:00 - Peren,91.525
2025-12-15 12:00:00 - Peren,91.38066007835054
2025-12-15 18:00:00 - Peren,91.35
2025-12-16 06:00:00 - Peren,91.525
2025-12-16 12:00:00 - Peren,91.38066007835054
2025-12-16 18:00:00 - Peren,91.35
2025-12-17 06:00:00 - Peren,91.525
2025-12-17 12:00:00 - Peren,91.38066007835054
2025-12-17 18:00:00 - Peren,91.35
2025-12-18 06:00:00 - Peren,91.525
2025-12-18 12:00:00 - Peren,91.38066007835054
2025-12-18 18:00:00 - Peren,91.35
2025-12-19 06:00:00 - Peren,91.525
2025-12-19 12:00:00 - Peren,91.38066007835054
2025-12-19 18:00:00 - Peren,91.35
2025-12-20 06:00:00 - Peren,91.525
2025-12-20 12:00:00 - Peren,91.38066007835054
2025-12-20 18:00:00 - Peren,91.35
2025-12-21 06:00:00 - Peren,91.525
2025-12-21 12:00:00 - Peren,91.38066007835054
2025-12-21 18:00:00 - Peren,91.35
2025-12-22 06:00:00 - Peren,91.525
2025-12-22 12:00:00 - Peren,91.38066007835054
2025-12-22 18:00:00 - Peren,91.35
2025-12-23 06:00:00 - Peren,91.525
2025-12-23 12:00:00 - Peren,91.38066007835054
2025-12-23 18:00:00 - Peren,91.35
2025-12-24 06:00:00 - Peren,91.525
2025-12-24 12:00:00 - Peren,91.38066007835054
2025-12-24 18:00:00 - Peren,91.35
2025-12-25 06:00:00 - Peren,91.525
2025-12-25 12:00:00 - Peren,91.38066007835054
2025-12-25 18:00:00 - Peren,91.35
2025-12-26 06:00:00 - Peren,91.525
2025-12-26 12:00:00 - Peren,91.38066007835054
2025-12-26 18:00:00 - Peren,91.35
2025-12-27 06:00:00 - Peren,91.525
2025-12-27 12:00:00 - Peren,91.38066007835054
2025-12-27 18:00:00 - Peren,91.35
2025-12-28 06:00:00 - Peren,91.525
2025-12-28 12:00:00 - Peren,91.38066007835054
2025-12-28 18:00:00 - Peren,91.35
2025-12-29 06:00:00 - Peren,91.525
2025-12-29 12:00:00 - Peren,91.38066007835054
2025-12-29 18:00:00 - Peren,91.35
2025-12-30 06:00:00 - Peren,91.525
2025-12-30 12:00:00 - Peren,91.38066007835054
2025-12-30 18:00:00 - Peren,91.35
2025-12-31 06:00:00 - Peren,91.525
2025-12-31 12:00:00 - Peren,91.38066007835054
2025-12-31 18:00:00 - Peren,91.35
2026-01-01 06:00:00 - Peren,91.6
2026-01-01 12:00:00 - Peren,91.55
2026-01-01 18:00:00 - Peren,91.5
2026-01-02 06:00:00 - Peren,91.6
2026-01-02 12:00:00 - Peren,91.55
2026-01-02 18:00:00 - Peren,91.5
2026-01-03 06:00:00 - Peren,91.6
2026-01-03 12:00:00 - Peren,91.55
2026-01-03 18:00:00 - Peren,91.5
2026-01-04 06:00:00 - Peren,91.6
2026-01-04 12:00:00 - Peren,91.55
2026-01-04 18:00:00 - Peren,91.5
2026-01-05 06:00:00 - Peren,91.6
2026-01-05 12:00:00 - Peren,91.55
2026-01-05 18:00:00 - Peren,91.5
2026-01-06 06:00:00 - Peren,91.6
2026-01-06 12:00:00 - Peren,91.55
2026-01-06 18:00:00 - Peren,91.5
2026-01-07 06:00:00 - Peren,91.6
2026-01-07 12:00:00 - Peren,91.55
2026-01-07 18:00:00 - Peren,91.5
2026-01-08 06:00:00 - Peren,91.6
2026-01-08 12:00:00 - Peren,91.55
2026-01-08 18:00:00 - Peren,91.5
2026-01-09 06:00:00 - Peren,91.6
2026-01-09 12:00:00 - Peren,91.55
2026-01-09 18:00:00 - Peren,91.5
2026-01-10 06:00:00 - Peren,91.6
2026-01-10 12:00:00 - Peren,91.55
2026-01-10 18:00:00 - Peren,91.5
2026-01-11 06:00:00 - Peren,91.6
2026-01-11 12:00:00 - Peren,91.55
2026-01-11 18:00:00 - Peren,91.5
2026-01-12 06:00:00 - Peren,91.6
2026-01-12 12:00:00 - Peren,91.55
2026-01-12 18:00:00 - Peren,91.5
2026-01-13 06:00:00 - Peren,91.6
2026-01-13 12:00:00 - Peren,91.55
2026-01-13 18:00:00 - Peren,91.5
2026-01-14 06:00:00 - Peren,91.6
2026-01-14 12:00:00 - Peren,91.55
2026-01-14 18:00:00 - Peren,91.5
2026-01-15 06:00:00 - Peren,91.6
2026-01-15 12:00:00 - Peren,91.55
2026-01-15 18:00:00 - Peren,91.5
2026-01-16 06:00:00 - Peren,91.6
2026-01-16 12:00:00 - Peren,91.55
2026-01-16 18:00:00 - Peren,91.5
2026-01-17 06:00:00 - Peren,91.6
2026-01-17 12:00:00 - Peren,91.55
2026-01-17 18:00:00 - Peren,91.5
2026-01-18 06:00:00 - Peren,91.6
2026-01-18 12:00:00 - Peren,91.55
2026-01-18 18:00:00 - Peren,91.5
2026-01-19 06:00:00 - Peren,91.6
2026-01-19 12:00:00 - Peren,91.55
2026-01-19 18:00:00 - Peren,91.5
2026-01-20 06:00:00 - Peren,91.6
2026-01-20 12:00:00 - Peren,91.55
2026-01-20 18:00:00 - Peren,91.5
2026-01-21 06:00:00 - Peren,91.6
2026-01-21 12:00:00 - Peren,91.55
2026-01-21 18:00:00 - Peren,91.5
2026-01-22 06:00:00 - Peren,91.6
2026-01-22 12:00:00 - Peren,91.55
2026-01-22 18:00:00 - Peren,91.5
2026-01-23 06:00:00 - Peren,91.6
2026-01-23 12:00:00 - Peren,91.55
2026-01-23 18:00:00 - Peren,91.5
2026-01-24 06:00:00 - Peren,91.6
2026-01-24 12:00:00 - Peren,91.55
2026-01-24 18:00:00 - Peren,91.5
2026-01-25 06:00:00 - Peren,91.6
2026-01-25 12:00:00 - Peren,91.55
2026-01-25 18:00:00 - Peren,91.5
2026-01-26 06:00:00 - Peren,91.6
2026-01-26 12:00:00 - Peren,91.55
2026-01-26 18:00:00 - Peren,91.5
2026-01-27 06:00:00 - Peren,91.6
2026-01-27 12:00:00 - Peren,91.55
2026-01-27 18:00:00 - Peren,91.5
2026-01-28 06:00:00 - Peren,91.6
2026-01-28 12:00:00 - Peren,91.55
2026-01-28 18:00:00 - Peren,91.5
2026-01-29 06:00:00 - Peren,91.6
2026-01-29 12:00:00 - Peren,91.55
2026-01-29 18:00:00 - Peren,91.5
2026-01-30 06:00:00 - Peren,91.6
2026-01-30 12:00:00 - Peren,91.55
2026-01-30 18:00:00 - Peren,91.5
2026-01-31 06:00:00 - Peren,91.6
2026-01-31 12:00:00 - Peren,91.55
2026-01-31 18:00:00 - Peren,91.5
2026-02-01 06:00:00 - Peren,91.87139692932466
2026-02-01 12:00:00 - Peren,91.65
2026-02-01 18:00:00 - Peren,91.74250800567138
2026-02-02 06:00:00 - Peren,91.87139692932466
2026-02-02 12:00:00 - Peren,91.65
2026-02-02 18:00:00 - Peren,91.74250800567138
2026-02-03 06:00:00 - Peren,91.87139692932466
2026-02-03 12:00:00 - Peren,91.65
2026-02-03 18:00:00 - Peren,91.74250800567138
2026-02-04 06:00:00 - Peren,91.87139692932466
2026-02-04 12:00:00 - Peren,91.65
2026-02-04 18:00:00 - Peren,91.74250800567138
2026-02-05 06:00:00 - Peren,91.87139692932466
2026-02-05 12:00:00 - Peren,91.65
2026-02-05 18:00:00 - Peren,91.74250800567138
2026-02-06 06:00:00 - Peren,91.87139692932466
2026-02-06 12:00:00 - Peren,91.65
2026-02-06 18:00:00 - Peren,91.74250800567138
2026-02-07 06:00:00 - Peren,91.87139692932466
2026-02-07 12:00:00 - Peren,91.65
2026-02-07 18:00:00 - Peren,91.74250800567138
2026-02-08 06:00:00 - Peren,91.87139692932466
2026-02-08 12:00:00 - Peren,91.65
2026-02-08 18:00:00 - Peren,91.74250800567138
2026-02-09 06:00:00 - Peren,91.87139692932466
2026-02-09 12:00:00 - Peren,91.65
2026-02-09 18:00:00 - Peren,91.74250800567138
2026-02-10 06:00:00 - Peren,91.87139692932466
2026-02-10 12:00:00 - Peren,91.65
2026-02-10 18:00:00 - Peren,91.74250800567138
2026-02-11 06:00:00 - Peren,91.87139692932466
2026-02-11 12:00:00 - Peren,91.65
2026-02-11 18:00:00 - Peren,91.74250800567138
2026-02-12 06:00:00 - Peren,91.87139692932466
2026-02-12 12:00:00 - Peren,91.65
2026-02-12 18:00:00 - Peren,91.74250800567138
2026-02-13 06:00:00 - Peren,91.87139692932466
2026-02-13 12:00:00 - Peren,91.65
2026-02-13 18:00:00 - Peren,91.74250800567138
2026-02-14 06:00:00 - Peren,91.87139692932466
2026-02-14 12:00:00 - Peren,91.65
2026-02-14 18:00:00 - Peren,91.74250800567138
2026-02-15 06:00:00 - Peren,91.87139692932466
2026-02-15 12:00:00 - Peren,91.65
2026-02-15 18:00:00 - Peren,91.74250800567138
2026-02-16 06:00:00 - Peren,91.87139692932466
2026-02-16 12:00:00 - Peren,91.65
2026-02-16 18:00:00 - Peren,91.74250800567138
2026-02-17 06:00:00 - Peren,91.87139692932466
2026-02-17 12:00:00 - Peren,91.65
2026-02-17 18:00:00 - Peren,91.74250800567138
2026-02-18 06:00:00 - Peren,91.87139692932466
2026-02-18 12:00:00 - Peren,91.65
2026-02-18 18:00:00 - Peren,91.74250800567138
2026-02-19 06:00:00 - Peren,91.87139692932466
2026-02-19 12:00:00 - Peren,91.65
2026-02-19 18:00:00 - Peren,91.74250800567138
2026-02-20 06:00:00 - Peren,91.87139692932466
2026-02-20 12:00:00 - Peren,91.65
2026-02-20 18:00:00 - Peren,91.74250800567138
2026-02-21 06:00:00 - Peren,91.87139692932466
2026-02-21 12:00:00 - Peren,91.65
2026-02-21 18:00:00 - Peren,91.74250800567138
2026-02-22 06:00:00 - Peren,91.87139692932466
2026-02-22 12:00:00 - Peren,91.65
2026-02-22 18:00:00 - Peren,91.74250800567138
2026-02-23 06:00:00 - Peren,91.87139692932466
2026-02-23 12:00:00 - Peren,91.65
2026-02-23 18:00:00 - Peren,91.74250800567138
2026-02-24 06:00:00 - Peren,91.87139692932466
2026-02-24 12:00:00 - Peren,91.65
2026-02-24 18:00:00 - Peren,91.74250800567138
2026-02-25 06:00:00 - Peren,91.87139692932466
2026-02-25 12:00:00 - Peren,91.65
2026-02-25 18:00:00 - Peren,91.74250800567138
2026-02-26 06:00:00 - Peren,91.87139692932466
2026-02-26 12:00:00 - Peren,91.65
2026-02-26 18:00:00 - Peren,91.74250800567138
2026-02-27 06:00:00 - Peren,91.87139692932466
2026-02-27 12:00:00 - Peren,91.65
2026-02-27 18:00:00 - Peren,91.74250800567138
2026-02-28 06:00:00 - Peren,91.87139692932466
2026-02-28 12:00:00 - Peren,91.65
2026-02-28 18:00:00 - Peren,91.74250800567138
2026-03-01 06:00:00 - Peren,91.63
2026-03-01 12:00:00 - Peren,91.6
2026-03-01 18:00:00 - Peren,91.58
2026-03-02 06:00:00 - Peren,91.63
2026-03-02 12:00:00 - Peren,91.6
2026-03-02 18:00:00 - Peren,91.58
2026-03-03 06:00:00 - Peren,91.63
2026-03-03 12:00:00 - Peren,91.6
2026-03-03 18:00:00 - Peren,91.58
2026-03-04 06:00:00 - Peren,91.63
2026-03-04 12:00:00 - Peren,91.6
2026-03-04 18:00:00 - Peren,91.58
2026-03-05 06:00:00 - Peren,91.63
2026-03-05 12:00:00 - Peren,91.6
2026-03-05 18:00:00 - Peren,91.58
2026-03-06 06:00:00 - Peren,91.63
2026-03-06 12:00:00 - Peren,91.6
2026-03-06 18:00:00 - Peren,91.58
2026-03-07 06:00:00 - Peren,91.63
2026-03-07 12:00:00 - Peren,91.6
2026-03-07 18:00:00 - Peren,91.58
2026-03-08 06:00:00 - Peren,91.63
2026-03-08 12:00:00 - Peren,91.6
2026-03-08 18:00:00 - Peren,91.58
2026-03-09 06:00:00 - Peren,91.63
2026-03-09 12:00:00 - Peren,91.6
2026-03-09 18:00:00 - Peren,91.58
2026-03-10 06:00:00 - Peren,91.63
2026-03-10 12:00:00 - Peren,91.6
2026-03-10 18:00:00 - Peren,91.58
2026-03-11 06:00:00 - Peren,91.63
2026-03-11 12:00:00 - Peren,91.6
2026-03-11 18:00:00 - Peren,91.58
2026-03-12 06:00:00 - Peren,91.63
2026-03-12 12:00:00 - Peren,91.6
2026-03-12 18:00:00 - Peren,91.58
2026-03-13 06:00:00 - Peren,91.63
2026-03-13 12:00:00 - Peren,91.6
2026-03-13 18:00:00 - Peren,91.58
2026-03-14 06:00:00 - Peren,91.63
2026-03-14 12:00:00 - Peren,91.6
2026-03-14 18:00:00 - Peren,91.58
2026-03-15 06:00:00 - Peren,91.63
2026-03-15 12:00:00 - Peren,91.6
2026-03-15 18:00:00 - Peren,91.58
2026-03-16 06:00:00 - Peren,91.63
2026-03-16 12:00:00 - Peren,91.6
2026-03-16 18:00:00 - Peren,91.58
2026-03-17 06:00:00 - Peren,91.63
2026-03-17 12:00:00 - Peren,91.6
2026-03-17 18:00:00 - Peren,91.58
2026-03-18 06:00:00 - Peren,91.63
2026-03-18 12:00:00 - Peren,91.6
2026-03-18 18:00:00 - Peren,91.58
2026-03-19 06:00:00 - Peren,91.63
2026-03-19 12:00:00 - Peren,91.6
2026-03-19 18:00:00 - Peren,91.58
2026-03-20 06:00:00 - Peren,91.63
2026-03-20 12:00:00 - Peren,91.6
2026-03-20 18:00:00 - Peren,91.58
2026-03-21 06:00:00 - Peren,91.63
2026-03-21 12:00:00 - Peren,91.6
2026-03-21 18:00:00 - Peren,91.58
2026-03-22 06:00:00 - Peren,91.63
2026-03-22 12:00:00 - Peren,91.6
2026-03-22 18:00:00 - Peren,91.58
2026-03-23 06:00:00 - Peren,91.63
2026-03-23 12:00:00 - Peren,91.6
2026-03-23 18:00:00 - Peren,91.58
2026-03-24 06:00:00 - Peren,91.63
2026-03-24 12:00:00 - Peren,91.6
2026-03-24 18:00:00 - Peren,91.58
2026-03-25 06:00:00 - Peren,91.63
2026-03-25 12:00:00 - Peren,91.6
2026-03-25 18:00:00 - Peren,91.58
2026-03-26 06:00:00 - Peren,91.63
2026-03-26 12:00:00 - Peren,91.6
2026-03-26 18:00:00 - Peren,91.58
2026-03-27 06:00:00 - Peren,91.63
2026-03-27 12:00:00 - Peren,91.6
2026-03-27 18:00:00 - Peren,91.58
2026-03-28 06:00:00 - Peren,91.63
2026-03-28 12:00:00 - Peren,91.6
2026-03-28 18:00:00 - Peren,91.58
2026-03-29 06:00:00 - Peren,91.63
2026-03-29 12:00:00 - Peren,91.6
2026-03-29 18:00:00 - Peren,91.58
2026-03-30 06:00:00 - Peren,91.63
2026-03-30 12:00:00 - Peren,91.6
2026-03-30 18:00:00 - Peren,91.58
2026-03-31 06:00:00 - Peren,91.63
2026-03-31 12:00:00 - Peren,91.6
2026-03-31 18:00:00 - Peren,91.58
2026-04-01 06:00:00 - Peren,91.4
2026-04-01 12:00:00 - Peren,91.32136075160764
2026-04-01 18:00:00 - Peren,91.3
2026-04-02 06:00:00 - Peren,91.4
2026-04-02 12:00:00 - Peren,91.32136075160764
2026-04-02 18:00:00 - Peren,91.3
2026-04-03 06:00:00 - Peren,91.4
2026-04-03 12:00:00 - Peren,91.32136075160764
2026-04-03 18:00:00 - Peren,91.3
2026-04-04 06:00:00 - Peren,91.4
2026-04-04 12:00:00 - Peren,91.32136075160764
2026-04-04 18:00:00 - Peren,91.3
2026-04-05 06:00:00 - Peren,91.4
2026-04-05 12:00:00 - Peren,91.32136075160764
2026-04-05 18:00:00 - Peren,91.3
2026-04-06 06:00:00 - Peren,91.4
2026-04-06 12:00:00 - Peren,91.32136075160764
2026-04-06 18:00:00 - Peren,91.3
2026-04-07 06:00:00 - Peren,91.4
2026-04-07 12:00:00 - Peren,91.32136075160764
2026-04-07 18:00:00 - Peren,91.3
2026-04-08 06:00:00 - Peren,91.4
2026-04-08 12:00:00 - Peren,91.32136075160764
2026-04-08 18:00:00 - Peren,91.3
2026-04-09 06:00:00 - Peren,91.4
2026-04-09 12:00:00 - Peren,91.32136075160764
2026-04-09 18:00:00 - Peren,91.3
2026-04-10 06:00:00 - Peren,91.4
2026-04-10 12:00:00 - Peren,91.32136075160764
2026-04-10 18:00:00 - Peren,91.3
2026-04-11 06:00:00 - Peren,91.4
2026-04-11 12:00:00 - Peren,91.32136075160764
2026-04-11 18:00:00 - Peren,91.3
2026-04-12 06:00:00 - Peren,91.4
2026-04-12 12:00:00 - Peren,91.32136075160764
2026-04-12 18:00:00 - Peren,91.3
2026-04-13 06:00:00 - Peren,91.4
2026-04-13 12:00:00 - Peren,91.32136075160764
2026-04-13 18:00:00 - Peren,91.3
2026-04-14 06:00:00 - Peren,91.4
2026-04-14 12:00:00 - Peren,91.32136075160764
2026-04-14 18:00:00 - Peren,91.3
2026-04-15 06:00:00 - Peren,91.4
2026-04-15 12:00:00 - Peren,91.32136075160764
2026-04-15 18:00:00 - Peren,91.3
2026-04-16 06:00:00 - Peren,91.4
2026-04-16 12:00:00 - Peren,91.32136075160764
2026-04-16 18:00:00 - Peren,91.3
2026-04-17 06:00:00 - Peren,91.4
2026-04-17 12:00:00 - Peren,91.32136075160764
2026-04-17 18:00:00 - Peren,91.3
2026-04-18 06:00:00 - Peren,91.4
2026-04-18 12:00:00 - Peren,91.32136075160764
2026-04-18 18:00:00 - Peren,91.3
2026-04-19 06:00:00 - Peren,91.4
2026-04-19 12:00:00 - Peren,91.32136075160764
2026-04-19 18:00:00 - Peren,91.3
2026-04-20 06:00:00 - Peren,91.4
2026-04-20 12:00:00 - Peren,91.32136075160764
2026-04-20 18:00:00 - Peren,91.3
2026-04-21 06:00:00 - Peren,91.4
2026-04-21 12:00:00 - Peren,91.32136075160764
2026-04-21 18:00:00 - Peren,91.3
2026-04-22 06:00:00 - Peren,91.4
2026-04-22 12:00:00 - Peren,91.32136075160764
2026-04-22 18:00:00 - Peren,91.3
2026-04-23 06:00:00 - Peren,91.4
2026-04-23 12:00:00 - Peren,91.32136075160764
2026-04-23 18:00:00 - Peren,91.3
2026-04-24 06:00:00 - Peren,91.4
2026-04-24 12:00:00 - Peren,91.32136075160764
2026-04-24 18:00:00 - Peren,91.3
2026-04-25 06:00:00 - Peren,91.4
2026-04-25 12:00:00 - Peren,91.32136075160764
2026-04-25 18:00:00 - Peren,91.3
2026-04-26 06:00:00 - Peren,91.4
2026-04-26 12:00:00 - Peren,91.32136075160764
2026-04-26 18:00:00 - Peren,91.3
2026-04-27 06:00:00 - Peren,91.4
2026-04-27 12:00:00 - Peren,91.32136075160764
2026-04-27 18:00:00 - Peren,91.3
2026-04-28 06:00:00 - Peren,91.4
2026-04-28 12:00:00 - Peren,91.32136075160764
2026-04-28 18:00:00 - Peren,91.3
2026-04-29 06:00:00 - Peren,91.4
2026-04-29 12:00:00 - Peren,91.32136075160764
2026-04-29 18:00:00 - Peren,91.3
2026-04-30 06:00:00 - Peren,91.4
2026-04-30 12:00:00 - Peren,91.32136075160764
2026-04-30 18:00:00 - Peren,91.3
2026-05-01 06:00:00 - Peren,91.2
2026-05-01 12:00:00 - Peren,91.18570664150168
2026-05-01 18:00:00 - Peren,91.1
2026-05-02 06:00:00 - Peren,91.2
2026-05-02 12:00:00 - Peren,91.18570664150168
2026-05-02 18:00:00 - Peren,91.1
2026-05-03 06:00:00 - Peren,91.2
2026-05-03 12:00:00 - Peren,91.18570664150168
2026-05-03 18:00:00 - Peren,91.1
2026-05-04 06:00:00 - Peren,91.2
2026-05-04 12:00:00 - Peren,91.18570664150168
2026-05-04 18:00:00 - Peren,91.1
2026-05-05 06:00:00 - Peren,91.2
2026-05-05 12:00:00 - Peren,91.18570664150168
2026-05-05 18:00:00 - Peren,91.1
2026-05-06 06:00:00 - Peren,91.2
2026-05-06 12:00:00 - Peren,91.18570664150168
2026-05-06 18:00:00 - Peren,91.1
2026-05-07 06:00:00 - Peren,91.2
2026-05-07 12:00:00 - Peren,91.18570664150168
2026-05-07 18:00:00 - Peren,91.1
2026-05-08 06:00:00 - Peren,91.2
2026-05-08 12:00:00 - Peren,91.18570664150168
2026-05-08 18:00:00 - Peren,91.1
2026-05-09 06:00:00 - Peren,91.2
2026-05-09 12:00:00 - Peren,91.18570664150168
2026-05-09 18:00:00 - Peren,91.1
2026-05-10 06:00:00 - Peren,91.2
2026-05-10 12:00:00 - Peren,91.18570664150168
2026-05-10 18:00:00 - Peren,91.1
2026-05-11 06:00:00 - Peren,91.2
2026-05-11 12:00:00 - Peren,91.18570664150168
2026-05-11 18:00:00 - Peren,91.1
2026-05-12 06:00:00 - Peren,91.2
2026-05-12 12:00:00 - Peren,91.18570664150168
2026-05-12 18:00:00 - Peren,91.1
2026-05-13 06:00:00 - Peren,91.2
2026-05-13 12:00:00 - Peren,91.18570664150168
2026-05-13 18:00:00 - Peren,91.1
2026-05-14 06:00:00 - Peren,91.2
2026-05-14 12:00:00 - Peren,91.18570664150168
2026-05-14 18:00:00 - Peren,91.1
2026-05-15 06:00:00 - Peren,91.2
2026-05-15 12:00:00 - Peren,91.18570664150168
2026-05-15 18:00:00 - Peren,91.1
2026-05-16 06:00:00 - Peren,91.2
2026-05-16 12:00:00 - Peren,91.18570664150168
2026-05-16 18:00:00 - Peren,91.1
2026-05-17 06:00:00 - Peren,91.2
2026-05-17 12:00:00 - Peren,91.18570664150168
2026-05-17 18:00:00 - Peren,91.1
2026-05-18 06:00:00 - Peren,91.2
2026-05-18 12:00:00 - Peren,91.18570664150168
2026-05-18 18:00:00 - Peren,91.1
2025-09-19 06:00:00 - Sekayu,86.77
2025-09-19 12:00:00 - Sekayu,86.77
2025-09-19 18:00:00 - Sekayu,86.77
2025-09-20 06:00:00 - Sekayu,86.77
2025-09-20 12:00:00 - Sekayu,86.77
2025-09-20 18:00:00 - Sekayu,86.77
2025-09-21 06:00:00 - Sekayu,86.77
2025-09-21 12:00:00 - Sekayu,86.77
2025-09-21 18:00:00 - Sekayu,86.77
2025-09-22 06:00:00 - Sekayu,86.77
2025-09-22 12:00:00 - Sekayu,86.77
2025-09-22 18:00:00 - Sekayu,86.77
2025-09-23 06:00:00 - Sekayu,86.77
2025-09-23 12:00:00 - Sekayu,86.77
2025-09-23 18:00:00 - Sekayu,86.77
2025-09-24 06:00:00 - Sekayu,86.77
2025-09-24 12:00:00 - Sekayu,86.77
2025-09-24 18:00:00 - Sekayu,86.77
2025-09-25 06:00:00 - Sekayu,86.77
2025-09-25 12:00:00 - Sekayu,86.77
2025-09-25 18:00:00 - Sekayu,86.77
2025-09-26 06:00:00 - Sekayu,86.77
2025-09-26 12:00:00 - Sekayu,86.77
2025-09-26 18:00:00 - Sekayu,86.77
2025-09-27 06:00:00 - Sekayu,86.77
2025-09-27 12:00:00 - Sekayu,86.77
2025-09-27 18:00:00 - Sekayu,86.77
2025-09-28 06:00:00 - Sekayu,86.77
2025-09-28 12:00:00 - Sekayu,86.77
2025-09-28 18:00:00 - Sekayu,86.77
2025-09-29 06:00:00 - Sekayu,86.77
2025-09-29 12:00:00 - Sekayu,86.77
2025-09-29 18:00:00 - Sekayu,86.77
2025-09-30 06:00:00 - Sekayu,86.77
2025-09-30 12:00:00 - Sekayu,86.77
2025-09-30 18:00:00 - Sekayu,86.77
2025-10-01 06:00:00 - Sekayu,86.77
2025-10-01 12:00:00 - Sekayu,86.77
2025-10-01 18:00:00 - Sekayu,86.77
2025-10-02 06:00:00 - Sekayu,86.77
2025-10-02 12:00:00 - Sekayu,86.77
2025-10-02 18:00:00 - Sekayu,86.77
2025-10-03 06:00:00 - Sekayu,86.77
2025-10-03 12:00:00 - Sekayu,86.77
2025-10-03 18:00:00 - Sekayu,86.77
2025-10-04 06:00:00 - Sekayu,86.77
2025-10-04 12:00:00 - Sekayu,86.77
2025-10-04 18:00:00 - Sekayu,86.77
2025-10-05 06:00:00 - Sekayu,86.77
2025-10-05 12:00:00 - Sekayu,86.77
2025-10-05 18:00:00 - Sekayu,86.77
2025-10-06 06:00:00 - Sekayu,86.77
2025-10-06 12:00:00 - Sekayu,86.77
2025-10-06 18:00:00 - Sekayu,86.77
2025-10-07 06:00:00 - Sekayu,86.77
2025-10-07 12:00:00 - Sekayu,86.77
2025-10-07 18:00:00 - Sekayu,86.77
2025-10-08 06:00:00 - Sekayu,86.77
2025-10-08 12:00:00 - Sekayu,86.77
2025-10-08 18:00:00 - Sekayu,86.77
2025-10-09 06:00:00 - Sekayu,86.77
2025-10-09 12:00:00 - Sekayu,86.77
2025-10-09 18:00:00 - Sekayu,86.77
2025-10-10 06:00:00 - Sekayu,86.77
2025-10-10 12:00:00 - Sekayu,86.77
2025-10-10 18:00:00 - Sekayu,86.77
2025-10-11 06:00:00 - Sekayu,86.77
2025-10-11 12:00:00 - Sekayu,86.77
2025-10-11 18:00:00 - Sekayu,86.77
2025-10-12 06:00:00 - Sekayu,86.77
2025-10-12 12:00:00 - Sekayu,86.77
2025-10-12 18:00:00 - Sekayu,86.77
2025-10-13 06:00:00 - Sekayu,86.77
2025-10-13 12:00:00 - Sekayu,86.77
2025-10-13 18:00:00 - Sekayu,86.77
2025-10-14 06:00:00 - Sekayu,86.77
2025-10-14 12:00:00 - Sekayu,86.77
2025-10-14 18:00:00 - Sekayu,86.77
2025-10-15 06:00:00 - Sekayu,86.77
2025-10-15 12:00:00 - Sekayu,86.77
2025-10-15 18:00:00 - Sekayu,86.77
2025-10-16 06:00:00 - Sekayu,86.77
2025-10-16 12:00:00 - Sekayu,86.77
2025-10-16 18:00:00 - Sekayu,86.77
2025-10-17 06:00:00 - Sekayu,86.77
2025-10-17 12:00:00 - Sekayu,86.77
2025-10-17 18:00:00 - Sekayu,86.77
2025-10-18 06:00:00 - Sekayu,86.77
2025-10-18 12:00:00 - Sekayu,86.77
2025-10-18 18:00:00 - Sekayu,86.77
2025-10-19 06:00:00 - Sekayu,86.77
2025-10-19 12:00:00 - Sekayu,86.77
2025-10-19 18:00:00 - Sekayu,86.77
2025-10-20 06:00:00 - Sekayu,86.77
2025-10-20 12:00:00 - Sekayu,86.77
2025-10-20 18:00:00 - Sekayu,86.77
2025-10-21 06:00:00 - Sekayu,86.77
2025-10-21 12:00:00 - Sekayu,86.77
2025-10-21 18:00:00 - Sekayu,86.77
2025-10-22 06:00:00 - Sekayu,86.77
2025-10-22 12:00:00 - Sekayu,86.77
2025-10-22 18:00:00 - Sekayu,86.77
2025-10-23 06:00:00 - Sekayu,86.77
2025-10-23 12:00:00 - Sekayu,86.77
2025-10-23 18:00:00 - Sekayu,86.77
2025-10-24 06:00:00 - Sekayu,86.77
2025-10-24 12:00:00 - Sekayu,86.77
2025-10-24 18:00:00 - Sekayu,86.77
2025-10-25 06:00:00 - Sekayu,86.77
2025-10-25 12:00:00 - Sekayu,86.77
2025-10-25 18:00:00 - Sekayu,86.77
2025-10-26 06:00:00 - Sekayu,86.77
2025-10-26 12:00:00 - Sekayu,86.77
2025-10-26 18:00:00 - Sekayu,86.77
2025-10-27 06:00:00 - Sekayu,86.77
2025-10-27 12:00:00 - Sekayu,86.77
2025-10-27 18:00:00 - Sekayu,86.77
2025-10-28 06:00:00 - Sekayu,86.77
2025-10-28 12:00:00 - Sekayu,86.77
2025-10-28 18:00:00 - Sekayu,86.77
2025-10-29 06:00:00 - Sekayu,86.77
2025-10-29 12:00:00 - Sekayu,86.77
2025-10-29 18:00:00 - Sekayu,86.77
2025-10-30 06:00:00 - Sekayu,86.77
2025-10-30 12:00:00 - Sekayu,86.77
2025-10-30 18:00:00 - Sekayu,86.77
2025-10-31 06:00:00 - Sekayu,86.77
2025-10-31 12:00:00 - Sekayu,86.77
2025-10-31 18:00:00 - Sekayu,86.77
2025-11-01 06:00:00 - Sekayu,86.87
2025-11-01 12:00:00 - Sekayu,86.8539526582725
2025-11-01 18:00:00 - Sekayu,86.845
2025-11-02 06:00:00 - Sekayu,86.87
2025-11-02 12:00:00 - Sekayu,86.8539526582725
2025-11-02 18:00:00 - Sekayu,86.845
2025-11-03 06:00:00 - Sekayu,86.87
2025-11-03 12:00:00 - Sekayu,86.8539526582725
2025-11-03 18:00:00 - Sekayu,86.845
2025-11-04 06:00:00 - Sekayu,86.87
2025-11-04 12:00:00 - Sekayu,86.8539526582725
2025-11-04 18:00:00 - Sekayu,86.845
2025-11-05 06:00:00 - Sekayu,86.87
2025-11-05 12:00:00 - Sekayu,86.8539526582725
2025-11-05 18:00:00 - Sekayu,86.845
2025-11-06 06:00:00 - Sekayu,86.87
2025-11-06 12:00:00 - Sekayu,86.8539526582725
2025-11-06 18:00:00 - Sekayu,86.845
2025-11-07 06:00:00 - Sekayu,86.87
2025-11-07 12:00:00 - Sekayu,86.8539526582725
2025-11-07 18:00:00 - Sekayu,86.845
2025-11-08 06:00:00 - Sekayu,86.87
2025-11-08 12:00:00 - Sekayu,86.8539526582725
2025-11-08 18:00:00 - Sekayu,86.845
2025-11-09 06:00:00 - Sekayu,86.87
2025-11-09 12:00:00 - Sekayu,86.8539526582725
2025-11-09 18:00:00 - Sekayu,86.845
2025-11-10 06:00:00 - Sekayu,86.87
2025-11-10 12:00:00 - Sekayu,86.8539526582725
2025-11-10 18:00:00 - Sekayu,86.845
2025-11-11 06:00:00 - Sekayu,86.87
2025-11-11 12:00:00 - Sekayu,86.8539526582725
2025-11-11 18:00:00 - Sekayu,86.845
2025-11-12 06:00:00 - Sekayu,86.87
2025-11-12 12:00:00 - Sekayu,86.8539526582725
2025-11-12 18:00:00 - Sekayu,86.845
2025-11-13 06:00:00 - Sekayu,86.87
2025-11-13 12:00:00 - Sekayu,86.8539526582725
2025-11-13 18:00:00 - Sekayu,86.845
2025-11-14 06:00:00 - Sekayu,86.87
2025-11-14 12:00:00 - Sekayu,86.8539526582725
2025-11-14 18:00:00 - Sekayu,86.845
2025-11-15 06:00:00 - Sekayu,86.87
2025-11-15 12:00:00 - Sekayu,86.8539526582725
2025-11-15 18:00:00 - Sekayu,86.845
2025-11-16 06:00:00 - Sekayu,86.87
2025-11-16 12:00:00 - Sekayu,86.8539526582725
2025-11-16 18:00:00 - Sekayu,86.845
2025-11-17 06:00:00 - Sekayu,86.87
2025-11-17 12:00:00 - Sekayu,86.8539526582725
2025-11-17 18:00:00 - Sekayu,86.845
2025-11-18 06:00:00 - Sekayu,86.87
2025-11-18 12:00:00 - Sekayu,86.8539526582725
2025-11-18 18:00:00 - Sekayu,86.845
2025-11-19 06:00:00 - Sekayu,86.87
2025-11-19 12:00:00 - Sekayu,86.8539526582725
2025-11-19 18:00:00 - Sekayu,86.845
2025-11-20 06:00:00 - Sekayu,86.87
2025-11-20 12:00:00 - Sekayu,86.8539526582725
2025-11-20 18:00:00 - Sekayu,86.845
2025-11-21 06:00:00 - Sekayu,86.87
2025-11-21 12:00:00 - Sekayu,86.8539526582725
2025-11-21 18:00:00 - Sekayu,86.845
2025-11-22 06:00:00 - Sekayu,86.87
2025-11-22 12:00:00 - Sekayu,86.8539526582725
2025-11-22 18:00:00 - Sekayu,86.845
2025-11-23 06:00:00 - Sekayu,86.87
2025-11-23 12:00:00 - Sekayu,86.8539526582725
2025-11-23 18:00:00 - Sekayu,86.845
2025-11-24 06:00:00 - Sekayu,86.87
2025-11-24 12:00:00 - Sekayu,86.8539526582725
2025-11-24 18:00:00 - Sekayu,86.845
2025-11-25 06:00:00 - Sekayu,86.87
2025-11-25 12:00:00 - Sekayu,86.8539526582725
2025-11-25 18:00:00 - Sekayu,86.845
2025-11-26 06:00:00 - Sekayu,86.87
2025-11-26 12:00:00 - Sekayu,86.8539526582725
2025-11-26 18:00:00 - Sekayu,86.845
2025-11-27 06:00:00 - Sekayu,86.87
2025-11-27 12:00:00 - Sekayu,86.8539526582725
2025-11-27 18:00:00 - Sekayu,86.845
2025-11-28 06:00:00 - Sekayu,86.87
2025-11-28 12:00:00 - Sekayu,86.8539526582725
2025-11-28 18:00:00 - Sekayu,86.845
2025-11-29 06:00:00 - Sekayu,86.87
2025-11-29 12:00:00 - Sekayu,86.8539526582725
2025-11-29 18:00:00 - Sekayu,86.845
2025-11-30 06:00:00 - Sekayu,86.87
2025-11-30 12:00:00 - Sekayu,86.8539526582725
2025-11-30 18:00:00 - Sekayu,86.845
2025-12-01 06:00:00 - Sekayu,87.50874050077184
2025-12-01 12:00:00 - Sekayu,87.32
2025-12-01 18:00:00 - Sekayu,87.32
2025-12-02 06:00:00 - Sekayu,87.50874050077184
2025-12-02 12:00:00 - Sekayu,87.32
2025-12-02 18:00:00 - Sekayu,87.32
2025-12-03 06:00:00 - Sekayu,87.50874050077184
2025-12-03 12:00:00 - Sekayu,87.32
2025-12-03 18:00:00 - Sekayu,87.32
2025-12-04 06:00:00 - Sekayu,87.50874050077184
2025-12-04 12:00:00 - Sekayu,87.32
2025-12-04 18:00:00 - Sekayu,87.32
2025-12-05 06:00:00 - Sekayu,87.50874050077184
2025-12-05 12:00:00 - Sekayu,87.32
2025-12-05 18:00:00 - Sekayu,87.32
2025-12-06 06:00:00 - Sekayu,87.50874050077184
2025-12-06 12:00:00 - Sekayu,87.32
2025-12-06 18:00:00 - Sekayu,87.32
2025-12-07 06:00:00 - Sekayu,87.50874050077184
2025-12-07 12:00:00 - Sekayu,87.32
2025-12-07 18:00:00 - Sekayu,87.32
2025-12-08 06:00:00 - Sekayu,87.50874050077184
2025-12-08 12:00:00 - Sekayu,87.32
2025-12-08 18:00:00 - Sekayu,87.32
2025-12-09 06:00:00 - Sekayu,87.50874050077184
2025-12-09 12:00:00 - Sekayu,87.32
2025-12-09 18:00:00 - Sekayu,87.32
2025-12-10 06:00:00 - Sekayu,87.50874050077184
2025-12-10 12:00:00 - Sekayu,87.32
2025-12-10 18:00:00 - Sekayu,87.32
2025-12-11 06:00:00 - Sekayu,87.50874050077184
2025-12-11 12:00:00 - Sekayu,87.32
2025-12-11 18:00:00 - Sekayu,87.32
2025-12-12 06:00:00 - Sekayu,87.50874050077184
2025-12-12 12:00:00 - Sekayu,87.32
2025-12-12 18:00:00 - Sekayu,87.32
2025-12-13 06:00:00 - Sekayu,87.50874050077184
2025-12-13 12:00:00 - Sekayu,87.32
2025-12-13 18:00:00 - Sekayu,87.32
2025-12-14 06:00:00 - Sekayu,87.50874050077184
2025-12-14 12:00:00 - Sekayu,87.32
2025-12-14 18:00:00 - Sekayu,87.32
2025-12-15 06:00:00 - Sekayu,87.50874050077184
2025-12-15 12:00:00 - Sekayu,87.32
2025-12-15 18:00:00 - Sekayu,87.32
2025-12-16 06:00:00 - Sekayu,87.50874050077184
2025-12-16 12:00:00 - Sekayu,87.32
2025-12-16 18:00:00 - Sekayu,87.32
2025-12-17 06:00:00 - Sekayu,87.50874050077184
2025-12-17 12:00:00 - Sekayu,87.32
2025-12-17 18:00:00 - Sekayu,87.32
2025-12-18 06:00:00 - Sekayu,87.50874050077184
2025-12-18 12:00:00 - Sekayu,87.32
2025-12-18 18:00:00 - Sekayu,87.32
2025-12-19 06:00:00 - Sekayu,87.50874050077184
2025-12-19 12:00:00 - Sekayu,87.32
2025-12-19 18:00:00 - Sekayu,87.32
2025-12-20 06:00:00 - Sekayu,87.50874050077184
2025-12-20 12:00:00 - Sekayu,87.32
2025-12-20 18:00:00 - Sekayu,87.32
2025-12-21 06:00:00 - Sekayu,87.50874050077184
2025-12-21 12:00:00 - Sekayu,87.32
2025-12-21 18:00:00 - Sekayu,87.32
2025-12-22 06:00:00 - Sekayu,87.50874050077184
2025-12-22 12:00:00 - Sekayu,87.32
2025-12-22 18:00:00 - Sekayu,87.32
2025-12-23 06:00:00 - Sekayu,87.50874050077184
2025-12-23 12:00:00 - Sekayu,87.32
2025-12-23 18:00:00 - Sekayu,87.32
2025-12-24 06:00:00 - Sekayu,87.50874050077184
2025-12-24 12:00:00 - Sekayu,87.32
2025-12-24 18:00:00 - Sekayu,87.32
2025-12-25 06:00:00 - Sekayu,87.50874050077184
2025-12-25 12:00:00 - Sekayu,87.32
2025-12-25 18:00:00 - Sekayu,87.32
2025-12-26 06:00:00 - Sekayu,87.50874050077184
2025-12-26 12:00:00 - Sekayu,87.32
2025-12-26 18:00:00 - Sekayu,87.32
2025-12-27 06:00:00 - Sekayu,87.50874050077184
2025-12-27 12:00:00 - Sekayu,87.32
2025-12-27 18:00:00 - Sekayu,87.32
2025-12-28 06:00:00 - Sekayu,87.50874050077184
2025-12-28 12:00:00 - Sekayu,87.32
2025-12-28 18:00:00 - Sekayu,87.32
2025-12-29 06:00:00 - Sekayu,87.50874050077184
2025-12-29 12:00:00 - Sekayu,87.32
2025-12-29 18:00:00 - Sekayu,87.32
2025-12-30 06:00:00 - Sekayu,87.50874050077184
2025-12-30 12:00:00 - Sekayu,87.32
2025-12-30 18:00:00 - Sekayu,87.32
2025-12-31 06:00:00 - Sekayu,87.50874050077184
2025-12-31 12:00:00 - Sekayu,87.32
2025-12-31 18:00:00 - Sekayu,87.32
2026-01-01 06:00:00 - Sekayu,87.47
2026-01-01 12:00:00 - Sekayu,87.42
2026-01-01 18:00:00 - Sekayu,87.42
2026-01-02 06:00:00 - Sekayu,87.47
2026-01-02 12:00:00 - Sekayu,87.42
2026-01-02 18:00:00 - Sekayu,87.42
2026-01-03 06:00:00 - Sekayu,87.47
2026-01-03 12:00:00 - Sekayu,87.42
2026-01-03 18:00:00 - Sekayu,87.42
2026-01-04 06:00:00 - Sekayu,87.47
2026-01-04 12:00:00 - Sekayu,87.42
2026-01-04 18:00:00 - Sekayu,87.42
2026-01-05 06:00:00 - Sekayu,87.47
2026-01-05 12:00:00 - Sekayu,87.42
2026-01-05 18:00:00 - Sekayu,87.42
2026-01-06 06:00:00 - Sekayu,87.47
2026-01-06 12:00:00 - Sekayu,87.42
2026-01-06 18:00:00 - Sekayu,87.42
2026-01-07 06:00:00 - Sekayu,87.47
2026-01-07 12:00:00 - Sekayu,87.42
2026-01-07 18:00:00 - Sekayu,87.42
2026-01-08 06:00:00 - Sekayu,87.47
2026-01-08 12:00:00 - Sekayu,87.42
2026-01-08 18:00:00 - Sekayu,87.42
2026-01-09 06:00:00 - Sekayu,87.47
2026-01-09 12:00:00 - Sekayu,87.42
2026-01-09 18:00:00 - Sekayu,87.42
2026-01-10 06:00:00 - Sekayu,87.47
2026-01-10 12:00:00 - Sekayu,87.42
2026-01-10 18:00:00 - Sekayu,87.42
2026-01-11 06:00:00 - Sekayu,87.47
2026-01-11 12:00:00 - Sekayu,87.42
2026-01-11 18:00:00 - Sekayu,87.42
2026-01-12 06:00:00 - Sekayu,87.47
2026-01-12 12:00:00 - Sekayu,87.42
2026-01-12 18:00:00 - Sekayu,87.42
2026-01-13 06:00:00 - Sekayu,87.47
2026-01-13 12:00:00 - Sekayu,87.42
2026-01-13 18:00:00 - Sekayu,87.42
2026-01-14 06:00:00 - Sekayu,87.47
2026-01-14 12:00:00 - Sekayu,87.42
2026-01-14 18:00:00 - Sekayu,87.42
2026-01-15 06:00:00 - Sekayu,87.47
2026-01-15 12:00:00 - Sekayu,87.42
2026-01-15 18:00:00 - Sekayu,87.42
2026-01-16 06:00:00 - Sekayu,87.47
2026-01-16 12:00:00 - Sekayu,87.42
2026-01-16 18:00:00 - Sekayu,87.42
2026-01-17 06:00:00 - Sekayu,87.47
2026-01-17 12:00:00 - Sekayu,87.42
2026-01-17 18:00:00 - Sekayu,87.42
2026-01-18 06:00:00 - Sekayu,87.47
2026-01-18 12:00:00 - Sekayu,87.42
2026-01-18 18:00:00 - Sekayu,87.42
2026-01-19 06:00:00 - Sekayu,87.47
2026-01-19 12:00:00 - Sekayu,87.42
2026-01-19 18:00:00 - Sekayu,87.42
2026-01-20 06:00:00 - Sekayu,87.47
2026-01-20 12:00:00 - Sekayu,87.42
2026-01-20 18:00:00 - Sekayu,87.42
2026-01-21 06:00:00 - Sekayu,87.47
2026-01-21 12:00:00 - Sekayu,87.42
2026-01-21 18:00:00 - Sekayu,87.42
2026-01-22 06:00:00 - Sekayu,87.47
2026-01-22 12:00:00 - Sekayu,87.42
2026-01-22 18:00:00 - Sekayu,87.42
2026-01-23 06:00:00 - Sekayu,87.47
2026-01-23 12:00:00 - Sekayu,87.42
2026-01-23 18:00:00 - Sekayu,87.42
2026-01-24 06:00:00 - Sekayu,87.47
2026-01-24 12:00:00 - Sekayu,87.42
2026-01-24 18:00:00 - Sekayu,87.42
2026-01-25 06:00:00 - Sekayu,87.47
2026-01-25 12:00:00 - Sekayu,87.42
2026-01-25 18:00:00 - Sekayu,87.42
2026-01-26 06:00:00 - Sekayu,87.47
2026-01-26 12:00:00 - Sekayu,87.42
2026-01-26 18:00:00 - Sekayu,87.42
2026-01-27 06:00:00 - Sekayu,87.47
2026-01-27 12:00:00 - Sekayu,87.42
2026-01-27 18:00:00 - Sekayu,87.42
2026-01-28 06:00:00 - Sekayu,87.47
2026-01-28 12:00:00 - Sekayu,87.42
2026-01-28 18:00:00 - Sekayu,87.42
2026-01-29 06:00:00 - Sekayu,87.47
2026-01-29 12:00:00 - Sekayu,87.42
2026-01-29 18:00:00 - Sekayu,87.42
2026-01-30 06:00:00 - Sekayu,87.47
2026-01-30 12:00:00 - Sekayu,87.42
2026-01-30 18:00:00 - Sekayu,87.42
2026-01-31 06:00:00 - Sekayu,87.47
2026-01-31 12:00:00 - Sekayu,87.42
2026-01-31 18:00:00 - Sekayu,87.42
2026-02-01 06:00:00 - Sekayu,87.78435879402338
2026-02-01 12:00:00 - Sekayu,87.64500000000001
2026-02-01 18:00:00 - Sekayu,87.795
2026-02-02 06:00:00 - Sekayu,87.78435879402338
2026-02-02 12:00:00 - Sekayu,87.64500000000001
2026-02-02 18:00:00 - Sekayu,87.795
2026-02-03 06:00:00 - Sekayu,87.78435879402338
2026-02-03 12:00:00 - Sekayu,87.64500000000001
2026-02-03 18:00:00 - Sekayu,87.795
2026-02-04 06:00:00 - Sekayu,87.78435879402338
2026-02-04 12:00:00 - Sekayu,87.64500000000001
2026-02-04 18:00:00 - Sekayu,87.795
2026-02-05 06:00:00 - Sekayu,87.78435879402338
2026-02-05 12:00:00 - Sekayu,87.64500000000001
2026-02-05 18:00:00 - Sekayu,87.795
2026-02-06 06:00:00 - Sekayu,87.78435879402338
2026-02-06 12:00:00 - Sekayu,87.64500000000001
2026-02-06 18:00:00 - Sekayu,87.795
2026-02-07 06:00:00 - Sekayu,87.78435879402338
2026-02-07 12:00:00 - Sekayu,87.64500000000001
2026-02-07 18:00:00 - Sekayu,87.795
2026-02-08 06:00:00 - Sekayu,87.78435879402338
2026-02-08 12:00:00 - Sekayu,87.64500000000001
2026-02-08 18:00:00 - Sekayu,87.795
2026-02-09 06:00:00 - Sekayu,87.78435879402338
2026-02-09 12:00:00 - Sekayu,87.64500000000001
2026-02-09 18:00:00 - Sekayu,87.795
2026-02-10 06:00:00 - Sekayu,87.78435879402338
2026-02-10 12:00:00 - Sekayu,87.64500000000001
2026-02-10 18:00:00 - Sekayu,87.795
2026-02-11 06:00:00 - Sekayu,87.78435879402338
2026-02-11 12:00:00 - Sekayu,87.64500000000001
2026-02-11 18:00:00 - Sekayu,87.795
2026-02-12 06:00:00 - Sekayu,87.78435879402338
2026-02-12 12:00:00 - Sekayu,87.64500000000001
2026-02-12 18:00:00 - Sekayu,87.795
2026-02-13 06:00:00 - Sekayu,87.78435879402338
2026-02-13 12:00:00 - Sekayu,87.64500000000001
2026-02-13 18:00:00 - Sekayu,87.795
2026-02-14 06:00:00 - Sekayu,87.78435879402338
2026-02-14 12:00:00 - Sekayu,87.64500000000001
2026-02-14 18:00:00 - Sekayu,87.795
2026-02-15 06:00:00 - Sekayu,87.78435879402338
2026-02-15 12:00:00 - Sekayu,87.64500000000001
2026-02-15 18:00:00 - Sekayu,87.795
2026-02-16 06:00:00 - Sekayu,87.78435879402338
2026-02-16 12:00:00 - Sekayu,87.64500000000001
2026-02-16 18:00:00 - Sekayu,87.795
2026-02-17 06:00:00 - Sekayu,87.78435879402338
2026-02-17 12:00:00 - Sekayu,87.64500000000001
2026-02-17 18:00:00 - Sekayu,87.795
2026-02-18 06:00:00 - Sekayu,87.78435879402338
2026-02-18 12:00:00 - Sekayu,87.64500000000001
2026-02-18 18:00:00 - Sekayu,87.795
2026-02-19 06:00:00 - Sekayu,87.78435879402338
2026-02-19 12:00:00 - Sekayu,87.64500000000001
2026-02-19 18:00:00 - Sekayu,87.795
2026-02-20 06:00:00 - Sekayu,87.78435879402338
2026-02-20 12:00:00 - Sekayu,87.64500000000001
2026-02-20 18:00:00 - Sekayu,87.795
2026-02-21 06:00:00 - Sekayu,87.78435879402338
2026-02-21 12:00:00 - Sekayu,87.64500000000001
2026-02-21 18:00:00 - Sekayu,87.795
2026-02-22 06:00:00 - Sekayu,87.78435879402338
2026-02-22 12:00:00 - Sekayu,87.64500000000001
2026-02-22 18:00:00 - Sekayu,87.795
2026-02-23 06:00:00 - Sekayu,87.78435879402338
2026-02-23 12:00:00 - Sekayu,87.64500000000001
2026-02-23 18:00:00 - Sekayu,87.795
2026-02-24 06:00:00 - Sekayu,87.78435879402338
2026-02-24 12:00:00 - Sekayu,87.64500000000001
2026-02-24 18:00:00 - Sekayu,87.795
2026-02-25 06:00:00 - Sekayu,87.78435879402338
2026-02-25 12:00:00 - Sekayu,87.64500000000001
2026-02-25 18:00:00 - Sekayu,87.795
2026-02-26 06:00:00 - Sekayu,87.78435879402338
2026-02-26 12:00:00 - Sekayu,87.64500000000001
2026-02-26 18:00:00 - Sekayu,87.795
2026-02-27 06:00:00 - Sekayu,87.78435879402338
2026-02-27 12:00:00 - Sekayu,87.64500000000001
2026-02-27 18:00:00 - Sekayu,87.795
2026-02-28 06:00:00 - Sekayu,87.78435879402338
2026-02-28 12:00:00 - Sekayu,87.64500000000001
2026-02-28 18:00:00 - Sekayu,87.795
2026-03-01 06:00:00 - Sekayu,87.72
2026-03-01 12:00:00 - Sekayu,87.72
2026-03-01 18:00:00 - Sekayu,87.82
2026-03-02 06:00:00 - Sekayu,87.72
2026-03-02 12:00:00 - Sekayu,87.72
2026-03-02 18:00:00 - Sekayu,87.82
2026-03-03 06:00:00 - Sekayu,87.72
2026-03-03 12:00:00 - Sekayu,87.72
2026-03-03 18:00:00 - Sekayu,87.82
2026-03-04 06:00:00 - Sekayu,87.72
2026-03-04 12:00:00 - Sekayu,87.72
2026-03-04 18:00:00 - Sekayu,87.82
2026-03-05 06:00:00 - Sekayu,87.72
2026-03-05 12:00:00 - Sekayu,87.72
2026-03-05 18:00:00 - Sekayu,87.82
2026-03-06 06:00:00 - Sekayu,87.72
2026-03-06 12:00:00 - Sekayu,87.72
2026-03-06 18:00:00 - Sekayu,87.82
2026-03-07 06:00:00 - Sekayu,87.72
2026-03-07 12:00:00 - Sekayu,87.72
2026-03-07 18:00:00 - Sekayu,87.82
2026-03-08 06:00:00 - Sekayu,87.72
2026-03-08 12:00:00 - Sekayu,87.72
2026-03-08 18:00:00 - Sekayu,87.82
2026-03-09 06:00:00 - Sekayu,87.72
2026-03-09 12:00:00 - Sekayu,87.72
2026-03-09 18:00:00 - Sekayu,87.82
2026-03-10 06:00:00 - Sekayu,87.72
2026-03-10 12:00:00 - Sekayu,87.72
2026-03-10 18:00:00 - Sekayu,87.82
2026-03-11 06:00:00 - Sekayu,87.72
2026-03-11 12:00:00 - Sekayu,87.72
2026-03-11 18:00:00 - Sekayu,87.82
2026-03-12 06:00:00 - Sekayu,87.72
2026-03-12 12:00:00 - Sekayu,87.72
2026-03-12 18:00:00 - Sekayu,87.82
2026-03-13 06:00:00 - Sekayu,87.72
2026-03-13 12:00:00 - Sekayu,87.72
2026-03-13 18:00:00 - Sekayu,87.82
2026-03-14 06:00:00 - Sekayu,87.72
2026-03-14 12:00:00 - Sekayu,87.72
2026-03-14 18:00:00 - Sekayu,87.82
2026-03-15 06:00:00 - Sekayu,87.72
2026-03-15 12:00:00 - Sekayu,87.72
2026-03-15 18:00:00 - Sekayu,87.82
2026-03-16 06:00:00 - Sekayu,87.72
2026-03-16 12:00:00 - Sekayu,87.72
2026-03-16 18:00:00 - Sekayu,87.82
2026-03-17 06:00:00 - Sekayu,87.72
2026-03-17 12:00:00 - Sekayu,87.72
2026-03-17 18:00:00 - Sekayu,87.82
2026-03-18 06:00:00 - Sekayu,87.72
2026-03-18 12:00:00 - Sekayu,87.72
2026-03-18 18:00:00 - Sekayu,87.82
2026-03-19 06:00:00 - Sekayu,87.72
2026-03-19 12:00:00 - Sekayu,87.72
2026-03-19 18:00:00 - Sekayu,87.82
2026-03-20 06:00:00 - Sekayu,87.72
2026-03-20 12:00:00 - Sekayu,87.72
2026-03-20 18:00:00 - Sekayu,87.82
2026-03-21 06:00:00 - Sekayu,87.72
2026-03-21 12:00:00 - Sekayu,87.72
2026-03-21 18:00:00 - Sekayu,87.82
2026-03-22 06:00:00 - Sekayu,87.72
2026-03-22 12:00:00 - Sekayu,87.72
2026-03-22 18:00:00 - Sekayu,87.82
2026-03-23 06:00:00 - Sekayu,87.72
2026-03-23 12:00:00 - Sekayu,87.72
2026-03-23 18:00:00 - Sekayu,87.82
2026-03-24 06:00:00 - Sekayu,87.72
2026-03-24 12:00:00 - Sekayu,87.72
2026-03-24 18:00:00 - Sekayu,87.82
2026-03-25 06:00:00 - Sekayu,87.72
2026-03-25 12:00:00 - Sekayu,87.72
2026-03-25 18:00:00 - Sekayu,87.82
2026-03-26 06:00:00 - Sekayu,87.72
2026-03-26 12:00:00 - Sekayu,87.72
2026-03-26 18:00:00 - Sekayu,87.82
2026-03-27 06:00:00 - Sekayu,87.72
2026-03-27 12:00:00 - Sekayu,87.72
2026-03-27 18:00:00 - Sekayu,87.82
2026-03-28 06:00:00 - Sekayu,87.72
2026-03-28 12:00:00 - Sekayu,87.72
2026-03-28 18:00:00 - Sekayu,87.82
2026-03-29 06:00:00 - Sekayu,87.72
2026-03-29 12:00:00 - Sekayu,87.72
2026-03-29 18:00:00 - Sekayu,87.82
2026-03-30 06:00:00 - Sekayu,87.72
2026-03-30 12:00:00 - Sekayu,87.72
2026-03-30 18:00:00 - Sekayu,87.82
2026-03-31 06:00:00 - Sekayu,87.72
2026-03-31 12:00:00 - Sekayu,87.72
2026-03-31 18:00:00 - Sekayu,87.82
2026-04-01 06:00:00 - Sekayu,87.29499999999999
2026-04-01 12:00:00 - Sekayu,87.245
2026-04-01 18:00:00 - Sekayu,87.27
2026-04-02 06:00:00 - Sekayu,87.29499999999999
2026-04-02 12:00:00 - Sekayu,87.245
2026-04-02 18:00:00 - Sekayu,87.27
2026-04-03 06:00:00 - Sekayu,87.29499999999999
2026-04-03 12:00:00 - Sekayu,87.245
2026-04-03 18:00:00 - Sekayu,87.27
2026-04-04 06:00:00 - Sekayu,87.29499999999999
2026-04-04 12:00:00 - Sekayu,87.245
2026-04-04 18:00:00 - Sekayu,87.27
2026-04-05 06:00:00 - Sekayu,87.29499999999999
2026-04-05 12:00:00 - Sekayu,87.245
2026-04-05 18:00:00 - Sekayu,87.27
2026-04-06 06:00:00 - Sekayu,87.29499999999999
2026-04-06 12:00:00 - Sekayu,87.245
2026-04-06 18:00:00 - Sekayu,87.27
2026-04-07 06:00:00 - Sekayu,87.29499999999999
2026-04-07 12:00:00 - Sekayu,87.245
2026-04-07 18:00:00 - Sekayu,87.27
2026-04-08 06:00:00 - Sekayu,87.29499999999999
2026-04-08 12:00:00 - Sekayu,87.245
2026-04-08 18:00:00 - Sekayu,87.27
2026-04-09 06:00:00 - Sekayu,87.29499999999999
2026-04-09 12:00:00 - Sekayu,87.245
2026-04-09 18:00:00 - Sekayu,87.27
2026-04-10 06:00:00 - Sekayu,87.29499999999999
2026-04-10 12:00:00 - Sekayu,87.245
2026-04-10 18:00:00 - Sekayu,87.27
2026-04-11 06:00:00 - Sekayu,87.29499999999999
2026-04-11 12:00:00 - Sekayu,87.245
2026-04-11 18:00:00 - Sekayu,87.27
2026-04-12 06:00:00 - Sekayu,87.29499999999999
2026-04-12 12:00:00 - Sekayu,87.245
2026-04-12 18:00:00 - Sekayu,87.27
2026-04-13 06:00:00 - Sekayu,87.29499999999999
2026-04-13 12:00:00 - Sekayu,87.245
2026-04-13 18:00:00 - Sekayu,87.27
2026-04-14 06:00:00 - Sekayu,87.29499999999999
2026-04-14 12:00:00 - Sekayu,87.245
2026-04-14 18:00:00 - Sekayu,87.27
2026-04-15 06:00:00 - Sekayu,87.29499999999999
2026-04-15 12:00:00 - Sekayu,87.245
2026-04-15 18:00:00 - Sekayu,87.27
2026-04-16 06:00:00 - Sekayu,87.29499999999999
2026-04-16 12:00:00 - Sekayu,87.245
2026-04-16 18:00:00 - Sekayu,87.27
2026-04-17 06:00:00 - Sekayu,87.29499999999999
2026-04-17 12:00:00 - Sekayu,87.245
2026-04-17 18:00:00 - Sekayu,87.27
2026-04-18 06:00:00 - Sekayu,87.29499999999999
2026-04-18 12:00:00 - Sekayu,87.245
2026-04-18 18:00:00 - Sekayu,87.27
2026-04-19 06:00:00 - Sekayu,87.29499999999999
2026-04-19 12:00:00 - Sekayu,87.245
2026-04-19 18:00:00 - Sekayu,87.27
2026-04-20 06:00:00 - Sekayu,87.29499999999999
2026-04-20 12:00:00 - Sekayu,87.245
2026-04-20 18:00:00 - Sekayu,87.27
2026-04-21 06:00:00 - Sekayu,87.29499999999999
2026-04-21 12:00:00 - Sekayu,87.245
2026-04-21 18:00:00 - Sekayu,87.27
2026-04-22 06:00:00 - Sekayu,87.29499999999999
2026-04-22 12:00:00 - Sekayu,87.245
2026-04-22 18:00:00 - Sekayu,87.27
2026-04-23 06:00:00 - Sekayu,87.29499999999999
2026-04-23 12:00:00 - Sekayu,87.245
2026-04-23 18:00:00 - Sekayu,87.27
2026-04-24 06:00:00 - Sekayu,87.29499999999999
2026-04-24 12:00:00 - Sekayu,87.245
2026-04-24 18:00:00 - Sekayu,87.27
2026-04-25 06:00:00 - Sekayu,87.29499999999999
2026-04-25 12:00:00 - Sekayu,87.245
2026-04-25 18:00:00 - Sekayu,87.27
2026-04-26 06:00:00 - Sekayu,87.29499999999999
2026-04-26 12:00:00 - Sekayu,87.245
2026-04-26 18:00:00 - Sekayu,87.27
2026-04-27 06:00:00 - Sekayu,87.29499999999999
2026-04-27 12:00:00 - Sekayu,87.245
2026-04-27 18:00:00 - Sekayu,87.27
2026-04-28 06:00:00 - Sekayu,87.29499999999999
2026-04-28 12:00:00 - Sekayu,87.245
2026-04-28 18:00:00 - Sekayu,87.27
2026-04-29 06:00:00 - Sekayu,87.29499999999999
2026-04-29 12:00:00 - Sekayu,87.245
2026-04-29 18:00:00 - Sekayu,87.27
2026-04-30 06:00:00 - Sekayu,87.29499999999999
2026-04-30 12:00:00 - Sekayu,87.245
2026-04-30 18:00:00 - Sekayu,87.27
2026-05-01 06:00:00 - Sekayu,87.12
2026-05-01 12:00:00 - Sekayu,87.12
2026-05-01 18:00:00 - Sekayu,87.12
2026-05-02 06:00:00 - Sekayu,87.12
2026-05-02 12:00:00 - Sekayu,87.12
2026-05-02 18:00:00 - Sekayu,87.12
2026-05-03 06:00:00 - Sekayu,87.12
2026-05-03 12:00:00 - Sekayu,87.12
2026-05-03 18:00:00 - Sekayu,87.12
2026-05-04 06:00:00 - Sekayu,87.12
2026-05-04 12:00:00 - Sekayu,87.12
2026-05-04 18:00:00 - Sekayu,87.12
2026-05-05 06:00:00 - Sekayu,87.12
2026-05-05 12:00:00 - Sekayu,87.12
2026-05-05 18:00:00 - Sekayu,87.12
2026-05-06 06:00:00 - Sekayu,87.12
2026-05-06 12:00:00 - Sekayu,87.12
2026-05-06 18:00:00 - Sekayu,87.12
2026-05-07 06:00:00 - Sekayu,87.12
2026-05-07 12:00:00 - Sekayu,87.12
2026-05-07 18:00:00 - Sekayu,87.12
2026-05-08 06:00:00 - Sekayu,87.12
2026-05-08 12:00:00 - Sekayu,87.12
2026-05-08 18:00:00 - Sekayu,87.12
2026-05-09 06:00:00 - Sekayu,87.12
2026-05-09 12:00:00 - Sekayu,87.12
2026-05-09 18:00:00 - Sekayu,87.12
2026-05-10 06:00:00 - Sekayu,87.12
2026-05-10 12:00:00 - Sekayu,87.12
2026-05-10 18:00:00 - Sekayu,87.12
2026-05-11 06:00:00 - Sekayu,87.12
2026-05-11 12:00:00 - Sekayu,87.12
2026-05-11 18:00:00 - Sekayu,87.12
2026-05-12 06:00:00 - Sekayu,87.12
2026-05-12 12:00:00 - Sekayu,87.12
2026-05-12 18:00:00 - Sekayu,87.12
2026-05-13 06:00:00 - Sekayu,87.12
2026-05-13 12:00:00 - Sekayu,87.12
2026-05-13 18:00:00 - Sekayu,87.12
2026-05-14 06:00:00 - Sekayu,87.12
2026-05-14 12:00:00 - Sekayu,87.12
2026-05-14 18:00:00 - Sekayu,87.12
2026-05-15 06:00:00 - Sekayu,87.12
2026-05-15 12:00:00 - Sekayu,87.12
2026-05-15 18:00:00 - Sekayu,87.12
2026-05-16 06:00:00 - Sekayu,87.12
2026-05-16 12:00:00 - Sekayu,87.12
2026-05-16 18:00:00 - Sekayu,87.12
2026-05-17 06:00:00 - Sekayu,87.12
2026-05-17 12:00:00 - Sekayu,87.12
2026-05-17 18:00:00 - Sekayu,87.12
2026-05-18 06:00:00 - Sekayu,87.12
2026-05-18 12:00:00 - Sekayu,87.12
2026-05-18 18:00:00 - Sekayu,87.12
2025-09-19 06:00:00 - Serenan,85.81673598579872
2025-09-19 12:00:00 - Serenan,85.795
2025-09-19 18:00:00 - Serenan,85.8
2025-09-20 06:00:00 - Serenan,85.81673598579872
2025-09-20 12:00:00 - Serenan,85.795
2025-09-20 18:00:00 - Serenan,85.8
2025-09-21 06:00:00 - Serenan,85.81673598579872
2025-09-21 12:00:00 - Serenan,85.795
2025-09-21 18:00:00 - Serenan,85.8
2025-09-22 06:00:00 - Serenan,85.81673598579872
2025-09-22 12:00:00 - Serenan,85.795
2025-09-22 18:00:00 - Serenan,85.8
2025-09-23 06:00:00 - Serenan,85.81673598579872
2025-09-23 12:00:00 - Serenan,85.795
2025-09-23 18:00:00 - Serenan,85.8
2025-09-24 06:00:00 - Serenan,85.81673598579872
2025-09-24 12:00:00 - Serenan,85.795
2025-09-24 18:00:00 - Serenan,85.8
2025-09-25 06:00:00 - Serenan,85.81673598579872
2025-09-25 12:00:00 - Serenan,85.795
2025-09-25 18:00:00 - Serenan,85.8
2025-09-26 06:00:00 - Serenan,85.81673598579872
2025-09-26 12:00:00 - Serenan,85.795
2025-09-26 18:00:00 - Serenan,85.8
2025-09-27 06:00:00 - Serenan,85.81673598579872
2025-09-27 12:00:00 - Serenan,85.795
2025-09-27 18:00:00 - Serenan,85.8
2025-09-28 06:00:00 - Serenan,85.81673598579872
2025-09-28 12:00:00 - Serenan,85.795
2025-09-28 18:00:00 - Serenan,85.8
2025-09-29 06:00:00 - Serenan,85.81673598579872
2025-09-29 12:00:00 - Serenan,85.795
2025-09-29 18:00:00 - Serenan,85.8
2025-09-30 06:00:00 - Serenan,85.81673598579872
2025-09-30 12:00:00 - Serenan,85.795
2025-09-30 18:00:00 - Serenan,85.8
2025-10-01 06:00:00 - Serenan,85.78
2025-10-01 12:00:00 - Serenan,85.755
2025-10-01 18:00:00 - Serenan,85.76
2025-10-02 06:00:00 - Serenan,85.78
2025-10-02 12:00:00 - Serenan,85.755
2025-10-02 18:00:00 - Serenan,85.76
2025-10-03 06:00:00 - Serenan,85.78
2025-10-03 12:00:00 - Serenan,85.755
2025-10-03 18:00:00 - Serenan,85.76
2025-10-04 06:00:00 - Serenan,85.78
2025-10-04 12:00:00 - Serenan,85.755
2025-10-04 18:00:00 - Serenan,85.76
2025-10-05 06:00:00 - Serenan,85.78
2025-10-05 12:00:00 - Serenan,85.755
2025-10-05 18:00:00 - Serenan,85.76
2025-10-06 06:00:00 - Serenan,85.78
2025-10-06 12:00:00 - Serenan,85.755
2025-10-06 18:00:00 - Serenan,85.76
2025-10-07 06:00:00 - Serenan,85.78
2025-10-07 12:00:00 - Serenan,85.755
2025-10-07 18:00:00 - Serenan,85.76
2025-10-08 06:00:00 - Serenan,85.78
2025-10-08 12:00:00 - Serenan,85.755
2025-10-08 18:00:00 - Serenan,85.76
2025-10-09 06:00:00 - Serenan,85.78
2025-10-09 12:00:00 - Serenan,85.755
2025-10-09 18:00:00 - Serenan,85.76
2025-10-10 06:00:00 - Serenan,85.78
2025-10-10 12:00:00 - Serenan,85.755
2025-10-10 18:00:00 - Serenan,85.76
2025-10-11 06:00:00 - Serenan,85.78
2025-10-11 12:00:00 - Serenan,85.755
2025-10-11 18:00:00 - Serenan,85.76
2025-10-12 06:00:00 - Serenan,85.78
2025-10-12 12:00:00 - Serenan,85.755
2025-10-12 18:00:00 - Serenan,85.76
2025-10-13 06:00:00 - Serenan,85.78
2025-10-13 12:00:00 - Serenan,85.755
2025-10-13 18:00:00 - Serenan,85.76
2025-10-14 06:00:00 - Serenan,85.78
2025-10-14 12:00:00 - Serenan,85.755
2025-10-14 18:00:00 - Serenan,85.76
2025-10-15 06:00:00 - Serenan,85.78
2025-10-15 12:00:00 - Serenan,85.755
2025-10-15 18:00:00 - Serenan,85.76
2025-10-16 06:00:00 - Serenan,85.78
2025-10-16 12:00:00 - Serenan,85.755
2025-10-16 18:00:00 - Serenan,85.76
2025-10-17 06:00:00 - Serenan,85.78
2025-10-17 12:00:00 - Serenan,85.755
2025-10-17 18:00:00 - Serenan,85.76
2025-10-18 06:00:00 - Serenan,85.78
2025-10-18 12:00:00 - Serenan,85.755
2025-10-18 18:00:00 - Serenan,85.76
2025-10-19 06:00:00 - Serenan,85.78
2025-10-19 12:00:00 - Serenan,85.755
2025-10-19 18:00:00 - Serenan,85.76
2025-10-20 06:00:00 - Serenan,85.78
2025-10-20 12:00:00 - Serenan,85.755
2025-10-20 18:00:00 - Serenan,85.76
2025-10-21 06:00:00 - Serenan,85.78
2025-10-21 12:00:00 - Serenan,85.755
2025-10-21 18:00:00 - Serenan,85.76
2025-10-22 06:00:00 - Serenan,85.78
2025-10-22 12:00:00 - Serenan,85.755
2025-10-22 18:00:00 - Serenan,85.76
2025-10-23 06:00:00 - Serenan,85.78
2025-10-23 12:00:00 - Serenan,85.755
2025-10-23 18:00:00 - Serenan,85.76
2025-10-24 06:00:00 - Serenan,85.78
2025-10-24 12:00:00 - Serenan,85.755
2025-10-24 18:00:00 - Serenan,85.76
2025-10-25 06:00:00 - Serenan,85.78
2025-10-25 12:00:00 - Serenan,85.755
2025-10-25 18:00:00 - Serenan,85.76
2025-10-26 06:00:00 - Serenan,85.78
2025-10-26 12:00:00 - Serenan,85.755
2025-10-26 18:00:00 - Serenan,85.76
2025-10-27 06:00:00 - Serenan,85.78
2025-10-27 12:00:00 - Serenan,85.755
2025-10-27 18:00:00 - Serenan,85.76
2025-10-28 06:00:00 - Serenan,85.78
2025-10-28 12:00:00 - Serenan,85.755
2025-10-28 18:00:00 - Serenan,85.76
2025-10-29 06:00:00 - Serenan,85.78
2025-10-29 12:00:00 - Serenan,85.755
2025-10-29 18:00:00 - Serenan,85.76
2025-10-30 06:00:00 - Serenan,85.78
2025-10-30 12:00:00 - Serenan,85.755
2025-10-30 18:00:00 - Serenan,85.76
2025-10-31 06:00:00 - Serenan,85.78
2025-10-31 12:00:00 - Serenan,85.755
2025-10-31 18:00:00 - Serenan,85.76
2025-11-01 06:00:00 - Serenan,85.91467944501392
2025-11-01 12:00:00 - Serenan,85.86471183332958
2025-11-01 18:00:00 - Serenan,85.8870494165155
2025-11-02 06:00:00 - Serenan,85.91467944501392
2025-11-02 12:00:00 - Serenan,85.86471183332958
2025-11-02 18:00:00 - Serenan,85.8870494165155
2025-11-03 06:00:00 - Serenan,85.91467944501392
2025-11-03 12:00:00 - Serenan,85.86471183332958
2025-11-03 18:00:00 - Serenan,85.8870494165155
2025-11-04 06:00:00 - Serenan,85.91467944501392
2025-11-04 12:00:00 - Serenan,85.86471183332958
2025-11-04 18:00:00 - Serenan,85.8870494165155
2025-11-05 06:00:00 - Serenan,85.91467944501392
2025-11-05 12:00:00 - Serenan,85.86471183332958
2025-11-05 18:00:00 - Serenan,85.8870494165155
2025-11-06 06:00:00 - Serenan,85.91467944501392
2025-11-06 12:00:00 - Serenan,85.86471183332958
2025-11-06 18:00:00 - Serenan,85.8870494165155
2025-11-07 06:00:00 - Serenan,85.91467944501392
2025-11-07 12:00:00 - Serenan,85.86471183332958
2025-11-07 18:00:00 - Serenan,85.8870494165155
2025-11-08 06:00:00 - Serenan,85.91467944501392
2025-11-08 12:00:00 - Serenan,85.86471183332958
2025-11-08 18:00:00 - Serenan,85.8870494165155
2025-11-09 06:00:00 - Serenan,85.91467944501392
2025-11-09 12:00:00 - Serenan,85.86471183332958
2025-11-09 18:00:00 - Serenan,85.8870494165155
2025-11-10 06:00:00 - Serenan,85.91467944501392
2025-11-10 12:00:00 - Serenan,85.86471183332958
2025-11-10 18:00:00 - Serenan,85.8870494165155
2025-11-11 06:00:00 - Serenan,85.91467944501392
2025-11-11 12:00:00 - Serenan,85.86471183332958
2025-11-11 18:00:00 - Serenan,85.8870494165155
2025-11-12 06:00:00 - Serenan,85.91467944501392
2025-11-12 12:00:00 - Serenan,85.86471183332958
2025-11-12 18:00:00 - Serenan,85.8870494165155
2025-11-13 06:00:00 - Serenan,85.91467944501392
2025-11-13 12:00:00 - Serenan,85.86471183332958
2025-11-13 18:00:00 - Serenan,85.8870494165155
2025-11-14 06:00:00 - Serenan,85.91467944501392
2025-11-14 12:00:00 - Serenan,85.86471183332958
2025-11-14 18:00:00 - Serenan,85.8870494165155
2025-11-15 06:00:00 - Serenan,85.91467944501392
2025-11-15 12:00:00 - Serenan,85.86471183332958
2025-11-15 18:00:00 - Serenan,85.8870494165155
2025-11-16 06:00:00 - Serenan,85.91467944501392
2025-11-16 12:00:00 - Serenan,85.86471183332958
2025-11-16 18:00:00 - Serenan,85.8870494165155
2025-11-17 06:00:00 - Serenan,85.91467944501392
2025-11-17 12:00:00 - Serenan,85.86471183332958
2025-11-17 18:00:00 - Serenan,85.8870494165155
2025-11-18 06:00:00 - Serenan,85.91467944501392
2025-11-18 12:00:00 - Serenan,85.86471183332958
2025-11-18 18:00:00 - Serenan,85.8870494165155
2025-11-19 06:00:00 - Serenan,85.91467944501392
2025-11-19 12:00:00 - Serenan,85.86471183332958
2025-11-19 18:00:00 - Serenan,85.8870494165155
2025-11-20 06:00:00 - Serenan,85.91467944501392
2025-11-20 12:00:00 - Serenan,85.86471183332958
2025-11-20 18:00:00 - Serenan,85.8870494165155
2025-11-21 06:00:00 - Serenan,85.91467944501392
2025-11-21 12:00:00 - Serenan,85.86471183332958
2025-11-21 18:00:00 - Serenan,85.8870494165155
2025-11-22 06:00:00 - Serenan,85.91467944501392
2025-11-22 12:00:00 - Serenan,85.86471183332958
2025-11-22 18:00:00 - Serenan,85.8870494165155
2025-11-23 06:00:00 - Serenan,85.91467944501392
2025-11-23 12:00:00 - Serenan,85.86471183332958
2025-11-23 18:00:00 - Serenan,85.8870494165155
2025-11-24 06:00:00 - Serenan,85.91467944501392
2025-11-24 12:00:00 - Serenan,85.86471183332958
2025-11-24 18:00:00 - Serenan,85.8870494165155
2025-11-25 06:00:00 - Serenan,85.91467944501392
2025-11-25 12:00:00 - Serenan,85.86471183332958
2025-11-25 18:00:00 - Serenan,85.8870494165155
2025-11-26 06:00:00 - Serenan,85.91467944501392
2025-11-26 12:00:00 - Serenan,85.86471183332958
2025-11-26 18:00:00 - Serenan,85.8870494165155
2025-11-27 06:00:00 - Serenan,85.91467944501392
2025-11-27 12:00:00 - Serenan,85.86471183332958
2025-11-27 18:00:00 - Serenan,85.8870494165155
2025-11-28 06:00:00 - Serenan,85.91467944501392
2025-11-28 12:00:00 - Serenan,85.86471183332958
2025-11-28 18:00:00 - Serenan,85.8870494165155
2025-11-29 06:00:00 - Serenan,85.91467944501392
2025-11-29 12:00:00 - Serenan,85.86471183332958
2025-11-29 18:00:00 - Serenan,85.8870494165155
2025-11-30 06:00:00 - Serenan,85.91467944501392
2025-11-30 12:00:00 - Serenan,85.86471183332958
2025-11-30 18:00:00 - Serenan,85.8870494165155
2025-12-01 06:00:00 - Serenan,86.42101936573005
2025-12-01 12:00:00 - Serenan,86.36
2025-12-01 18:00:00 - Serenan,86.35499999999999
2025-12-02 06:00:00 - Serenan,86.42101936573005
2025-12-02 12:00:00 - Serenan,86.36
2025-12-02 18:00:00 - Serenan,86.35499999999999
2025-12-03 06:00:00 - Serenan,86.42101936573005
2025-12-03 12:00:00 - Serenan,86.36
2025-12-03 18:00:00 - Serenan,86.35499999999999
2025-12-04 06:00:00 - Serenan,86.42101936573005
2025-12-04 12:00:00 - Serenan,86.36
2025-12-04 18:00:00 - Serenan,86.35499999999999
2025-12-05 06:00:00 - Serenan,86.42101936573005
2025-12-05 12:00:00 - Serenan,86.36
2025-12-05 18:00:00 - Serenan,86.35499999999999
2025-12-06 06:00:00 - Serenan,86.42101936573005
2025-12-06 12:00:00 - Serenan,86.36
2025-12-06 18:00:00 - Serenan,86.35499999999999
2025-12-07 06:00:00 - Serenan,86.42101936573005
2025-12-07 12:00:00 - Serenan,86.36
2025-12-07 18:00:00 - Serenan,86.35499999999999
2025-12-08 06:00:00 - Serenan,86.42101936573005
2025-12-08 12:00:00 - Serenan,86.36
2025-12-08 18:00:00 - Serenan,86.35499999999999
2025-12-09 06:00:00 - Serenan,86.42101936573005
2025-12-09 12:00:00 - Serenan,86.36
2025-12-09 18:00:00 - Serenan,86.35499999999999
2025-12-10 06:00:00 - Serenan,86.42101936573005
2025-12-10 12:00:00 - Serenan,86.36
2025-12-10 18:00:00 - Serenan,86.35499999999999
2025-12-11 06:00:00 - Serenan,86.42101936573005
2025-12-11 12:00:00 - Serenan,86.36
2025-12-11 18:00:00 - Serenan,86.35499999999999
2025-12-12 06:00:00 - Serenan,86.42101936573005
2025-12-12 12:00:00 - Serenan,86.36
2025-12-12 18:00:00 - Serenan,86.35499999999999
2025-12-13 06:00:00 - Serenan,86.42101936573005
2025-12-13 12:00:00 - Serenan,86.36
2025-12-13 18:00:00 - Serenan,86.35499999999999
2025-12-14 06:00:00 - Serenan,86.42101936573005
2025-12-14 12:00:00 - Serenan,86.36
2025-12-14 18:00:00 - Serenan,86.35499999999999
2025-12-15 06:00:00 - Serenan,86.42101936573005
2025-12-15 12:00:00 - Serenan,86.36
2025-12-15 18:00:00 - Serenan,86.35499999999999
2025-12-16 06:00:00 - Serenan,86.42101936573005
2025-12-16 12:00:00 - Serenan,86.36
2025-12-16 18:00:00 - Serenan,86.35499999999999
2025-12-17 06:00:00 - Serenan,86.42101936573005
2025-12-17 12:00:00 - Serenan,86.36
2025-12-17 18:00:00 - Serenan,86.35499999999999
2025-12-18 06:00:00 - Serenan,86.42101936573005
2025-12-18 12:00:00 - Serenan,86.36
2025-12-18 18:00:00 - Serenan,86.35499999999999
2025-12-19 06:00:00 - Serenan,86.42101936573005
2025-12-19 12:00:00 - Serenan,86.36
2025-12-19 18:00:00 - Serenan,86.35499999999999
2025-12-20 06:00:00 - Serenan,86.42101936573005
2025-12-20 12:00:00 - Serenan,86.36
2025-12-20 18:00:00 - Serenan,86.35499999999999
2025-12-21 06:00:00 - Serenan,86.42101936573005
2025-12-21 12:00:00 - Serenan,86.36
2025-12-21 18:00:00 - Serenan,86.35499999999999
2025-12-22 06:00:00 - Serenan,86.42101936573005
2025-12-22 12:00:00 - Serenan,86.36
2025-12-22 18:00:00 - Serenan,86.35499999999999
2025-12-23 06:00:00 - Serenan,86.42101936573005
2025-12-23 12:00:00 - Serenan,86.36
2025-12-23 18:00:00 - Serenan,86.35499999999999
2025-12-24 06:00:00 - Serenan,86.42101936573005
2025-12-24 12:00:00 - Serenan,86.36
2025-12-24 18:00:00 - Serenan,86.35499999999999
2025-12-25 06:00:00 - Serenan,86.42101936573005
2025-12-25 12:00:00 - Serenan,86.36
2025-12-25 18:00:00 - Serenan,86.35499999999999
2025-12-26 06:00:00 - Serenan,86.42101936573005
2025-12-26 12:00:00 - Serenan,86.36
2025-12-26 18:00:00 - Serenan,86.35499999999999
2025-12-27 06:00:00 - Serenan,86.42101936573005
2025-12-27 12:00:00 - Serenan,86.36
2025-12-27 18:00:00 - Serenan,86.35499999999999
2025-12-28 06:00:00 - Serenan,86.42101936573005
2025-12-28 12:00:00 - Serenan,86.36
2025-12-28 18:00:00 - Serenan,86.35499999999999
2025-12-29 06:00:00 - Serenan,86.42101936573005
2025-12-29 12:00:00 - Serenan,86.36
2025-12-29 18:00:00 - Serenan,86.35499999999999
2025-12-30 06:00:00 - Serenan,86.42101936573005
2025-12-30 12:00:00 - Serenan,86.36
2025-12-30 18:00:00 - Serenan,86.35499999999999
2025-12-31 06:00:00 - Serenan,86.42101936573005
2025-12-31 12:00:00 - Serenan,86.36
2025-12-31 18:00:00 - Serenan,86.35499999999999
2026-01-01 06:00:00 - Serenan,86.64
2026-01-01 12:00:00 - Serenan,86.57
2026-01-01 18:00:00 - Serenan,86.6
2026-01-02 06:00:00 - Serenan,86.64
2026-01-02 12:00:00 - Serenan,86.57
2026-01-02 18:00:00 - Serenan,86.6
2026-01-03 06:00:00 - Serenan,86.64
2026-01-03 12:00:00 - Serenan,86.57
2026-01-03 18:00:00 - Serenan,86.6
2026-01-04 06:00:00 - Serenan,86.64
2026-01-04 12:00:00 - Serenan,86.57
2026-01-04 18:00:00 - Serenan,86.6
2026-01-05 06:00:00 - Serenan,86.64
2026-01-05 12:00:00 - Serenan,86.57
2026-01-05 18:00:00 - Serenan,86.6
2026-01-06 06:00:00 - Serenan,86.64
2026-01-06 12:00:00 - Serenan,86.57
2026-01-06 18:00:00 - Serenan,86.6
2026-01-07 06:00:00 - Serenan,86.64
2026-01-07 12:00:00 - Serenan,86.57
2026-01-07 18:00:00 - Serenan,86.6
2026-01-08 06:00:00 - Serenan,86.64
2026-01-08 12:00:00 - Serenan,86.57
2026-01-08 18:00:00 - Serenan,86.6
2026-01-09 06:00:00 - Serenan,86.64
2026-01-09 12:00:00 - Serenan,86.57
2026-01-09 18:00:00 - Serenan,86.6
2026-01-10 06:00:00 - Serenan,86.64
2026-01-10 12:00:00 - Serenan,86.57
2026-01-10 18:00:00 - Serenan,86.6
2026-01-11 06:00:00 - Serenan,86.64
2026-01-11 12:00:00 - Serenan,86.57
2026-01-11 18:00:00 - Serenan,86.6
2026-01-12 06:00:00 - Serenan,86.64
2026-01-12 12:00:00 - Serenan,86.57
2026-01-12 18:00:00 - Serenan,86.6
2026-01-13 06:00:00 - Serenan,86.64
2026-01-13 12:00:00 - Serenan,86.57
2026-01-13 18:00:00 - Serenan,86.6
2026-01-14 06:00:00 - Serenan,86.64
2026-01-14 12:00:00 - Serenan,86.57
2026-01-14 18:00:00 - Serenan,86.6
2026-01-15 06:00:00 - Serenan,86.64
2026-01-15 12:00:00 - Serenan,86.57
2026-01-15 18:00:00 - Serenan,86.6
2026-01-16 06:00:00 - Serenan,86.64
2026-01-16 12:00:00 - Serenan,86.57
2026-01-16 18:00:00 - Serenan,86.6
2026-01-17 06:00:00 - Serenan,86.64
2026-01-17 12:00:00 - Serenan,86.57
2026-01-17 18:00:00 - Serenan,86.6
2026-01-18 06:00:00 - Serenan,86.64
2026-01-18 12:00:00 - Serenan,86.57
2026-01-18 18:00:00 - Serenan,86.6
2026-01-19 06:00:00 - Serenan,86.64
2026-01-19 12:00:00 - Serenan,86.57
2026-01-19 18:00:00 - Serenan,86.6
2026-01-20 06:00:00 - Serenan,86.64
2026-01-20 12:00:00 - Serenan,86.57
2026-01-20 18:00:00 - Serenan,86.6
2026-01-21 06:00:00 - Serenan,86.64
2026-01-21 12:00:00 - Serenan,86.57
2026-01-21 18:00:00 - Serenan,86.6
2026-01-22 06:00:00 - Serenan,86.64
2026-01-22 12:00:00 - Serenan,86.57
2026-01-22 18:00:00 - Serenan,86.6
2026-01-23 06:00:00 - Serenan,86.64
2026-01-23 12:00:00 - Serenan,86.57
2026-01-23 18:00:00 - Serenan,86.6
2026-01-24 06:00:00 - Serenan,86.64
2026-01-24 12:00:00 - Serenan,86.57
2026-01-24 18:00:00 - Serenan,86.6
2026-01-25 06:00:00 - Serenan,86.64
2026-01-25 12:00:00 - Serenan,86.57
2026-01-25 18:00:00 - Serenan,86.6
2026-01-26 06:00:00 - Serenan,86.64
2026-01-26 12:00:00 - Serenan,86.57
2026-01-26 18:00:00 - Serenan,86.6
2026-01-27 06:00:00 - Serenan,86.64
2026-01-27 12:00:00 - Serenan,86.57
2026-01-27 18:00:00 - Serenan,86.6
2026-01-28 06:00:00 - Serenan,86.64
2026-01-28 12:00:00 - Serenan,86.57
2026-01-28 18:00:00 - Serenan,86.6
2026-01-29 06:00:00 - Serenan,86.64
2026-01-29 12:00:00 - Serenan,86.57
2026-01-29 18:00:00 - Serenan,86.6
2026-01-30 06:00:00 - Serenan,86.64
2026-01-30 12:00:00 - Serenan,86.57
2026-01-30 18:00:00 - Serenan,86.6
2026-01-31 06:00:00 - Serenan,86.64
2026-01-31 12:00:00 - Serenan,86.57
2026-01-31 18:00:00 - Serenan,86.6
2026-02-01 06:00:00 - Serenan,86.96000000000001
2026-02-01 12:00:00 - Serenan,86.895
2026-02-01 18:00:00 - Serenan,86.795
2026-02-02 06:00:00 - Serenan,86.96000000000001
2026-02-02 12:00:00 - Serenan,86.895
2026-02-02 18:00:00 - Serenan,86.795
2026-02-03 06:00:00 - Serenan,86.96000000000001
2026-02-03 12:00:00 - Serenan,86.895
2026-02-03 18:00:00 - Serenan,86.795
2026-02-04 06:00:00 - Serenan,86.96000000000001
2026-02-04 12:00:00 - Serenan,86.895
2026-02-04 18:00:00 - Serenan,86.795
2026-02-05 06:00:00 - Serenan,86.96000000000001
2026-02-05 12:00:00 - Serenan,86.895
2026-02-05 18:00:00 - Serenan,86.795
2026-02-06 06:00:00 - Serenan,86.96000000000001
2026-02-06 12:00:00 - Serenan,86.895
2026-02-06 18:00:00 - Serenan,86.795
2026-02-07 06:00:00 - Serenan,86.96000000000001
2026-02-07 12:00:00 - Serenan,86.895
2026-02-07 18:00:00 - Serenan,86.795
2026-02-08 06:00:00 - Serenan,86.96000000000001
2026-02-08 12:00:00 - Serenan,86.895
2026-02-08 18:00:00 - Serenan,86.795
2026-02-09 06:00:00 - Serenan,86.96000000000001
2026-02-09 12:00:00 - Serenan,86.895
2026-02-09 18:00:00 - Serenan,86.795
2026-02-10 06:00:00 - Serenan,86.96000000000001
2026-02-10 12:00:00 - Serenan,86.895
2026-02-10 18:00:00 - Serenan,86.795
2026-02-11 06:00:00 - Serenan,86.96000000000001
2026-02-11 12:00:00 - Serenan,86.895
2026-02-11 18:00:00 - Serenan,86.795
2026-02-12 06:00:00 - Serenan,86.96000000000001
2026-02-12 12:00:00 - Serenan,86.895
2026-02-12 18:00:00 - Serenan,86.795
2026-02-13 06:00:00 - Serenan,86.96000000000001
2026-02-13 12:00:00 - Serenan,86.895
2026-02-13 18:00:00 - Serenan,86.795
2026-02-14 06:00:00 - Serenan,86.96000000000001
2026-02-14 12:00:00 - Serenan,86.895
2026-02-14 18:00:00 - Serenan,86.795
2026-02-15 06:00:00 - Serenan,86.96000000000001
2026-02-15 12:00:00 - Serenan,86.895
2026-02-15 18:00:00 - Serenan,86.795
2026-02-16 06:00:00 - Serenan,86.96000000000001
2026-02-16 12:00:00 - Serenan,86.895
2026-02-16 18:00:00 - Serenan,86.795
2026-02-17 06:00:00 - Serenan,86.96000000000001
2026-02-17 12:00:00 - Serenan,86.895
2026-02-17 18:00:00 - Serenan,86.795
2026-02-18 06:00:00 - Serenan,86.96000000000001
2026-02-18 12:00:00 - Serenan,86.895
2026-02-18 18:00:00 - Serenan,86.795
2026-02-19 06:00:00 - Serenan,86.96000000000001
2026-02-19 12:00:00 - Serenan,86.895
2026-02-19 18:00:00 - Serenan,86.795
2026-02-20 06:00:00 - Serenan,86.96000000000001
2026-02-20 12:00:00 - Serenan,86.895
2026-02-20 18:00:00 - Serenan,86.795
2026-02-21 06:00:00 - Serenan,86.96000000000001
2026-02-21 12:00:00 - Serenan,86.895
2026-02-21 18:00:00 - Serenan,86.795
2026-02-22 06:00:00 - Serenan,86.96000000000001
2026-02-22 12:00:00 - Serenan,86.895
2026-02-22 18:00:00 - Serenan,86.795
2026-02-23 06:00:00 - Serenan,86.96000000000001
2026-02-23 12:00:00 - Serenan,86.895
2026-02-23 18:00:00 - Serenan,86.795
2026-02-24 06:00:00 - Serenan,86.96000000000001
2026-02-24 12:00:00 - Serenan,86.895
2026-02-24 18:00:00 - Serenan,86.795
2026-02-25 06:00:00 - Serenan,86.96000000000001
2026-02-25 12:00:00 - Serenan,86.895
2026-02-25 18:00:00 - Serenan,86.795
2026-02-26 06:00:00 - Serenan,86.96000000000001
2026-02-26 12:00:00 - Serenan,86.895
2026-02-26 18:00:00 - Serenan,86.795
2026-02-27 06:00:00 - Serenan,86.96000000000001
2026-02-27 12:00:00 - Serenan,86.895
2026-02-27 18:00:00 - Serenan,86.795
2026-02-28 06:00:00 - Serenan,86.96000000000001
2026-02-28 12:00:00 - Serenan,86.895
2026-02-28 18:00:00 - Serenan,86.795
2026-03-01 06:00:00 - Serenan,87.04
2026-03-01 12:00:00 - Serenan,86.8417310270535
2026-03-01 18:00:00 - Serenan,86.83
2026-03-02 06:00:00 - Serenan,87.04
2026-03-02 12:00:00 - Serenan,86.8417310270535
2026-03-02 18:00:00 - Serenan,86.83
2026-03-03 06:00:00 - Serenan,87.04
2026-03-03 12:00:00 - Serenan,86.8417310270535
2026-03-03 18:00:00 - Serenan,86.83
2026-03-04 06:00:00 - Serenan,87.04
2026-03-04 12:00:00 - Serenan,86.8417310270535
2026-03-04 18:00:00 - Serenan,86.83
2026-03-05 06:00:00 - Serenan,87.04
2026-03-05 12:00:00 - Serenan,86.8417310270535
2026-03-05 18:00:00 - Serenan,86.83
2026-03-06 06:00:00 - Serenan,87.04
2026-03-06 12:00:00 - Serenan,86.8417310270535
2026-03-06 18:00:00 - Serenan,86.83
2026-03-07 06:00:00 - Serenan,87.04
2026-03-07 12:00:00 - Serenan,86.8417310270535
2026-03-07 18:00:00 - Serenan,86.83
2026-03-08 06:00:00 - Serenan,87.04
2026-03-08 12:00:00 - Serenan,86.8417310270535
2026-03-08 18:00:00 - Serenan,86.83
2026-03-09 06:00:00 - Serenan,87.04
2026-03-09 12:00:00 - Serenan,86.8417310270535
2026-03-09 18:00:00 - Serenan,86.83
2026-03-10 06:00:00 - Serenan,87.04
2026-03-10 12:00:00 - Serenan,86.8417310270535
2026-03-10 18:00:00 - Serenan,86.83
2026-03-11 06:00:00 - Serenan,87.04
2026-03-11 12:00:00 - Serenan,86.8417310270535
2026-03-11 18:00:00 - Serenan,86.83
2026-03-12 06:00:00 - Serenan,87.04
2026-03-12 12:00:00 - Serenan,86.8417310270535
2026-03-12 18:00:00 - Serenan,86.83
2026-03-13 06:00:00 - Serenan,87.04
2026-03-13 12:00:00 - Serenan,86.8417310270535
2026-03-13 18:00:00 - Serenan,86.83
2026-03-14 06:00:00 - Serenan,87.04
2026-03-14 12:00:00 - Serenan,86.8417310270535
2026-03-14 18:00:00 - Serenan,86.83
2026-03-15 06:00:00 - Serenan,87.04
2026-03-15 12:00:00 - Serenan,86.8417310270535
2026-03-15 18:00:00 - Serenan,86.83
2026-03-16 06:00:00 - Serenan,87.04
2026-03-16 12:00:00 - Serenan,86.8417310270535
2026-03-16 18:00:00 - Serenan,86.83
2026-03-17 06:00:00 - Serenan,87.04
2026-03-17 12:00:00 - Serenan,86.8417310270535
2026-03-17 18:00:00 - Serenan,86.83
2026-03-18 06:00:00 - Serenan,87.04
2026-03-18 12:00:00 - Serenan,86.8417310270535
2026-03-18 18:00:00 - Serenan,86.83
2026-03-19 06:00:00 - Serenan,87.04
2026-03-19 12:00:00 - Serenan,86.8417310270535
2026-03-19 18:00:00 - Serenan,86.83
2026-03-20 06:00:00 - Serenan,87.04
2026-03-20 12:00:00 - Serenan,86.8417310270535
2026-03-20 18:00:00 - Serenan,86.83
2026-03-21 06:00:00 - Serenan,87.04
2026-03-21 12:00:00 - Serenan,86.8417310270535
2026-03-21 18:00:00 - Serenan,86.83
2026-03-22 06:00:00 - Serenan,87.04
2026-03-22 12:00:00 - Serenan,86.8417310270535
2026-03-22 18:00:00 - Serenan,86.83
2026-03-23 06:00:00 - Serenan,87.04
2026-03-23 12:00:00 - Serenan,86.8417310270535
2026-03-23 18:00:00 - Serenan,86.83
2026-03-24 06:00:00 - Serenan,87.04
2026-03-24 12:00:00 - Serenan,86.8417310270535
2026-03-24 18:00:00 - Serenan,86.83
2026-03-25 06:00:00 - Serenan,87.04
2026-03-25 12:00:00 - Serenan,86.8417310270535
2026-03-25 18:00:00 - Serenan,86.83
2026-03-26 06:00:00 - Serenan,87.04
2026-03-26 12:00:00 - Serenan,86.8417310270535
2026-03-26 18:00:00 - Serenan,86.83
2026-03-27 06:00:00 - Serenan,87.04
2026-03-27 12:00:00 - Serenan,86.8417310270535
2026-03-27 18:00:00 - Serenan,86.83
2026-03-28 06:00:00 - Serenan,87.04
2026-03-28 12:00:00 - Serenan,86.8417310270535
2026-03-28 18:00:00 - Serenan,86.83
2026-03-29 06:00:00 - Serenan,87.04
2026-03-29 12:00:00 - Serenan,86.8417310270535
2026-03-29 18:00:00 - Serenan,86.83
2026-03-30 06:00:00 - Serenan,87.04
2026-03-30 12:00:00 - Serenan,86.8417310270535
2026-03-30 18:00:00 - Serenan,86.83
2026-03-31 06:00:00 - Serenan,87.04
2026-03-31 12:00:00 - Serenan,86.8417310270535
2026-03-31 18:00:00 - Serenan,86.83
2026-04-01 06:00:00 - Serenan,86.44
2026-04-01 12:00:00 - Serenan,86.39500000000001
2026-04-01 18:00:00 - Serenan,86.36500000000001
2026-04-02 06:00:00 - Serenan,86.44
2026-04-02 12:00:00 - Serenan,86.39500000000001
2026-04-02 18:00:00 - Serenan,86.36500000000001
2026-04-03 06:00:00 - Serenan,86.44
2026-04-03 12:00:00 - Serenan,86.39500000000001
2026-04-03 18:00:00 - Serenan,86.36500000000001
2026-04-04 06:00:00 - Serenan,86.44
2026-04-04 12:00:00 - Serenan,86.39500000000001
2026-04-04 18:00:00 - Serenan,86.36500000000001
2026-04-05 06:00:00 - Serenan,86.44
2026-04-05 12:00:00 - Serenan,86.39500000000001
2026-04-05 18:00:00 - Serenan,86.36500000000001
2026-04-06 06:00:00 - Serenan,86.44
2026-04-06 12:00:00 - Serenan,86.39500000000001
2026-04-06 18:00:00 - Serenan,86.36500000000001
2026-04-07 06:00:00 - Serenan,86.44
2026-04-07 12:00:00 - Serenan,86.39500000000001
2026-04-07 18:00:00 - Serenan,86.36500000000001
2026-04-08 06:00:00 - Serenan,86.44
2026-04-08 12:00:00 - Serenan,86.39500000000001
2026-04-08 18:00:00 - Serenan,86.36500000000001
2026-04-09 06:00:00 - Serenan,86.44
2026-04-09 12:00:00 - Serenan,86.39500000000001
2026-04-09 18:00:00 - Serenan,86.36500000000001
2026-04-10 06:00:00 - Serenan,86.44
2026-04-10 12:00:00 - Serenan,86.39500000000001
2026-04-10 18:00:00 - Serenan,86.36500000000001
2026-04-11 06:00:00 - Serenan,86.44
2026-04-11 12:00:00 - Serenan,86.39500000000001
2026-04-11 18:00:00 - Serenan,86.36500000000001
2026-04-12 06:00:00 - Serenan,86.44
2026-04-12 12:00:00 - Serenan,86.39500000000001
2026-04-12 18:00:00 - Serenan,86.36500000000001
2026-04-13 06:00:00 - Serenan,86.44
2026-04-13 12:00:00 - Serenan,86.39500000000001
2026-04-13 18:00:00 - Serenan,86.36500000000001
2026-04-14 06:00:00 - Serenan,86.44
2026-04-14 12:00:00 - Serenan,86.39500000000001
2026-04-14 18:00:00 - Serenan,86.36500000000001
2026-04-15 06:00:00 - Serenan,86.44
2026-04-15 12:00:00 - Serenan,86.39500000000001
2026-04-15 18:00:00 - Serenan,86.36500000000001
2026-04-16 06:00:00 - Serenan,86.44
2026-04-16 12:00:00 - Serenan,86.39500000000001
2026-04-16 18:00:00 - Serenan,86.36500000000001
2026-04-17 06:00:00 - Serenan,86.44
2026-04-17 12:00:00 - Serenan,86.39500000000001
2026-04-17 18:00:00 - Serenan,86.36500000000001
2026-04-18 06:00:00 - Serenan,86.44
2026-04-18 12:00:00 - Serenan,86.39500000000001
2026-04-18 18:00:00 - Serenan,86.36500000000001
2026-04-19 06:00:00 - Serenan,86.44
2026-04-19 12:00:00 - Serenan,86.39500000000001
2026-04-19 18:00:00 - Serenan,86.36500000000001
2026-04-20 06:00:00 - Serenan,86.44
2026-04-20 12:00:00 - Serenan,86.39500000000001
2026-04-20 18:00:00 - Serenan,86.36500000000001
2026-04-21 06:00:00 - Serenan,86.44
2026-04-21 12:00:00 - Serenan,86.39500000000001
2026-04-21 18:00:00 - Serenan,86.36500000000001
2026-04-22 06:00:00 - Serenan,86.44
2026-04-22 12:00:00 - Serenan,86.39500000000001
2026-04-22 18:00:00 - Serenan,86.36500000000001
2026-04-23 06:00:00 - Serenan,86.44
2026-04-23 12:00:00 - Serenan,86.39500000000001
2026-04-23 18:00:00 - Serenan,86.36500000000001
2026-04-24 06:00:00 - Serenan,86.44
2026-04-24 12:00:00 - Serenan,86.39500000000001
2026-04-24 18:00:00 - Serenan,86.36500000000001
2026-04-25 06:00:00 - Serenan,86.44
2026-04-25 12:00:00 - Serenan,86.39500000000001
2026-04-25 18:00:00 - Serenan,86.36500000000001
2026-04-26 06:00:00 - Serenan,86.44
2026-04-26 12:00:00 - Serenan,86.39500000000001
2026-04-26 18:00:00 - Serenan,86.36500000000001
2026-04-27 06:00:00 - Serenan,86.44
2026-04-27 12:00:00 - Serenan,86.39500000000001
2026-04-27 18:00:00 - Serenan,86.36500000000001
2026-04-28 06:00:00 - Serenan,86.44
2026-04-28 12:00:00 - Serenan,86.39500000000001
2026-04-28 18:00:00 - Serenan,86.36500000000001
2026-04-29 06:00:00 - Serenan,86.44
2026-04-29 12:00:00 - Serenan,86.39500000000001
2026-04-29 18:00:00 - Serenan,86.36500000000001
2026-04-30 06:00:00 - Serenan,86.44
2026-04-30 12:00:00 - Serenan,86.39500000000001
2026-04-30 18:00:00 - Serenan,86.36500000000001
2026-05-01 06:00:00 - Serenan,86.1
2026-05-01 12:00:00 - Serenan,86.10969858480755
2026-05-01 18:00:00 - Serenan,86.11
2026-05-02 06:00:00 - Serenan,86.1
2026-05-02 12:00:00 - Serenan,86.10969858480755
2026-05-02 18:00:00 - Serenan,86.11
2026-05-03 06:00:00 - Serenan,86.1
2026-05-03 12:00:00 - Serenan,86.10969858480755
2026-05-03 18:00:00 - Serenan,86.11
2026-05-04 06:00:00 - Serenan,86.1
2026-05-04 12:00:00 - Serenan,86.10969858480755
2026-05-04 18:00:00 - Serenan,86.11
2026-05-05 06:00:00 - Serenan,86.1
2026-05-05 12:00:00 - Serenan,86.10969858480755
2026-05-05 18:00:00 - Serenan,86.11
2026-05-06 06:00:00 - Serenan,86.1
2026-05-06 12:00:00 - Serenan,86.10969858480755
2026-05-06 18:00:00 - Serenan,86.11
2026-05-07 06:00:00 - Serenan,86.1
2026-05-07 12:00:00 - Serenan,86.10969858480755
2026-05-07 18:00:00 - Serenan,86.11
2026-05-08 06:00:00 - Serenan,86.1
2026-05-08 12:00:00 - Serenan,86.10969858480755
2026-05-08 18:00:00 - Serenan,86.11
2026-05-09 06:00:00 - Serenan,86.1
2026-05-09 12:00:00 - Serenan,86.10969858480755
2026-05-09 18:00:00 - Serenan,86.11
2026-05-10 06:00:00 - Serenan,86.1
2026-05-10 12:00:00 - Serenan,86.10969858480755
2026-05-10 18:00:00 - Serenan,86.11
2026-05-11 06:00:00 - Serenan,86.1
2026-05-11 12:00:00 - Serenan,86.10969858480755
2026-05-11 18:00:00 - Serenan,86.11
2026-05-12 06:00:00 - Serenan,86.1
2026-05-12 12:00:00 - Serenan,86.10969858480755
2026-05-12 18:00:00 - Serenan,86.11
2026-05-13 06:00:00 - Serenan,86.1
2026-05-13 12:00:00 - Serenan,86.10969858480755
2026-05-13 18:00:00 - Serenan,86.11
2026-05-14 06:00:00 - Serenan,86.1
2026-05-14 12:00:00 - Serenan,86.10969858480755
2026-05-14 18:00:00 - Serenan,86.11
2026-05-15 06:00:00 - Serenan,86.1
2026-05-15 12:00:00 - Serenan,86.10969858480755
2026-05-15 18:00:00 - Serenan,86.11
2026-05-16 06:00:00 - Serenan,86.1
2026-05-16 12:00:00 - Serenan,86.10969858480755
2026-05-16 18:00:00 - Serenan,86.11
2026-05-17 06:00:00 - Serenan,86.1
2026-05-17 12:00:00 - Serenan,86.10969858480755
2026-05-17 18:00:00 - Serenan,86.11
2026-05-18 06:00:00 - Serenan,86.1
2026-05-18 12:00:00 - Serenan,86.10969858480755
2026-05-18 18:00:00 - Serenan,86.11
2025-09-19 06:00:00 - Sumberrejo,6.7
2025-09-19 12:00:00 - Sumberrejo,6.7
2025-09-19 18:00:00 - Sumberrejo,6.695868399273416
2025-09-20 06:00:00 - Sumberrejo,6.7
2025-09-20 12:00:00 - Sumberrejo,6.7
2025-09-20 18:00:00 - Sumberrejo,6.695868399273416
2025-09-21 06:00:00 - Sumberrejo,6.7
2025-09-21 12:00:00 - Sumberrejo,6.7
2025-09-21 18:00:00 - Sumberrejo,6.695868399273416
2025-09-22 06:00:00 - Sumberrejo,6.7
2025-09-22 12:00:00 - Sumberrejo,6.7
2025-09-22 18:00:00 - Sumberrejo,6.695868399273416
2025-09-23 06:00:00 - Sumberrejo,6.7
2025-09-23 12:00:00 - Sumberrejo,6.7
2025-09-23 18:00:00 - Sumberrejo,6.695868399273416
2025-09-24 06:00:00 - Sumberrejo,6.7
2025-09-24 12:00:00 - Sumberrejo,6.7
2025-09-24 18:00:00 - Sumberrejo,6.695868399273416
2025-09-25 06:00:00 - Sumberrejo,6.7
2025-09-25 12:00:00 - Sumberrejo,6.7
2025-09-25 18:00:00 - Sumberrejo,6.695868399273416
2025-09-26 06:00:00 - Sumberrejo,6.7
2025-09-26 12:00:00 - Sumberrejo,6.7
2025-09-26 18:00:00 - Sumberrejo,6.695868399273416
2025-09-27 06:00:00 - Sumberrejo,6.7
2025-09-27 12:00:00 - Sumberrejo,6.7
2025-09-27 18:00:00 - Sumberrejo,6.695868399273416
2025-09-28 06:00:00 - Sumberrejo,6.7
2025-09-28 12:00:00 - Sumberrejo,6.7
2025-09-28 18:00:00 - Sumberrejo,6.695868399273416
2025-09-29 06:00:00 - Sumberrejo,6.7
2025-09-29 12:00:00 - Sumberrejo,6.7
2025-09-29 18:00:00 - Sumberrejo,6.695868399273416
2025-09-30 06:00:00 - Sumberrejo,6.7
2025-09-30 12:00:00 - Sumberrejo,6.7
2025-09-30 18:00:00 - Sumberrejo,6.695868399273416
2025-10-01 06:00:00 - Sumberrejo,6.34
2025-10-01 12:00:00 - Sumberrejo,6.34
2025-10-01 18:00:00 - Sumberrejo,6.34
2025-10-02 06:00:00 - Sumberrejo,6.34
2025-10-02 12:00:00 - Sumberrejo,6.34
2025-10-02 18:00:00 - Sumberrejo,6.34
2025-10-03 06:00:00 - Sumberrejo,6.34
2025-10-03 12:00:00 - Sumberrejo,6.34
2025-10-03 18:00:00 - Sumberrejo,6.34
2025-10-04 06:00:00 - Sumberrejo,6.34
2025-10-04 12:00:00 - Sumberrejo,6.34
2025-10-04 18:00:00 - Sumberrejo,6.34
2025-10-05 06:00:00 - Sumberrejo,6.34
2025-10-05 12:00:00 - Sumberrejo,6.34
2025-10-05 18:00:00 - Sumberrejo,6.34
2025-10-06 06:00:00 - Sumberrejo,6.34
2025-10-06 12:00:00 - Sumberrejo,6.34
2025-10-06 18:00:00 - Sumberrejo,6.34
2025-10-07 06:00:00 - Sumberrejo,6.34
2025-10-07 12:00:00 - Sumberrejo,6.34
2025-10-07 18:00:00 - Sumberrejo,6.34
2025-10-08 06:00:00 - Sumberrejo,6.34
2025-10-08 12:00:00 - Sumberrejo,6.34
2025-10-08 18:00:00 - Sumberrejo,6.34
2025-10-09 06:00:00 - Sumberrejo,6.34
2025-10-09 12:00:00 - Sumberrejo,6.34
2025-10-09 18:00:00 - Sumberrejo,6.34
2025-10-10 06:00:00 - Sumberrejo,6.34
2025-10-10 12:00:00 - Sumberrejo,6.34
2025-10-10 18:00:00 - Sumberrejo,6.34
2025-10-11 06:00:00 - Sumberrejo,6.34
2025-10-11 12:00:00 - Sumberrejo,6.34
2025-10-11 18:00:00 - Sumberrejo,6.34
2025-10-12 06:00:00 - Sumberrejo,6.34
2025-10-12 12:00:00 - Sumberrejo,6.34
2025-10-12 18:00:00 - Sumberrejo,6.34
2025-10-13 06:00:00 - Sumberrejo,6.34
2025-10-13 12:00:00 - Sumberrejo,6.34
2025-10-13 18:00:00 - Sumberrejo,6.34
2025-10-14 06:00:00 - Sumberrejo,6.34
2025-10-14 12:00:00 - Sumberrejo,6.34
2025-10-14 18:00:00 - Sumberrejo,6.34
2025-10-15 06:00:00 - Sumberrejo,6.34
2025-10-15 12:00:00 - Sumberrejo,6.34
2025-10-15 18:00:00 - Sumberrejo,6.34
2025-10-16 06:00:00 - Sumberrejo,6.34
2025-10-16 12:00:00 - Sumberrejo,6.34
2025-10-16 18:00:00 - Sumberrejo,6.34
2025-10-17 06:00:00 - Sumberrejo,6.34
2025-10-17 12:00:00 - Sumberrejo,6.34
2025-10-17 18:00:00 - Sumberrejo,6.34
2025-10-18 06:00:00 - Sumberrejo,6.34
2025-10-18 12:00:00 - Sumberrejo,6.34
2025-10-18 18:00:00 - Sumberrejo,6.34
2025-10-19 06:00:00 - Sumberrejo,6.34
2025-10-19 12:00:00 - Sumberrejo,6.34
2025-10-19 18:00:00 - Sumberrejo,6.34
2025-10-20 06:00:00 - Sumberrejo,6.34
2025-10-20 12:00:00 - Sumberrejo,6.34
2025-10-20 18:00:00 - Sumberrejo,6.34
2025-10-21 06:00:00 - Sumberrejo,6.34
2025-10-21 12:00:00 - Sumberrejo,6.34
2025-10-21 18:00:00 - Sumberrejo,6.34
2025-10-22 06:00:00 - Sumberrejo,6.34
2025-10-22 12:00:00 - Sumberrejo,6.34
2025-10-22 18:00:00 - Sumberrejo,6.34
2025-10-23 06:00:00 - Sumberrejo,6.34
2025-10-23 12:00:00 - Sumberrejo,6.34
2025-10-23 18:00:00 - Sumberrejo,6.34
2025-10-24 06:00:00 - Sumberrejo,6.34
2025-10-24 12:00:00 - Sumberrejo,6.34
2025-10-24 18:00:00 - Sumberrejo,6.34
2025-10-25 06:00:00 - Sumberrejo,6.34
2025-10-25 12:00:00 - Sumberrejo,6.34
2025-10-25 18:00:00 - Sumberrejo,6.34
2025-10-26 06:00:00 - Sumberrejo,6.34
2025-10-26 12:00:00 - Sumberrejo,6.34
2025-10-26 18:00:00 - Sumberrejo,6.34
2025-10-27 06:00:00 - Sumberrejo,6.34
2025-10-27 12:00:00 - Sumberrejo,6.34
2025-10-27 18:00:00 - Sumberrejo,6.34
2025-10-28 06:00:00 - Sumberrejo,6.34
2025-10-28 12:00:00 - Sumberrejo,6.34
2025-10-28 18:00:00 - Sumberrejo,6.34
2025-10-29 06:00:00 - Sumberrejo,6.34
2025-10-29 12:00:00 - Sumberrejo,6.34
2025-10-29 18:00:00 - Sumberrejo,6.34
2025-10-30 06:00:00 - Sumberrejo,6.34
2025-10-30 12:00:00 - Sumberrejo,6.34
2025-10-30 18:00:00 - Sumberrejo,6.34
2025-10-31 06:00:00 - Sumberrejo,6.34
2025-10-31 12:00:00 - Sumberrejo,6.34
2025-10-31 18:00:00 - Sumberrejo,6.34
2025-11-01 06:00:00 - Sumberrejo,6.166811442191262
2025-11-01 12:00:00 - Sumberrejo,6.213777828923923
2025-11-01 18:00:00 - Sumberrejo,6.23
2025-11-02 06:00:00 - Sumberrejo,6.166811442191262
2025-11-02 12:00:00 - Sumberrejo,6.213777828923923
2025-11-02 18:00:00 - Sumberrejo,6.23
2025-11-03 06:00:00 - Sumberrejo,6.166811442191262
2025-11-03 12:00:00 - Sumberrejo,6.213777828923923
2025-11-03 18:00:00 - Sumberrejo,6.23
2025-11-04 06:00:00 - Sumberrejo,6.166811442191262
2025-11-04 12:00:00 - Sumberrejo,6.213777828923923
2025-11-04 18:00:00 - Sumberrejo,6.23
2025-11-05 06:00:00 - Sumberrejo,6.166811442191262
2025-11-05 12:00:00 - Sumberrejo,6.213777828923923
2025-11-05 18:00:00 - Sumberrejo,6.23
2025-11-06 06:00:00 - Sumberrejo,6.166811442191262
2025-11-06 12:00:00 - Sumberrejo,6.213777828923923
2025-11-06 18:00:00 - Sumberrejo,6.23
2025-11-07 06:00:00 - Sumberrejo,6.166811442191262
2025-11-07 12:00:00 - Sumberrejo,6.213777828923923
2025-11-07 18:00:00 - Sumberrejo,6.23
2025-11-08 06:00:00 - Sumberrejo,6.166811442191262
2025-11-08 12:00:00 - Sumberrejo,6.213777828923923
2025-11-08 18:00:00 - Sumberrejo,6.23
2025-11-09 06:00:00 - Sumberrejo,6.166811442191262
2025-11-09 12:00:00 - Sumberrejo,6.213777828923923
2025-11-09 18:00:00 - Sumberrejo,6.23
2025-11-10 06:00:00 - Sumberrejo,6.166811442191262
2025-11-10 12:00:00 - Sumberrejo,6.213777828923923
2025-11-10 18:00:00 - Sumberrejo,6.23
2025-11-11 06:00:00 - Sumberrejo,6.166811442191262
2025-11-11 12:00:00 - Sumberrejo,6.213777828923923
2025-11-11 18:00:00 - Sumberrejo,6.23
2025-11-12 06:00:00 - Sumberrejo,6.166811442191262
2025-11-12 12:00:00 - Sumberrejo,6.213777828923923
2025-11-12 18:00:00 - Sumberrejo,6.23
2025-11-13 06:00:00 - Sumberrejo,6.166811442191262
2025-11-13 12:00:00 - Sumberrejo,6.213777828923923
2025-11-13 18:00:00 - Sumberrejo,6.23
2025-11-14 06:00:00 - Sumberrejo,6.166811442191262
2025-11-14 12:00:00 - Sumberrejo,6.213777828923923
2025-11-14 18:00:00 - Sumberrejo,6.23
2025-11-15 06:00:00 - Sumberrejo,6.166811442191262
2025-11-15 12:00:00 - Sumberrejo,6.213777828923923
2025-11-15 18:00:00 - Sumberrejo,6.23
2025-11-16 06:00:00 - Sumberrejo,6.166811442191262
2025-11-16 12:00:00 - Sumberrejo,6.213777828923923
2025-11-16 18:00:00 - Sumberrejo,6.23
2025-11-17 06:00:00 - Sumberrejo,6.166811442191262
2025-11-17 12:00:00 - Sumberrejo,6.213777828923923
2025-11-17 18:00:00 - Sumberrejo,6.23
2025-11-18 06:00:00 - Sumberrejo,6.166811442191262
2025-11-18 12:00:00 - Sumberrejo,6.213777828923923
2025-11-18 18:00:00 - Sumberrejo,6.23
2025-11-19 06:00:00 - Sumberrejo,6.166811442191262
2025-11-19 12:00:00 - Sumberrejo,6.213777828923923
2025-11-19 18:00:00 - Sumberrejo,6.23
2025-11-20 06:00:00 - Sumberrejo,6.166811442191262
2025-11-20 12:00:00 - Sumberrejo,6.213777828923923
2025-11-20 18:00:00 - Sumberrejo,6.23
2025-11-21 06:00:00 - Sumberrejo,6.166811442191262
2025-11-21 12:00:00 - Sumberrejo,6.213777828923923
2025-11-21 18:00:00 - Sumberrejo,6.23
2025-11-22 06:00:00 - Sumberrejo,6.166811442191262
2025-11-22 12:00:00 - Sumberrejo,6.213777828923923
2025-11-22 18:00:00 - Sumberrejo,6.23
2025-11-23 06:00:00 - Sumberrejo,6.166811442191262
2025-11-23 12:00:00 - Sumberrejo,6.213777828923923
2025-11-23 18:00:00 - Sumberrejo,6.23
2025-11-24 06:00:00 - Sumberrejo,6.166811442191262
2025-11-24 12:00:00 - Sumberrejo,6.213777828923923
2025-11-24 18:00:00 - Sumberrejo,6.23
2025-11-25 06:00:00 - Sumberrejo,6.166811442191262
2025-11-25 12:00:00 - Sumberrejo,6.213777828923923
2025-11-25 18:00:00 - Sumberrejo,6.23
2025-11-26 06:00:00 - Sumberrejo,6.166811442191262
2025-11-26 12:00:00 - Sumberrejo,6.213777828923923
2025-11-26 18:00:00 - Sumberrejo,6.23
2025-11-27 06:00:00 - Sumberrejo,6.166811442191262
2025-11-27 12:00:00 - Sumberrejo,6.213777828923923
2025-11-27 18:00:00 - Sumberrejo,6.23
2025-11-28 06:00:00 - Sumberrejo,6.166811442191262
2025-11-28 12:00:00 - Sumberrejo,6.213777828923923
2025-11-28 18:00:00 - Sumberrejo,6.23
2025-11-29 06:00:00 - Sumberrejo,6.166811442191262
2025-11-29 12:00:00 - Sumberrejo,6.213777828923923
2025-11-29 18:00:00 - Sumberrejo,6.23
2025-11-30 06:00:00 - Sumberrejo,6.166811442191262
2025-11-30 12:00:00 - Sumberrejo,6.213777828923923
2025-11-30 18:00:00 - Sumberrejo,6.23
2025-12-01 06:00:00 - Sumberrejo,7.186216250690828
2025-12-01 12:00:00 - Sumberrejo,7.27
2025-12-01 18:00:00 - Sumberrejo,7.105
2025-12-02 06:00:00 - Sumberrejo,7.186216250690828
2025-12-02 12:00:00 - Sumberrejo,7.27
2025-12-02 18:00:00 - Sumberrejo,7.105
2025-12-03 06:00:00 - Sumberrejo,7.186216250690828
2025-12-03 12:00:00 - Sumberrejo,7.27
2025-12-03 18:00:00 - Sumberrejo,7.105
2025-12-04 06:00:00 - Sumberrejo,7.186216250690828
2025-12-04 12:00:00 - Sumberrejo,7.27
2025-12-04 18:00:00 - Sumberrejo,7.105
2025-12-05 06:00:00 - Sumberrejo,7.186216250690828
2025-12-05 12:00:00 - Sumberrejo,7.27
2025-12-05 18:00:00 - Sumberrejo,7.105
2025-12-06 06:00:00 - Sumberrejo,7.186216250690828
2025-12-06 12:00:00 - Sumberrejo,7.27
2025-12-06 18:00:00 - Sumberrejo,7.105
2025-12-07 06:00:00 - Sumberrejo,7.186216250690828
2025-12-07 12:00:00 - Sumberrejo,7.27
2025-12-07 18:00:00 - Sumberrejo,7.105
2025-12-08 06:00:00 - Sumberrejo,7.186216250690828
2025-12-08 12:00:00 - Sumberrejo,7.27
2025-12-08 18:00:00 - Sumberrejo,7.105
2025-12-09 06:00:00 - Sumberrejo,7.186216250690828
2025-12-09 12:00:00 - Sumberrejo,7.27
2025-12-09 18:00:00 - Sumberrejo,7.105
2025-12-10 06:00:00 - Sumberrejo,7.186216250690828
2025-12-10 12:00:00 - Sumberrejo,7.27
2025-12-10 18:00:00 - Sumberrejo,7.105
2025-12-11 06:00:00 - Sumberrejo,7.186216250690828
2025-12-11 12:00:00 - Sumberrejo,7.27
2025-12-11 18:00:00 - Sumberrejo,7.105
2025-12-12 06:00:00 - Sumberrejo,7.186216250690828
2025-12-12 12:00:00 - Sumberrejo,7.27
2025-12-12 18:00:00 - Sumberrejo,7.105
2025-12-13 06:00:00 - Sumberrejo,7.186216250690828
2025-12-13 12:00:00 - Sumberrejo,7.27
2025-12-13 18:00:00 - Sumberrejo,7.105
2025-12-14 06:00:00 - Sumberrejo,7.186216250690828
2025-12-14 12:00:00 - Sumberrejo,7.27
2025-12-14 18:00:00 - Sumberrejo,7.105
2025-12-15 06:00:00 - Sumberrejo,7.186216250690828
2025-12-15 12:00:00 - Sumberrejo,7.27
2025-12-15 18:00:00 - Sumberrejo,7.105
2025-12-16 06:00:00 - Sumberrejo,7.186216250690828
2025-12-16 12:00:00 - Sumberrejo,7.27
2025-12-16 18:00:00 - Sumberrejo,7.105
2025-12-17 06:00:00 - Sumberrejo,7.186216250690828
2025-12-17 12:00:00 - Sumberrejo,7.27
2025-12-17 18:00:00 - Sumberrejo,7.105
2025-12-18 06:00:00 - Sumberrejo,7.186216250690828
2025-12-18 12:00:00 - Sumberrejo,7.27
2025-12-18 18:00:00 - Sumberrejo,7.105
2025-12-19 06:00:00 - Sumberrejo,7.186216250690828
2025-12-19 12:00:00 - Sumberrejo,7.27
2025-12-19 18:00:00 - Sumberrejo,7.105
2025-12-20 06:00:00 - Sumberrejo,7.186216250690828
2025-12-20 12:00:00 - Sumberrejo,7.27
2025-12-20 18:00:00 - Sumberrejo,7.105
2025-12-21 06:00:00 - Sumberrejo,7.186216250690828
2025-12-21 12:00:00 - Sumberrejo,7.27
2025-12-21 18:00:00 - Sumberrejo,7.105
2025-12-22 06:00:00 - Sumberrejo,7.186216250690828
2025-12-22 12:00:00 - Sumberrejo,7.27
2025-12-22 18:00:00 - Sumberrejo,7.105
2025-12-23 06:00:00 - Sumberrejo,7.186216250690828
2025-12-23 12:00:00 - Sumberrejo,7.27
2025-12-23 18:00:00 - Sumberrejo,7.105
2025-12-24 06:00:00 - Sumberrejo,7.186216250690828
2025-12-24 12:00:00 - Sumberrejo,7.27
2025-12-24 18:00:00 - Sumberrejo,7.105
2025-12-25 06:00:00 - Sumberrejo,7.186216250690828
2025-12-25 12:00:00 - Sumberrejo,7.27
2025-12-25 18:00:00 - Sumberrejo,7.105
2025-12-26 06:00:00 - Sumberrejo,7.186216250690828
2025-12-26 12:00:00 - Sumberrejo,7.27
2025-12-26 18:00:00 - Sumberrejo,7.105
2025-12-27 06:00:00 - Sumberrejo,7.186216250690828
2025-12-27 12:00:00 - Sumberrejo,7.27
2025-12-27 18:00:00 - Sumberrejo,7.105
2025-12-28 06:00:00 - Sumberrejo,7.186216250690828
2025-12-28 12:00:00 - Sumberrejo,7.27
2025-12-28 18:00:00 - Sumberrejo,7.105
2025-12-29 06:00:00 - Sumberrejo,7.186216250690828
2025-12-29 12:00:00 - Sumberrejo,7.27
2025-12-29 18:00:00 - Sumberrejo,7.105
2025-12-30 06:00:00 - Sumberrejo,7.186216250690828
2025-12-30 12:00:00 - Sumberrejo,7.27
2025-12-30 18:00:00 - Sumberrejo,7.105
2025-12-31 06:00:00 - Sumberrejo,7.186216250690828
2025-12-31 12:00:00 - Sumberrejo,7.27
2025-12-31 18:00:00 - Sumberrejo,7.105
2026-01-01 06:00:00 - Sumberrejo,7.69
2026-01-01 12:00:00 - Sumberrejo,7.74
2026-01-01 18:00:00 - Sumberrejo,7.64
2026-01-02 06:00:00 - Sumberrejo,7.69
2026-01-02 12:00:00 - Sumberrejo,7.74
2026-01-02 18:00:00 - Sumberrejo,7.64
2026-01-03 06:00:00 - Sumberrejo,7.69
2026-01-03 12:00:00 - Sumberrejo,7.74
2026-01-03 18:00:00 - Sumberrejo,7.64
2026-01-04 06:00:00 - Sumberrejo,7.69
2026-01-04 12:00:00 - Sumberrejo,7.74
2026-01-04 18:00:00 - Sumberrejo,7.64
2026-01-05 06:00:00 - Sumberrejo,7.69
2026-01-05 12:00:00 - Sumberrejo,7.74
2026-01-05 18:00:00 - Sumberrejo,7.64
2026-01-06 06:00:00 - Sumberrejo,7.69
2026-01-06 12:00:00 - Sumberrejo,7.74
2026-01-06 18:00:00 - Sumberrejo,7.64
2026-01-07 06:00:00 - Sumberrejo,7.69
2026-01-07 12:00:00 - Sumberrejo,7.74
2026-01-07 18:00:00 - Sumberrejo,7.64
2026-01-08 06:00:00 - Sumberrejo,7.69
2026-01-08 12:00:00 - Sumberrejo,7.74
2026-01-08 18:00:00 - Sumberrejo,7.64
2026-01-09 06:00:00 - Sumberrejo,7.69
2026-01-09 12:00:00 - Sumberrejo,7.74
2026-01-09 18:00:00 - Sumberrejo,7.64
2026-01-10 06:00:00 - Sumberrejo,7.69
2026-01-10 12:00:00 - Sumberrejo,7.74
2026-01-10 18:00:00 - Sumberrejo,7.64
2026-01-11 06:00:00 - Sumberrejo,7.69
2026-01-11 12:00:00 - Sumberrejo,7.74
2026-01-11 18:00:00 - Sumberrejo,7.64
2026-01-12 06:00:00 - Sumberrejo,7.69
2026-01-12 12:00:00 - Sumberrejo,7.74
2026-01-12 18:00:00 - Sumberrejo,7.64
2026-01-13 06:00:00 - Sumberrejo,7.69
2026-01-13 12:00:00 - Sumberrejo,7.74
2026-01-13 18:00:00 - Sumberrejo,7.64
2026-01-14 06:00:00 - Sumberrejo,7.69
2026-01-14 12:00:00 - Sumberrejo,7.74
2026-01-14 18:00:00 - Sumberrejo,7.64
2026-01-15 06:00:00 - Sumberrejo,7.69
2026-01-15 12:00:00 - Sumberrejo,7.74
2026-01-15 18:00:00 - Sumberrejo,7.64
2026-01-16 06:00:00 - Sumberrejo,7.69
2026-01-16 12:00:00 - Sumberrejo,7.74
2026-01-16 18:00:00 - Sumberrejo,7.64
2026-01-17 06:00:00 - Sumberrejo,7.69
2026-01-17 12:00:00 - Sumberrejo,7.74
2026-01-17 18:00:00 - Sumberrejo,7.64
2026-01-18 06:00:00 - Sumberrejo,7.69
2026-01-18 12:00:00 - Sumberrejo,7.74
2026-01-18 18:00:00 - Sumberrejo,7.64
2026-01-19 06:00:00 - Sumberrejo,7.69
2026-01-19 12:00:00 - Sumberrejo,7.74
2026-01-19 18:00:00 - Sumberrejo,7.64
2026-01-20 06:00:00 - Sumberrejo,7.69
2026-01-20 12:00:00 - Sumberrejo,7.74
2026-01-20 18:00:00 - Sumberrejo,7.64
2026-01-21 06:00:00 - Sumberrejo,7.69
2026-01-21 12:00:00 - Sumberrejo,7.74
2026-01-21 18:00:00 - Sumberrejo,7.64
2026-01-22 06:00:00 - Sumberrejo,7.69
2026-01-22 12:00:00 - Sumberrejo,7.74
2026-01-22 18:00:00 - Sumberrejo,7.64
2026-01-23 06:00:00 - Sumberrejo,7.69
2026-01-23 12:00:00 - Sumberrejo,7.74
2026-01-23 18:00:00 - Sumberrejo,7.64
2026-01-24 06:00:00 - Sumberrejo,7.69
2026-01-24 12:00:00 - Sumberrejo,7.74
2026-01-24 18:00:00 - Sumberrejo,7.64
2026-01-25 06:00:00 - Sumberrejo,7.69
2026-01-25 12:00:00 - Sumberrejo,7.74
2026-01-25 18:00:00 - Sumberrejo,7.64
2026-01-26 06:00:00 - Sumberrejo,7.69
2026-01-26 12:00:00 - Sumberrejo,7.74
2026-01-26 18:00:00 - Sumberrejo,7.64
2026-01-27 06:00:00 - Sumberrejo,7.69
2026-01-27 12:00:00 - Sumberrejo,7.74
2026-01-27 18:00:00 - Sumberrejo,7.64
2026-01-28 06:00:00 - Sumberrejo,7.69
2026-01-28 12:00:00 - Sumberrejo,7.74
2026-01-28 18:00:00 - Sumberrejo,7.64
2026-01-29 06:00:00 - Sumberrejo,7.69
2026-01-29 12:00:00 - Sumberrejo,7.74
2026-01-29 18:00:00 - Sumberrejo,7.64
2026-01-30 06:00:00 - Sumberrejo,7.69
2026-01-30 12:00:00 - Sumberrejo,7.74
2026-01-30 18:00:00 - Sumberrejo,7.64
2026-01-31 06:00:00 - Sumberrejo,7.69
2026-01-31 12:00:00 - Sumberrejo,7.74
2026-01-31 18:00:00 - Sumberrejo,7.64
2026-02-01 06:00:00 - Sumberrejo,8.86
2026-02-01 12:00:00 - Sumberrejo,8.77
2026-02-01 18:00:00 - Sumberrejo,8.81
2026-02-02 06:00:00 - Sumberrejo,8.86
2026-02-02 12:00:00 - Sumberrejo,8.77
2026-02-02 18:00:00 - Sumberrejo,8.81
2026-02-03 06:00:00 - Sumberrejo,8.86
2026-02-03 12:00:00 - Sumberrejo,8.77
2026-02-03 18:00:00 - Sumberrejo,8.81
2026-02-04 06:00:00 - Sumberrejo,8.86
2026-02-04 12:00:00 - Sumberrejo,8.77
2026-02-04 18:00:00 - Sumberrejo,8.81
2026-02-05 06:00:00 - Sumberrejo,8.86
2026-02-05 12:00:00 - Sumberrejo,8.77
2026-02-05 18:00:00 - Sumberrejo,8.81
2026-02-06 06:00:00 - Sumberrejo,8.86
2026-02-06 12:00:00 - Sumberrejo,8.77
2026-02-06 18:00:00 - Sumberrejo,8.81
2026-02-07 06:00:00 - Sumberrejo,8.86
2026-02-07 12:00:00 - Sumberrejo,8.77
2026-02-07 18:00:00 - Sumberrejo,8.81
2026-02-08 06:00:00 - Sumberrejo,8.86
2026-02-08 12:00:00 - Sumberrejo,8.77
2026-02-08 18:00:00 - Sumberrejo,8.81
2026-02-09 06:00:00 - Sumberrejo,8.86
2026-02-09 12:00:00 - Sumberrejo,8.77
2026-02-09 18:00:00 - Sumberrejo,8.81
2026-02-10 06:00:00 - Sumberrejo,8.86
2026-02-10 12:00:00 - Sumberrejo,8.77
2026-02-10 18:00:00 - Sumberrejo,8.81
2026-02-11 06:00:00 - Sumberrejo,8.86
2026-02-11 12:00:00 - Sumberrejo,8.77
2026-02-11 18:00:00 - Sumberrejo,8.81
2026-02-12 06:00:00 - Sumberrejo,8.86
2026-02-12 12:00:00 - Sumberrejo,8.77
2026-02-12 18:00:00 - Sumberrejo,8.81
2026-02-13 06:00:00 - Sumberrejo,8.86
2026-02-13 12:00:00 - Sumberrejo,8.77
2026-02-13 18:00:00 - Sumberrejo,8.81
2026-02-14 06:00:00 - Sumberrejo,8.86
2026-02-14 12:00:00 - Sumberrejo,8.77
2026-02-14 18:00:00 - Sumberrejo,8.81
2026-02-15 06:00:00 - Sumberrejo,8.86
2026-02-15 12:00:00 - Sumberrejo,8.77
2026-02-15 18:00:00 - Sumberrejo,8.81
2026-02-16 06:00:00 - Sumberrejo,8.86
2026-02-16 12:00:00 - Sumberrejo,8.77
2026-02-16 18:00:00 - Sumberrejo,8.81
2026-02-17 06:00:00 - Sumberrejo,8.86
2026-02-17 12:00:00 - Sumberrejo,8.77
2026-02-17 18:00:00 - Sumberrejo,8.81
2026-02-18 06:00:00 - Sumberrejo,8.86
2026-02-18 12:00:00 - Sumberrejo,8.77
2026-02-18 18:00:00 - Sumberrejo,8.81
2026-02-19 06:00:00 - Sumberrejo,8.86
2026-02-19 12:00:00 - Sumberrejo,8.77
2026-02-19 18:00:00 - Sumberrejo,8.81
2026-02-20 06:00:00 - Sumberrejo,8.86
2026-02-20 12:00:00 - Sumberrejo,8.77
2026-02-20 18:00:00 - Sumberrejo,8.81
2026-02-21 06:00:00 - Sumberrejo,8.86
2026-02-21 12:00:00 - Sumberrejo,8.77
2026-02-21 18:00:00 - Sumberrejo,8.81
2026-02-22 06:00:00 - Sumberrejo,8.86
2026-02-22 12:00:00 - Sumberrejo,8.77
2026-02-22 18:00:00 - Sumberrejo,8.81
2026-02-23 06:00:00 - Sumberrejo,8.86
2026-02-23 12:00:00 - Sumberrejo,8.77
2026-02-23 18:00:00 - Sumberrejo,8.81
2026-02-24 06:00:00 - Sumberrejo,8.86
2026-02-24 12:00:00 - Sumberrejo,8.77
2026-02-24 18:00:00 - Sumberrejo,8.81
2026-02-25 06:00:00 - Sumberrejo,8.86
2026-02-25 12:00:00 - Sumberrejo,8.77
2026-02-25 18:00:00 - Sumberrejo,8.81
2026-02-26 06:00:00 - Sumberrejo,8.86
2026-02-26 12:00:00 - Sumberrejo,8.77
2026-02-26 18:00:00 - Sumberrejo,8.81
2026-02-27 06:00:00 - Sumberrejo,8.86
2026-02-27 12:00:00 - Sumberrejo,8.77
2026-02-27 18:00:00 - Sumberrejo,8.81
2026-02-28 06:00:00 - Sumberrejo,8.86
2026-02-28 12:00:00 - Sumberrejo,8.77
2026-02-28 18:00:00 - Sumberrejo,8.81
2026-03-01 06:00:00 - Sumberrejo,8.94
2026-03-01 12:00:00 - Sumberrejo,8.82
2026-03-01 18:00:00 - Sumberrejo,8.78
2026-03-02 06:00:00 - Sumberrejo,8.94
2026-03-02 12:00:00 - Sumberrejo,8.82
2026-03-02 18:00:00 - Sumberrejo,8.78
2026-03-03 06:00:00 - Sumberrejo,8.94
2026-03-03 12:00:00 - Sumberrejo,8.82
2026-03-03 18:00:00 - Sumberrejo,8.78
2026-03-04 06:00:00 - Sumberrejo,8.94
2026-03-04 12:00:00 - Sumberrejo,8.82
2026-03-04 18:00:00 - Sumberrejo,8.78
2026-03-05 06:00:00 - Sumberrejo,8.94
2026-03-05 12:00:00 - Sumberrejo,8.82
2026-03-05 18:00:00 - Sumberrejo,8.78
2026-03-06 06:00:00 - Sumberrejo,8.94
2026-03-06 12:00:00 - Sumberrejo,8.82
2026-03-06 18:00:00 - Sumberrejo,8.78
2026-03-07 06:00:00 - Sumberrejo,8.94
2026-03-07 12:00:00 - Sumberrejo,8.82
2026-03-07 18:00:00 - Sumberrejo,8.78
2026-03-08 06:00:00 - Sumberrejo,8.94
2026-03-08 12:00:00 - Sumberrejo,8.82
2026-03-08 18:00:00 - Sumberrejo,8.78
2026-03-09 06:00:00 - Sumberrejo,8.94
2026-03-09 12:00:00 - Sumberrejo,8.82
2026-03-09 18:00:00 - Sumberrejo,8.78
2026-03-10 06:00:00 - Sumberrejo,8.94
2026-03-10 12:00:00 - Sumberrejo,8.82
2026-03-10 18:00:00 - Sumberrejo,8.78
2026-03-11 06:00:00 - Sumberrejo,8.94
2026-03-11 12:00:00 - Sumberrejo,8.82
2026-03-11 18:00:00 - Sumberrejo,8.78
2026-03-12 06:00:00 - Sumberrejo,8.94
2026-03-12 12:00:00 - Sumberrejo,8.82
2026-03-12 18:00:00 - Sumberrejo,8.78
2026-03-13 06:00:00 - Sumberrejo,8.94
2026-03-13 12:00:00 - Sumberrejo,8.82
2026-03-13 18:00:00 - Sumberrejo,8.78
2026-03-14 06:00:00 - Sumberrejo,8.94
2026-03-14 12:00:00 - Sumberrejo,8.82
2026-03-14 18:00:00 - Sumberrejo,8.78
2026-03-15 06:00:00 - Sumberrejo,8.94
2026-03-15 12:00:00 - Sumberrejo,8.82
2026-03-15 18:00:00 - Sumberrejo,8.78
2026-03-16 06:00:00 - Sumberrejo,8.94
2026-03-16 12:00:00 - Sumberrejo,8.82
2026-03-16 18:00:00 - Sumberrejo,8.78
2026-03-17 06:00:00 - Sumberrejo,8.94
2026-03-17 12:00:00 - Sumberrejo,8.82
2026-03-17 18:00:00 - Sumberrejo,8.78
2026-03-18 06:00:00 - Sumberrejo,8.94
2026-03-18 12:00:00 - Sumberrejo,8.82
2026-03-18 18:00:00 - Sumberrejo,8.78
2026-03-19 06:00:00 - Sumberrejo,8.94
2026-03-19 12:00:00 - Sumberrejo,8.82
2026-03-19 18:00:00 - Sumberrejo,8.78
2026-03-20 06:00:00 - Sumberrejo,8.94
2026-03-20 12:00:00 - Sumberrejo,8.82
2026-03-20 18:00:00 - Sumberrejo,8.78
2026-03-21 06:00:00 - Sumberrejo,8.94
2026-03-21 12:00:00 - Sumberrejo,8.82
2026-03-21 18:00:00 - Sumberrejo,8.78
2026-03-22 06:00:00 - Sumberrejo,8.94
2026-03-22 12:00:00 - Sumberrejo,8.82
2026-03-22 18:00:00 - Sumberrejo,8.78
2026-03-23 06:00:00 - Sumberrejo,8.94
2026-03-23 12:00:00 - Sumberrejo,8.82
2026-03-23 18:00:00 - Sumberrejo,8.78
2026-03-24 06:00:00 - Sumberrejo,8.94
2026-03-24 12:00:00 - Sumberrejo,8.82
2026-03-24 18:00:00 - Sumberrejo,8.78
2026-03-25 06:00:00 - Sumberrejo,8.94
2026-03-25 12:00:00 - Sumberrejo,8.82
2026-03-25 18:00:00 - Sumberrejo,8.78
2026-03-26 06:00:00 - Sumberrejo,8.94
2026-03-26 12:00:00 - Sumberrejo,8.82
2026-03-26 18:00:00 - Sumberrejo,8.78
2026-03-27 06:00:00 - Sumberrejo,8.94
2026-03-27 12:00:00 - Sumberrejo,8.82
2026-03-27 18:00:00 - Sumberrejo,8.78
2026-03-28 06:00:00 - Sumberrejo,8.94
2026-03-28 12:00:00 - Sumberrejo,8.82
2026-03-28 18:00:00 - Sumberrejo,8.78
2026-03-29 06:00:00 - Sumberrejo,8.94
2026-03-29 12:00:00 - Sumberrejo,8.82
2026-03-29 18:00:00 - Sumberrejo,8.78
2026-03-30 06:00:00 - Sumberrejo,8.94
2026-03-30 12:00:00 - Sumberrejo,8.82
2026-03-30 18:00:00 - Sumberrejo,8.78
2026-03-31 06:00:00 - Sumberrejo,8.94
2026-03-31 12:00:00 - Sumberrejo,8.82
2026-03-31 18:00:00 - Sumberrejo,8.78
2026-04-01 06:00:00 - Sumberrejo,7.625
2026-04-01 12:00:00 - Sumberrejo,7.64
2026-04-01 18:00:00 - Sumberrejo,7.57
2026-04-02 06:00:00 - Sumberrejo,7.625
2026-04-02 12:00:00 - Sumberrejo,7.64
2026-04-02 18:00:00 - Sumberrejo,7.57
2026-04-03 06:00:00 - Sumberrejo,7.625
2026-04-03 12:00:00 - Sumberrejo,7.64
2026-04-03 18:00:00 - Sumberrejo,7.57
2026-04-04 06:00:00 - Sumberrejo,7.625
2026-04-04 12:00:00 - Sumberrejo,7.64
2026-04-04 18:00:00 - Sumberrejo,7.57
2026-04-05 06:00:00 - Sumberrejo,7.625
2026-04-05 12:00:00 - Sumberrejo,7.64
2026-04-05 18:00:00 - Sumberrejo,7.57
2026-04-06 06:00:00 - Sumberrejo,7.625
2026-04-06 12:00:00 - Sumberrejo,7.64
2026-04-06 18:00:00 - Sumberrejo,7.57
2026-04-07 06:00:00 - Sumberrejo,7.625
2026-04-07 12:00:00 - Sumberrejo,7.64
2026-04-07 18:00:00 - Sumberrejo,7.57
2026-04-08 06:00:00 - Sumberrejo,7.625
2026-04-08 12:00:00 - Sumberrejo,7.64
2026-04-08 18:00:00 - Sumberrejo,7.57
2026-04-09 06:00:00 - Sumberrejo,7.625
2026-04-09 12:00:00 - Sumberrejo,7.64
2026-04-09 18:00:00 - Sumberrejo,7.57
2026-04-10 06:00:00 - Sumberrejo,7.625
2026-04-10 12:00:00 - Sumberrejo,7.64
2026-04-10 18:00:00 - Sumberrejo,7.57
2026-04-11 06:00:00 - Sumberrejo,7.625
2026-04-11 12:00:00 - Sumberrejo,7.64
2026-04-11 18:00:00 - Sumberrejo,7.57
2026-04-12 06:00:00 - Sumberrejo,7.625
2026-04-12 12:00:00 - Sumberrejo,7.64
2026-04-12 18:00:00 - Sumberrejo,7.57
2026-04-13 06:00:00 - Sumberrejo,7.625
2026-04-13 12:00:00 - Sumberrejo,7.64
2026-04-13 18:00:00 - Sumberrejo,7.57
2026-04-14 06:00:00 - Sumberrejo,7.625
2026-04-14 12:00:00 - Sumberrejo,7.64
2026-04-14 18:00:00 - Sumberrejo,7.57
2026-04-15 06:00:00 - Sumberrejo,7.625
2026-04-15 12:00:00 - Sumberrejo,7.64
2026-04-15 18:00:00 - Sumberrejo,7.57
2026-04-16 06:00:00 - Sumberrejo,7.625
2026-04-16 12:00:00 - Sumberrejo,7.64
2026-04-16 18:00:00 - Sumberrejo,7.57
2026-04-17 06:00:00 - Sumberrejo,7.625
2026-04-17 12:00:00 - Sumberrejo,7.64
2026-04-17 18:00:00 - Sumberrejo,7.57
2026-04-18 06:00:00 - Sumberrejo,7.625
2026-04-18 12:00:00 - Sumberrejo,7.64
2026-04-18 18:00:00 - Sumberrejo,7.57
2026-04-19 06:00:00 - Sumberrejo,7.625
2026-04-19 12:00:00 - Sumberrejo,7.64
2026-04-19 18:00:00 - Sumberrejo,7.57
2026-04-20 06:00:00 - Sumberrejo,7.625
2026-04-20 12:00:00 - Sumberrejo,7.64
2026-04-20 18:00:00 - Sumberrejo,7.57
2026-04-21 06:00:00 - Sumberrejo,7.625
2026-04-21 12:00:00 - Sumberrejo,7.64
2026-04-21 18:00:00 - Sumberrejo,7.57
2026-04-22 06:00:00 - Sumberrejo,7.625
2026-04-22 12:00:00 - Sumberrejo,7.64
2026-04-22 18:00:00 - Sumberrejo,7.57
2026-04-23 06:00:00 - Sumberrejo,7.625
2026-04-23 12:00:00 - Sumberrejo,7.64
2026-04-23 18:00:00 - Sumberrejo,7.57
2026-04-24 06:00:00 - Sumberrejo,7.625
2026-04-24 12:00:00 - Sumberrejo,7.64
2026-04-24 18:00:00 - Sumberrejo,7.57
2026-04-25 06:00:00 - Sumberrejo,7.625
2026-04-25 12:00:00 - Sumberrejo,7.64
2026-04-25 18:00:00 - Sumberrejo,7.57
2026-04-26 06:00:00 - Sumberrejo,7.625
2026-04-26 12:00:00 - Sumberrejo,7.64
2026-04-26 18:00:00 - Sumberrejo,7.57
2026-04-27 06:00:00 - Sumberrejo,7.625
2026-04-27 12:00:00 - Sumberrejo,7.64
2026-04-27 18:00:00 - Sumberrejo,7.57
2026-04-28 06:00:00 - Sumberrejo,7.625
2026-04-28 12:00:00 - Sumberrejo,7.64
2026-04-28 18:00:00 - Sumberrejo,7.57
2026-04-29 06:00:00 - Sumberrejo,7.625
2026-04-29 12:00:00 - Sumberrejo,7.64
2026-04-29 18:00:00 - Sumberrejo,7.57
2026-04-30 06:00:00 - Sumberrejo,7.625
2026-04-30 12:00:00 - Sumberrejo,7.64
2026-04-30 18:00:00 - Sumberrejo,7.57
2026-05-01 06:00:00 - Sumberrejo,7.074269362225135
2026-05-01 12:00:00 - Sumberrejo,7.08
2026-05-01 18:00:00 - Sumberrejo,7.08
2026-05-02 06:00:00 - Sumberrejo,7.074269362225135
2026-05-02 12:00:00 - Sumberrejo,7.08
2026-05-02 18:00:00 - Sumberrejo,7.08
2026-05-03 06:00:00 - Sumberrejo,7.074269362225135
2026-05-03 12:00:00 - Sumberrejo,7.08
2026-05-03 18:00:00 - Sumberrejo,7.08
2026-05-04 06:00:00 - Sumberrejo,7.074269362225135
2026-05-04 12:00:00 - Sumberrejo,7.08
2026-05-04 18:00:00 - Sumberrejo,7.08
2026-05-05 06:00:00 - Sumberrejo,7.074269362225135
2026-05-05 12:00:00 - Sumberrejo,7.08
2026-05-05 18:00:00 - Sumberrejo,7.08
2026-05-06 06:00:00 - Sumberrejo,7.074269362225135
2026-05-06 12:00:00 - Sumberrejo,7.08
2026-05-06 18:00:00 - Sumberrejo,7.08
2026-05-07 06:00:00 - Sumberrejo,7.074269362225135
2026-05-07 12:00:00 - Sumberrejo,7.08
2026-05-07 18:00:00 - Sumberrejo,7.08
2026-05-08 06:00:00 - Sumberrejo,7.074269362225135
2026-05-08 12:00:00 - Sumberrejo,7.08
2026-05-08 18:00:00 - Sumberrejo,7.08
2026-05-09 06:00:00 - Sumberrejo,7.074269362225135
2026-05-09 12:00:00 - Sumberrejo,7.08
2026-05-09 18:00:00 - Sumberrejo,7.08
2026-05-10 06:00:00 - Sumberrejo,7.074269362225135
2026-05-10 12:00:00 - Sumberrejo,7.08
2026-05-10 18:00:00 - Sumberrejo,7.08
2026-05-11 06:00:00 - Sumberrejo,7.074269362225135
2026-05-11 12:00:00 - Sumberrejo,7.08
2026-05-11 18:00:00 - Sumberrejo,7.08
2026-05-12 06:00:00 - Sumberrejo,7.074269362225135
2026-05-12 12:00:00 - Sumberrejo,7.08
2026-05-12 18:00:00 - Sumberrejo,7.08
2026-05-13 06:00:00 - Sumberrejo,7.074269362225135
2026-05-13 12:00:00 - Sumberrejo,7.08
2026-05-13 18:00:00 - Sumberrejo,7.08
2026-05-14 06:00:00 - Sumberrejo,7.074269362225135
2026-05-14 12:00:00 - Sumberrejo,7.08
2026-05-14 18:00:00 - Sumberrejo,7.08
2026-05-15 06:00:00 - Sumberrejo,7.074269362225135
2026-05-15 12:00:00 - Sumberrejo,7.08
2026-05-15 18:00:00 - Sumberrejo,7.08
2026-05-16 06:00:00 - Sumberrejo,7.074269362225135
2026-05-16 12:00:00 - Sumberrejo,7.08
2026-05-16 18:00:00 - Sumberrejo,7.08
2026-05-17 06:00:00 - Sumberrejo,7.074269362225135
2026-05-17 12:00:00 - Sumberrejo,7.08
2026-05-17 18:00:00 - Sumberrejo,7.08
2026-05-18 06:00:00 - Sumberrejo,7.074269362225135
2026-05-18 12:00:00 - Sumberrejo,7.08
2026-05-18 18:00:00 - Sumberrejo,7.08
2025-09-19 06:00:00 - Wonogiri Dam,129.22500000000002
2025-09-19 12:00:00 - Wonogiri Dam,129.13
2025-09-19 18:00:00 - Wonogiri Dam,129.105
2025-09-20 06:00:00 - Wonogiri Dam,129.22500000000002
2025-09-20 12:00:00 - Wonogiri Dam,129.13
2025-09-20 18:00:00 - Wonogiri Dam,129.105
2025-09-21 06:00:00 - Wonogiri Dam,129.22500000000002
2025-09-21 12:00:00 - Wonogiri Dam,129.13
2025-09-21 18:00:00 - Wonogiri Dam,129.105
2025-09-22 06:00:00 - Wonogiri Dam,129.22500000000002
2025-09-22 12:00:00 - Wonogiri Dam,129.13
2025-09-22 18:00:00 - Wonogiri Dam,129.105
2025-09-23 06:00:00 - Wonogiri Dam,129.22500000000002
2025-09-23 12:00:00 - Wonogiri Dam,129.13
2025-09-23 18:00:00 - Wonogiri Dam,129.105
2025-09-24 06:00:00 - Wonogiri Dam,129.22500000000002
2025-09-24 12:00:00 - Wonogiri Dam,129.13
2025-09-24 18:00:00 - Wonogiri Dam,129.105
2025-09-25 06:00:00 - Wonogiri Dam,129.22500000000002
2025-09-25 12:00:00 - Wonogiri Dam,129.13
2025-09-25 18:00:00 - Wonogiri Dam,129.105
2025-09-26 06:00:00 - Wonogiri Dam,129.22500000000002
2025-09-26 12:00:00 - Wonogiri Dam,129.13
2025-09-26 18:00:00 - Wonogiri Dam,129.105
2025-09-27 06:00:00 - Wonogiri Dam,129.22500000000002
2025-09-27 12:00:00 - Wonogiri Dam,129.13
2025-09-27 18:00:00 - Wonogiri Dam,129.105
2025-09-28 06:00:00 - Wonogiri Dam,129.22500000000002
2025-09-28 12:00:00 - Wonogiri Dam,129.13
2025-09-28 18:00:00 - Wonogiri Dam,129.105
2025-09-29 06:00:00 - Wonogiri Dam,129.22500000000002
2025-09-29 12:00:00 - Wonogiri Dam,129.13
2025-09-29 18:00:00 - Wonogiri Dam,129.105
2025-09-30 06:00:00 - Wonogiri Dam,129.22500000000002
2025-09-30 12:00:00 - Wonogiri Dam,129.13
2025-09-30 18:00:00 - Wonogiri Dam,129.105
2025-10-01 06:00:00 - Wonogiri Dam,127.275
2025-10-01 12:00:00 - Wonogiri Dam,127.285
2025-10-01 18:00:00 - Wonogiri Dam,127.295
2025-10-02 06:00:00 - Wonogiri Dam,127.275
2025-10-02 12:00:00 - Wonogiri Dam,127.285
2025-10-02 18:00:00 - Wonogiri Dam,127.295
2025-10-03 06:00:00 - Wonogiri Dam,127.275
2025-10-03 12:00:00 - Wonogiri Dam,127.285
2025-10-03 18:00:00 - Wonogiri Dam,127.295
2025-10-04 06:00:00 - Wonogiri Dam,127.275
2025-10-04 12:00:00 - Wonogiri Dam,127.285
2025-10-04 18:00:00 - Wonogiri Dam,127.295
2025-10-05 06:00:00 - Wonogiri Dam,127.275
2025-10-05 12:00:00 - Wonogiri Dam,127.285
2025-10-05 18:00:00 - Wonogiri Dam,127.295
2025-10-06 06:00:00 - Wonogiri Dam,127.275
2025-10-06 12:00:00 - Wonogiri Dam,127.285
2025-10-06 18:00:00 - Wonogiri Dam,127.295
2025-10-07 06:00:00 - Wonogiri Dam,127.275
2025-10-07 12:00:00 - Wonogiri Dam,127.285
2025-10-07 18:00:00 - Wonogiri Dam,127.295
2025-10-08 06:00:00 - Wonogiri Dam,127.275
2025-10-08 12:00:00 - Wonogiri Dam,127.285
2025-10-08 18:00:00 - Wonogiri Dam,127.295
2025-10-09 06:00:00 - Wonogiri Dam,127.275
2025-10-09 12:00:00 - Wonogiri Dam,127.285
2025-10-09 18:00:00 - Wonogiri Dam,127.295
2025-10-10 06:00:00 - Wonogiri Dam,127.275
2025-10-10 12:00:00 - Wonogiri Dam,127.285
2025-10-10 18:00:00 - Wonogiri Dam,127.295
2025-10-11 06:00:00 - Wonogiri Dam,127.275
2025-10-11 12:00:00 - Wonogiri Dam,127.285
2025-10-11 18:00:00 - Wonogiri Dam,127.295
2025-10-12 06:00:00 - Wonogiri Dam,127.275
2025-10-12 12:00:00 - Wonogiri Dam,127.285
2025-10-12 18:00:00 - Wonogiri Dam,127.295
2025-10-13 06:00:00 - Wonogiri Dam,127.275
2025-10-13 12:00:00 - Wonogiri Dam,127.285
2025-10-13 18:00:00 - Wonogiri Dam,127.295
2025-10-14 06:00:00 - Wonogiri Dam,127.275
2025-10-14 12:00:00 - Wonogiri Dam,127.285
2025-10-14 18:00:00 - Wonogiri Dam,127.295
2025-10-15 06:00:00 - Wonogiri Dam,127.275
2025-10-15 12:00:00 - Wonogiri Dam,127.285
2025-10-15 18:00:00 - Wonogiri Dam,127.295
2025-10-16 06:00:00 - Wonogiri Dam,127.275
2025-10-16 12:00:00 - Wonogiri Dam,127.285
2025-10-16 18:00:00 - Wonogiri Dam,127.295
2025-10-17 06:00:00 - Wonogiri Dam,127.275
2025-10-17 12:00:00 - Wonogiri Dam,127.285
2025-10-17 18:00:00 - Wonogiri Dam,127.295
2025-10-18 06:00:00 - Wonogiri Dam,127.275
2025-10-18 12:00:00 - Wonogiri Dam,127.285
2025-10-18 18:00:00 - Wonogiri Dam,127.295
2025-10-19 06:00:00 - Wonogiri Dam,127.275
2025-10-19 12:00:00 - Wonogiri Dam,127.285
2025-10-19 18:00:00 - Wonogiri Dam,127.295
2025-10-20 06:00:00 - Wonogiri Dam,127.275
2025-10-20 12:00:00 - Wonogiri Dam,127.285
2025-10-20 18:00:00 - Wonogiri Dam,127.295
2025-10-21 06:00:00 - Wonogiri Dam,127.275
2025-10-21 12:00:00 - Wonogiri Dam,127.285
2025-10-21 18:00:00 - Wonogiri Dam,127.295
2025-10-22 06:00:00 - Wonogiri Dam,127.275
2025-10-22 12:00:00 - Wonogiri Dam,127.285
2025-10-22 18:00:00 - Wonogiri Dam,127.295
2025-10-23 06:00:00 - Wonogiri Dam,127.275
2025-10-23 12:00:00 - Wonogiri Dam,127.285
2025-10-23 18:00:00 - Wonogiri Dam,127.295
2025-10-24 06:00:00 - Wonogiri Dam,127.275
2025-10-24 12:00:00 - Wonogiri Dam,127.285
2025-10-24 18:00:00 - Wonogiri Dam,127.295
2025-10-25 06:00:00 - Wonogiri Dam,127.275
2025-10-25 12:00:00 - Wonogiri Dam,127.285
2025-10-25 18:00:00 - Wonogiri Dam,127.295
2025-10-26 06:00:00 - Wonogiri Dam,127.275
2025-10-26 12:00:00 - Wonogiri Dam,127.285
2025-10-26 18:00:00 - Wonogiri Dam,127.295
2025-10-27 06:00:00 - Wonogiri Dam,127.275
2025-10-27 12:00:00 - Wonogiri Dam,127.285
2025-10-27 18:00:00 - Wonogiri Dam,127.295
2025-10-28 06:00:00 - Wonogiri Dam,127.275
2025-10-28 12:00:00 - Wonogiri Dam,127.285
2025-10-28 18:00:00 - Wonogiri Dam,127.295
2025-10-29 06:00:00 - Wonogiri Dam,127.275
2025-10-29 12:00:00 - Wonogiri Dam,127.285
2025-10-29 18:00:00 - Wonogiri Dam,127.295
2025-10-30 06:00:00 - Wonogiri Dam,127.275
2025-10-30 12:00:00 - Wonogiri Dam,127.285
2025-10-30 18:00:00 - Wonogiri Dam,127.295
2025-10-31 06:00:00 - Wonogiri Dam,127.275
2025-10-31 12:00:00 - Wonogiri Dam,127.285
2025-10-31 18:00:00 - Wonogiri Dam,127.295
2025-11-01 06:00:00 - Wonogiri Dam,126.92274294928292
2025-11-01 12:00:00 - Wonogiri Dam,126.67238514998112
2025-11-01 18:00:00 - Wonogiri Dam,126.6033324216385
2025-11-02 06:00:00 - Wonogiri Dam,126.92274294928292
2025-11-02 12:00:00 - Wonogiri Dam,126.67238514998112
2025-11-02 18:00:00 - Wonogiri Dam,126.6033324216385
2025-11-03 06:00:00 - Wonogiri Dam,126.92274294928292
2025-11-03 12:00:00 - Wonogiri Dam,126.67238514998112
2025-11-03 18:00:00 - Wonogiri Dam,126.6033324216385
2025-11-04 06:00:00 - Wonogiri Dam,126.92274294928292
2025-11-04 12:00:00 - Wonogiri Dam,126.67238514998112
2025-11-04 18:00:00 - Wonogiri Dam,126.6033324216385
2025-11-05 06:00:00 - Wonogiri Dam,126.92274294928292
2025-11-05 12:00:00 - Wonogiri Dam,126.67238514998112
2025-11-05 18:00:00 - Wonogiri Dam,126.6033324216385
2025-11-06 06:00:00 - Wonogiri Dam,126.92274294928292
2025-11-06 12:00:00 - Wonogiri Dam,126.67238514998112
2025-11-06 18:00:00 - Wonogiri Dam,126.6033324216385
2025-11-07 06:00:00 - Wonogiri Dam,126.92274294928292
2025-11-07 12:00:00 - Wonogiri Dam,126.67238514998112
2025-11-07 18:00:00 - Wonogiri Dam,126.6033324216385
2025-11-08 06:00:00 - Wonogiri Dam,126.92274294928292
2025-11-08 12:00:00 - Wonogiri Dam,126.67238514998112
2025-11-08 18:00:00 - Wonogiri Dam,126.6033324216385
2025-11-09 06:00:00 - Wonogiri Dam,126.92274294928292
2025-11-09 12:00:00 - Wonogiri Dam,126.67238514998112
2025-11-09 18:00:00 - Wonogiri Dam,126.6033324216385
2025-11-10 06:00:00 - Wonogiri Dam,126.92274294928292
2025-11-10 12:00:00 - Wonogiri Dam,126.67238514998112
2025-11-10 18:00:00 - Wonogiri Dam,126.6033324216385
2025-11-11 06:00:00 - Wonogiri Dam,126.92274294928292
2025-11-11 12:00:00 - Wonogiri Dam,126.67238514998112
2025-11-11 18:00:00 - Wonogiri Dam,126.6033324216385
2025-11-12 06:00:00 - Wonogiri Dam,126.92274294928292
2025-11-12 12:00:00 - Wonogiri Dam,126.67238514998112
2025-11-12 18:00:00 - Wonogiri Dam,126.6033324216385
2025-11-13 06:00:00 - Wonogiri Dam,126.92274294928292
2025-11-13 12:00:00 - Wonogiri Dam,126.67238514998112
2025-11-13 18:00:00 - Wonogiri Dam,126.6033324216385
2025-11-14 06:00:00 - Wonogiri Dam,126.92274294928292
2025-11-14 12:00:00 - Wonogiri Dam,126.67238514998112
2025-11-14 18:00:00 - Wonogiri Dam,126.6033324216385
2025-11-15 06:00:00 - Wonogiri Dam,126.92274294928292
2025-11-15 12:00:00 - Wonogiri Dam,126.67238514998112
2025-11-15 18:00:00 - Wonogiri Dam,126.6033324216385
2025-11-16 06:00:00 - Wonogiri Dam,126.92274294928292
2025-11-16 12:00:00 - Wonogiri Dam,126.67238514998112
2025-11-16 18:00:00 - Wonogiri Dam,126.6033324216385
2025-11-17 06:00:00 - Wonogiri Dam,126.92274294928292
2025-11-17 12:00:00 - Wonogiri Dam,126.67238514998112
2025-11-17 18:00:00 - Wonogiri Dam,126.6033324216385
2025-11-18 06:00:00 - Wonogiri Dam,126.92274294928292
2025-11-18 12:00:00 - Wonogiri Dam,126.67238514998112
2025-11-18 18:00:00 - Wonogiri Dam,126.6033324216385
2025-11-19 06:00:00 - Wonogiri Dam,126.92274294928292
2025-11-19 12:00:00 - Wonogiri Dam,126.67238514998112
2025-11-19 18:00:00 - Wonogiri Dam,126.6033324216385
2025-11-20 06:00:00 - Wonogiri Dam,126.92274294928292
2025-11-20 12:00:00 - Wonogiri Dam,126.67238514998112
2025-11-20 18:00:00 - Wonogiri Dam,126.6033324216385
2025-11-21 06:00:00 - Wonogiri Dam,126.92274294928292
2025-11-21 12:00:00 - Wonogiri Dam,126.67238514998112
2025-11-21 18:00:00 - Wonogiri Dam,126.6033324216385
2025-11-22 06:00:00 - Wonogiri Dam,126.92274294928292
2025-11-22 12:00:00 - Wonogiri Dam,126.67238514998112
2025-11-22 18:00:00 - Wonogiri Dam,126.6033324216385
2025-11-23 06:00:00 - Wonogiri Dam,126.92274294928292
2025-11-23 12:00:00 - Wonogiri Dam,126.67238514998112
2025-11-23 18:00:00 - Wonogiri Dam,126.6033324216385
2025-11-24 06:00:00 - Wonogiri Dam,126.92274294928292
2025-11-24 12:00:00 - Wonogiri Dam,126.67238514998112
2025-11-24 18:00:00 - Wonogiri Dam,126.6033324216385
2025-11-25 06:00:00 - Wonogiri Dam,126.92274294928292
2025-11-25 12:00:00 - Wonogiri Dam,126.67238514998112
2025-11-25 18:00:00 - Wonogiri Dam,126.6033324216385
2025-11-26 06:00:00 - Wonogiri Dam,126.92274294928292
2025-11-26 12:00:00 - Wonogiri Dam,126.67238514998112
2025-11-26 18:00:00 - Wonogiri Dam,126.6033324216385
2025-11-27 06:00:00 - Wonogiri Dam,126.92274294928292
2025-11-27 12:00:00 - Wonogiri Dam,126.67238514998112
2025-11-27 18:00:00 - Wonogiri Dam,126.6033324216385
2025-11-28 06:00:00 - Wonogiri Dam,126.92274294928292
2025-11-28 12:00:00 - Wonogiri Dam,126.67238514998112
2025-11-28 18:00:00 - Wonogiri Dam,126.6033324216385
2025-11-29 06:00:00 - Wonogiri Dam,126.92274294928292
2025-11-29 12:00:00 - Wonogiri Dam,126.67238514998112
2025-11-29 18:00:00 - Wonogiri Dam,126.6033324216385
2025-11-30 06:00:00 - Wonogiri Dam,126.92274294928292
2025-11-30 12:00:00 - Wonogiri Dam,126.67238514998112
2025-11-30 18:00:00 - Wonogiri Dam,126.6033324216385
2025-12-01 06:00:00 - Wonogiri Dam,128.6223753073641
2025-12-01 12:00:00 - Wonogiri Dam,128.87244135875642
2025-12-01 18:00:00 - Wonogiri Dam,128.82757062686935
2025-12-02 06:00:00 - Wonogiri Dam,128.6223753073641
2025-12-02 12:00:00 - Wonogiri Dam,128.87244135875642
2025-12-02 18:00:00 - Wonogiri Dam,128.82757062686935
2025-12-03 06:00:00 - Wonogiri Dam,128.6223753073641
2025-12-03 12:00:00 - Wonogiri Dam,128.87244135875642
2025-12-03 18:00:00 - Wonogiri Dam,128.82757062686935
2025-12-04 06:00:00 - Wonogiri Dam,128.6223753073641
2025-12-04 12:00:00 - Wonogiri Dam,128.87244135875642
2025-12-04 18:00:00 - Wonogiri Dam,128.82757062686935
2025-12-05 06:00:00 - Wonogiri Dam,128.6223753073641
2025-12-05 12:00:00 - Wonogiri Dam,128.87244135875642
2025-12-05 18:00:00 - Wonogiri Dam,128.82757062686935
2025-12-06 06:00:00 - Wonogiri Dam,128.6223753073641
2025-12-06 12:00:00 - Wonogiri Dam,128.87244135875642
2025-12-06 18:00:00 - Wonogiri Dam,128.82757062686935
2025-12-07 06:00:00 - Wonogiri Dam,128.6223753073641
2025-12-07 12:00:00 - Wonogiri Dam,128.87244135875642
2025-12-07 18:00:00 - Wonogiri Dam,128.82757062686935
2025-12-08 06:00:00 - Wonogiri Dam,128.6223753073641
2025-12-08 12:00:00 - Wonogiri Dam,128.87244135875642
2025-12-08 18:00:00 - Wonogiri Dam,128.82757062686935
2025-12-09 06:00:00 - Wonogiri Dam,128.6223753073641
2025-12-09 12:00:00 - Wonogiri Dam,128.87244135875642
2025-12-09 18:00:00 - Wonogiri Dam,128.82757062686935
2025-12-10 06:00:00 - Wonogiri Dam,128.6223753073641
2025-12-10 12:00:00 - Wonogiri Dam,128.87244135875642
2025-12-10 18:00:00 - Wonogiri Dam,128.82757062686935
2025-12-11 06:00:00 - Wonogiri Dam,128.6223753073641
2025-12-11 12:00:00 - Wonogiri Dam,128.87244135875642
2025-12-11 18:00:00 - Wonogiri Dam,128.82757062686935
2025-12-12 06:00:00 - Wonogiri Dam,128.6223753073641
2025-12-12 12:00:00 - Wonogiri Dam,128.87244135875642
2025-12-12 18:00:00 - Wonogiri Dam,128.82757062686935
2025-12-13 06:00:00 - Wonogiri Dam,128.6223753073641
2025-12-13 12:00:00 - Wonogiri Dam,128.87244135875642
2025-12-13 18:00:00 - Wonogiri Dam,128.82757062686935
2025-12-14 06:00:00 - Wonogiri Dam,128.6223753073641
2025-12-14 12:00:00 - Wonogiri Dam,128.87244135875642
2025-12-14 18:00:00 - Wonogiri Dam,128.82757062686935
2025-12-15 06:00:00 - Wonogiri Dam,128.6223753073641
2025-12-15 12:00:00 - Wonogiri Dam,128.87244135875642
2025-12-15 18:00:00 - Wonogiri Dam,128.82757062686935
2025-12-16 06:00:00 - Wonogiri Dam,128.6223753073641
2025-12-16 12:00:00 - Wonogiri Dam,128.87244135875642
2025-12-16 18:00:00 - Wonogiri Dam,128.82757062686935
2025-12-17 06:00:00 - Wonogiri Dam,128.6223753073641
2025-12-17 12:00:00 - Wonogiri Dam,128.87244135875642
2025-12-17 18:00:00 - Wonogiri Dam,128.82757062686935
2025-12-18 06:00:00 - Wonogiri Dam,128.6223753073641
2025-12-18 12:00:00 - Wonogiri Dam,128.87244135875642
2025-12-18 18:00:00 - Wonogiri Dam,128.82757062686935
2025-12-19 06:00:00 - Wonogiri Dam,128.6223753073641
2025-12-19 12:00:00 - Wonogiri Dam,128.87244135875642
2025-12-19 18:00:00 - Wonogiri Dam,128.82757062686935
2025-12-20 06:00:00 - Wonogiri Dam,128.6223753073641
2025-12-20 12:00:00 - Wonogiri Dam,128.87244135875642
2025-12-20 18:00:00 - Wonogiri Dam,128.82757062686935
2025-12-21 06:00:00 - Wonogiri Dam,128.6223753073641
2025-12-21 12:00:00 - Wonogiri Dam,128.87244135875642
2025-12-21 18:00:00 - Wonogiri Dam,128.82757062686935
2025-12-22 06:00:00 - Wonogiri Dam,128.6223753073641
2025-12-22 12:00:00 - Wonogiri Dam,128.87244135875642
2025-12-22 18:00:00 - Wonogiri Dam,128.82757062686935
2025-12-23 06:00:00 - Wonogiri Dam,128.6223753073641
2025-12-23 12:00:00 - Wonogiri Dam,128.87244135875642
2025-12-23 18:00:00 - Wonogiri Dam,128.82757062686935
2025-12-24 06:00:00 - Wonogiri Dam,128.6223753073641
2025-12-24 12:00:00 - Wonogiri Dam,128.87244135875642
2025-12-24 18:00:00 - Wonogiri Dam,128.82757062686935
2025-12-25 06:00:00 - Wonogiri Dam,128.6223753073641
2025-12-25 12:00:00 - Wonogiri Dam,128.87244135875642
2025-12-25 18:00:00 - Wonogiri Dam,128.82757062686935
2025-12-26 06:00:00 - Wonogiri Dam,128.6223753073641
2025-12-26 12:00:00 - Wonogiri Dam,128.87244135875642
2025-12-26 18:00:00 - Wonogiri Dam,128.82757062686935
2025-12-27 06:00:00 - Wonogiri Dam,128.6223753073641
2025-12-27 12:00:00 - Wonogiri Dam,128.87244135875642
2025-12-27 18:00:00 - Wonogiri Dam,128.82757062686935
2025-12-28 06:00:00 - Wonogiri Dam,128.6223753073641
2025-12-28 12:00:00 - Wonogiri Dam,128.87244135875642
2025-12-28 18:00:00 - Wonogiri Dam,128.82757062686935
2025-12-29 06:00:00 - Wonogiri Dam,128.6223753073641
2025-12-29 12:00:00 - Wonogiri Dam,128.87244135875642
2025-12-29 18:00:00 - Wonogiri Dam,128.82757062686935
2025-12-30 06:00:00 - Wonogiri Dam,128.6223753073641
2025-12-30 12:00:00 - Wonogiri Dam,128.87244135875642
2025-12-30 18:00:00 - Wonogiri Dam,128.82757062686935
2025-12-31 06:00:00 - Wonogiri Dam,128.6223753073641
2025-12-31 12:00:00 - Wonogiri Dam,128.87244135875642
2025-12-31 18:00:00 - Wonogiri Dam,128.82757062686935
2026-01-01 06:00:00 - Wonogiri Dam,131.38
2026-01-01 12:00:00 - Wonogiri Dam,131.4
2026-01-01 18:00:00 - Wonogiri Dam,131.41916714781962
2026-01-02 06:00:00 - Wonogiri Dam,131.38
2026-01-02 12:00:00 - Wonogiri Dam,131.4
2026-01-02 18:00:00 - Wonogiri Dam,131.41916714781962
2026-01-03 06:00:00 - Wonogiri Dam,131.38
2026-01-03 12:00:00 - Wonogiri Dam,131.4
2026-01-03 18:00:00 - Wonogiri Dam,131.41916714781962
2026-01-04 06:00:00 - Wonogiri Dam,131.38
2026-01-04 12:00:00 - Wonogiri Dam,131.4
2026-01-04 18:00:00 - Wonogiri Dam,131.41916714781962
2026-01-05 06:00:00 - Wonogiri Dam,131.38
2026-01-05 12:00:00 - Wonogiri Dam,131.4
2026-01-05 18:00:00 - Wonogiri Dam,131.41916714781962
2026-01-06 06:00:00 - Wonogiri Dam,131.38
2026-01-06 12:00:00 - Wonogiri Dam,131.4
2026-01-06 18:00:00 - Wonogiri Dam,131.41916714781962
2026-01-07 06:00:00 - Wonogiri Dam,131.38
2026-01-07 12:00:00 - Wonogiri Dam,131.4
2026-01-07 18:00:00 - Wonogiri Dam,131.41916714781962
2026-01-08 06:00:00 - Wonogiri Dam,131.38
2026-01-08 12:00:00 - Wonogiri Dam,131.4
2026-01-08 18:00:00 - Wonogiri Dam,131.41916714781962
2026-01-09 06:00:00 - Wonogiri Dam,131.38
2026-01-09 12:00:00 - Wonogiri Dam,131.4
2026-01-09 18:00:00 - Wonogiri Dam,131.41916714781962
2026-01-10 06:00:00 - Wonogiri Dam,131.38
2026-01-10 12:00:00 - Wonogiri Dam,131.4
2026-01-10 18:00:00 - Wonogiri Dam,131.41916714781962
2026-01-11 06:00:00 - Wonogiri Dam,131.38
2026-01-11 12:00:00 - Wonogiri Dam,131.4
2026-01-11 18:00:00 - Wonogiri Dam,131.41916714781962
2026-01-12 06:00:00 - Wonogiri Dam,131.38
2026-01-12 12:00:00 - Wonogiri Dam,131.4
2026-01-12 18:00:00 - Wonogiri Dam,131.41916714781962
2026-01-13 06:00:00 - Wonogiri Dam,131.38
2026-01-13 12:00:00 - Wonogiri Dam,131.4
2026-01-13 18:00:00 - Wonogiri Dam,131.41916714781962
2026-01-14 06:00:00 - Wonogiri Dam,131.38
2026-01-14 12:00:00 - Wonogiri Dam,131.4
2026-01-14 18:00:00 - Wonogiri Dam,131.41916714781962
2026-01-15 06:00:00 - Wonogiri Dam,131.38
2026-01-15 12:00:00 - Wonogiri Dam,131.4
2026-01-15 18:00:00 - Wonogiri Dam,131.41916714781962
2026-01-16 06:00:00 - Wonogiri Dam,131.38
2026-01-16 12:00:00 - Wonogiri Dam,131.4
2026-01-16 18:00:00 - Wonogiri Dam,131.41916714781962
2026-01-17 06:00:00 - Wonogiri Dam,131.38
2026-01-17 12:00:00 - Wonogiri Dam,131.4
2026-01-17 18:00:00 - Wonogiri Dam,131.41916714781962
2026-01-18 06:00:00 - Wonogiri Dam,131.38
2026-01-18 12:00:00 - Wonogiri Dam,131.4
2026-01-18 18:00:00 - Wonogiri Dam,131.41916714781962
2026-01-19 06:00:00 - Wonogiri Dam,131.38
2026-01-19 12:00:00 - Wonogiri Dam,131.4
2026-01-19 18:00:00 - Wonogiri Dam,131.41916714781962
2026-01-20 06:00:00 - Wonogiri Dam,131.38
2026-01-20 12:00:00 - Wonogiri Dam,131.4
2026-01-20 18:00:00 - Wonogiri Dam,131.41916714781962
2026-01-21 06:00:00 - Wonogiri Dam,131.38
2026-01-21 12:00:00 - Wonogiri Dam,131.4
2026-01-21 18:00:00 - Wonogiri Dam,131.41916714781962
2026-01-22 06:00:00 - Wonogiri Dam,131.38
2026-01-22 12:00:00 - Wonogiri Dam,131.4
2026-01-22 18:00:00 - Wonogiri Dam,131.41916714781962
2026-01-23 06:00:00 - Wonogiri Dam,131.38
2026-01-23 12:00:00 - Wonogiri Dam,131.4
2026-01-23 18:00:00 - Wonogiri Dam,131.41916714781962
2026-01-24 06:00:00 - Wonogiri Dam,131.38
2026-01-24 12:00:00 - Wonogiri Dam,131.4
2026-01-24 18:00:00 - Wonogiri Dam,131.41916714781962
2026-01-25 06:00:00 - Wonogiri Dam,131.38
2026-01-25 12:00:00 - Wonogiri Dam,131.4
2026-01-25 18:00:00 - Wonogiri Dam,131.41916714781962
2026-01-26 06:00:00 - Wonogiri Dam,131.38
2026-01-26 12:00:00 - Wonogiri Dam,131.4
2026-01-26 18:00:00 - Wonogiri Dam,131.41916714781962
2026-01-27 06:00:00 - Wonogiri Dam,131.38
2026-01-27 12:00:00 - Wonogiri Dam,131.4
2026-01-27 18:00:00 - Wonogiri Dam,131.41916714781962
2026-01-28 06:00:00 - Wonogiri Dam,131.38
2026-01-28 12:00:00 - Wonogiri Dam,131.4
2026-01-28 18:00:00 - Wonogiri Dam,131.41916714781962
2026-01-29 06:00:00 - Wonogiri Dam,131.38
2026-01-29 12:00:00 - Wonogiri Dam,131.4
2026-01-29 18:00:00 - Wonogiri Dam,131.41916714781962
2026-01-30 06:00:00 - Wonogiri Dam,131.38
2026-01-30 12:00:00 - Wonogiri Dam,131.4
2026-01-30 18:00:00 - Wonogiri Dam,131.41916714781962
2026-01-31 06:00:00 - Wonogiri Dam,131.38
2026-01-31 12:00:00 - Wonogiri Dam,131.4
2026-01-31 18:00:00 - Wonogiri Dam,131.41916714781962
2026-02-01 06:00:00 - Wonogiri Dam,132.58856959420865
2026-02-01 12:00:00 - Wonogiri Dam,132.57107171847653
2026-02-01 18:00:00 - Wonogiri Dam,132.665
2026-02-02 06:00:00 - Wonogiri Dam,132.58856959420865
2026-02-02 12:00:00 - Wonogiri Dam,132.57107171847653
2026-02-02 18:00:00 - Wonogiri Dam,132.665
2026-02-03 06:00:00 - Wonogiri Dam,132.58856959420865
2026-02-03 12:00:00 - Wonogiri Dam,132.57107171847653
2026-02-03 18:00:00 - Wonogiri Dam,132.665
2026-02-04 06:00:00 - Wonogiri Dam,132.58856959420865
2026-02-04 12:00:00 - Wonogiri Dam,132.57107171847653
2026-02-04 18:00:00 - Wonogiri Dam,132.665
2026-02-05 06:00:00 - Wonogiri Dam,132.58856959420865
2026-02-05 12:00:00 - Wonogiri Dam,132.57107171847653
2026-02-05 18:00:00 - Wonogiri Dam,132.665
2026-02-06 06:00:00 - Wonogiri Dam,132.58856959420865
2026-02-06 12:00:00 - Wonogiri Dam,132.57107171847653
2026-02-06 18:00:00 - Wonogiri Dam,132.665
2026-02-07 06:00:00 - Wonogiri Dam,132.58856959420865
2026-02-07 12:00:00 - Wonogiri Dam,132.57107171847653
2026-02-07 18:00:00 - Wonogiri Dam,132.665
2026-02-08 06:00:00 - Wonogiri Dam,132.58856959420865
2026-02-08 12:00:00 - Wonogiri Dam,132.57107171847653
2026-02-08 18:00:00 - Wonogiri Dam,132.665
2026-02-09 06:00:00 - Wonogiri Dam,132.58856959420865
2026-02-09 12:00:00 - Wonogiri Dam,132.57107171847653
2026-02-09 18:00:00 - Wonogiri Dam,132.665
2026-02-10 06:00:00 - Wonogiri Dam,132.58856959420865
2026-02-10 12:00:00 - Wonogiri Dam,132.57107171847653
2026-02-10 18:00:00 - Wonogiri Dam,132.665
2026-02-11 06:00:00 - Wonogiri Dam,132.58856959420865
2026-02-11 12:00:00 - Wonogiri Dam,132.57107171847653
2026-02-11 18:00:00 - Wonogiri Dam,132.665
2026-02-12 06:00:00 - Wonogiri Dam,132.58856959420865
2026-02-12 12:00:00 - Wonogiri Dam,132.57107171847653
2026-02-12 18:00:00 - Wonogiri Dam,132.665
2026-02-13 06:00:00 - Wonogiri Dam,132.58856959420865
2026-02-13 12:00:00 - Wonogiri Dam,132.57107171847653
2026-02-13 18:00:00 - Wonogiri Dam,132.665
2026-02-14 06:00:00 - Wonogiri Dam,132.58856959420865
2026-02-14 12:00:00 - Wonogiri Dam,132.57107171847653
2026-02-14 18:00:00 - Wonogiri Dam,132.665
2026-02-15 06:00:00 - Wonogiri Dam,132.58856959420865
2026-02-15 12:00:00 - Wonogiri Dam,132.57107171847653
2026-02-15 18:00:00 - Wonogiri Dam,132.665
2026-02-16 06:00:00 - Wonogiri Dam,132.58856959420865
2026-02-16 12:00:00 - Wonogiri Dam,132.57107171847653
2026-02-16 18:00:00 - Wonogiri Dam,132.665
2026-02-17 06:00:00 - Wonogiri Dam,132.58856959420865
2026-02-17 12:00:00 - Wonogiri Dam,132.57107171847653
2026-02-17 18:00:00 - Wonogiri Dam,132.665
2026-02-18 06:00:00 - Wonogiri Dam,132.58856959420865
2026-02-18 12:00:00 - Wonogiri Dam,132.57107171847653
2026-02-18 18:00:00 - Wonogiri Dam,132.665
2026-02-19 06:00:00 - Wonogiri Dam,132.58856959420865
2026-02-19 12:00:00 - Wonogiri Dam,132.57107171847653
2026-02-19 18:00:00 - Wonogiri Dam,132.665
2026-02-20 06:00:00 - Wonogiri Dam,132.58856959420865
2026-02-20 12:00:00 - Wonogiri Dam,132.57107171847653
2026-02-20 18:00:00 - Wonogiri Dam,132.665
2026-02-21 06:00:00 - Wonogiri Dam,132.58856959420865
2026-02-21 12:00:00 - Wonogiri Dam,132.57107171847653
2026-02-21 18:00:00 - Wonogiri Dam,132.665
2026-02-22 06:00:00 - Wonogiri Dam,132.58856959420865
2026-02-22 12:00:00 - Wonogiri Dam,132.57107171847653
2026-02-22 18:00:00 - Wonogiri Dam,132.665
2026-02-23 06:00:00 - Wonogiri Dam,132.58856959420865
2026-02-23 12:00:00 - Wonogiri Dam,132.57107171847653
2026-02-23 18:00:00 - Wonogiri Dam,132.665
2026-02-24 06:00:00 - Wonogiri Dam,132.58856959420865
2026-02-24 12:00:00 - Wonogiri Dam,132.57107171847653
2026-02-24 18:00:00 - Wonogiri Dam,132.665
2026-02-25 06:00:00 - Wonogiri Dam,132.58856959420865
2026-02-25 12:00:00 - Wonogiri Dam,132.57107171847653
2026-02-25 18:00:00 - Wonogiri Dam,132.665
2026-02-26 06:00:00 - Wonogiri Dam,132.58856959420865
2026-02-26 12:00:00 - Wonogiri Dam,132.57107171847653
2026-02-26 18:00:00 - Wonogiri Dam,132.665
2026-02-27 06:00:00 - Wonogiri Dam,132.58856959420865
2026-02-27 12:00:00 - Wonogiri Dam,132.57107171847653
2026-02-27 18:00:00 - Wonogiri Dam,132.665
2026-02-28 06:00:00 - Wonogiri Dam,132.58856959420865
2026-02-28 12:00:00 - Wonogiri Dam,132.57107171847653
2026-02-28 18:00:00 - Wonogiri Dam,132.665
2026-03-01 06:00:00 - Wonogiri Dam,135.74
2026-03-01 12:00:00 - Wonogiri Dam,135.83
2026-03-01 18:00:00 - Wonogiri Dam,135.75
2026-03-02 06:00:00 - Wonogiri Dam,135.74
2026-03-02 12:00:00 - Wonogiri Dam,135.83
2026-03-02 18:00:00 - Wonogiri Dam,135.75
2026-03-03 06:00:00 - Wonogiri Dam,135.74
2026-03-03 12:00:00 - Wonogiri Dam,135.83
2026-03-03 18:00:00 - Wonogiri Dam,135.75
2026-03-04 06:00:00 - Wonogiri Dam,135.74
2026-03-04 12:00:00 - Wonogiri Dam,135.83
2026-03-04 18:00:00 - Wonogiri Dam,135.75
2026-03-05 06:00:00 - Wonogiri Dam,135.74
2026-03-05 12:00:00 - Wonogiri Dam,135.83
2026-03-05 18:00:00 - Wonogiri Dam,135.75
2026-03-06 06:00:00 - Wonogiri Dam,135.74
2026-03-06 12:00:00 - Wonogiri Dam,135.83
2026-03-06 18:00:00 - Wonogiri Dam,135.75
2026-03-07 06:00:00 - Wonogiri Dam,135.74
2026-03-07 12:00:00 - Wonogiri Dam,135.83
2026-03-07 18:00:00 - Wonogiri Dam,135.75
2026-03-08 06:00:00 - Wonogiri Dam,135.74
2026-03-08 12:00:00 - Wonogiri Dam,135.83
2026-03-08 18:00:00 - Wonogiri Dam,135.75
2026-03-09 06:00:00 - Wonogiri Dam,135.74
2026-03-09 12:00:00 - Wonogiri Dam,135.83
2026-03-09 18:00:00 - Wonogiri Dam,135.75
2026-03-10 06:00:00 - Wonogiri Dam,135.74
2026-03-10 12:00:00 - Wonogiri Dam,135.83
2026-03-10 18:00:00 - Wonogiri Dam,135.75
2026-03-11 06:00:00 - Wonogiri Dam,135.74
2026-03-11 12:00:00 - Wonogiri Dam,135.83
2026-03-11 18:00:00 - Wonogiri Dam,135.75
2026-03-12 06:00:00 - Wonogiri Dam,135.74
2026-03-12 12:00:00 - Wonogiri Dam,135.83
2026-03-12 18:00:00 - Wonogiri Dam,135.75
2026-03-13 06:00:00 - Wonogiri Dam,135.74
2026-03-13 12:00:00 - Wonogiri Dam,135.83
2026-03-13 18:00:00 - Wonogiri Dam,135.75
2026-03-14 06:00:00 - Wonogiri Dam,135.74
2026-03-14 12:00:00 - Wonogiri Dam,135.83
2026-03-14 18:00:00 - Wonogiri Dam,135.75
2026-03-15 06:00:00 - Wonogiri Dam,135.74
2026-03-15 12:00:00 - Wonogiri Dam,135.83
2026-03-15 18:00:00 - Wonogiri Dam,135.75
2026-03-16 06:00:00 - Wonogiri Dam,135.74
2026-03-16 12:00:00 - Wonogiri Dam,135.83
2026-03-16 18:00:00 - Wonogiri Dam,135.75
2026-03-17 06:00:00 - Wonogiri Dam,135.74
2026-03-17 12:00:00 - Wonogiri Dam,135.83
2026-03-17 18:00:00 - Wonogiri Dam,135.75
2026-03-18 06:00:00 - Wonogiri Dam,135.74
2026-03-18 12:00:00 - Wonogiri Dam,135.83
2026-03-18 18:00:00 - Wonogiri Dam,135.75
2026-03-19 06:00:00 - Wonogiri Dam,135.74
2026-03-19 12:00:00 - Wonogiri Dam,135.83
2026-03-19 18:00:00 - Wonogiri Dam,135.75
2026-03-20 06:00:00 - Wonogiri Dam,135.74
2026-03-20 12:00:00 - Wonogiri Dam,135.83
2026-03-20 18:00:00 - Wonogiri Dam,135.75
2026-03-21 06:00:00 - Wonogiri Dam,135.74
2026-03-21 12:00:00 - Wonogiri Dam,135.83
2026-03-21 18:00:00 - Wonogiri Dam,135.75
2026-03-22 06:00:00 - Wonogiri Dam,135.74
2026-03-22 12:00:00 - Wonogiri Dam,135.83
2026-03-22 18:00:00 - Wonogiri Dam,135.75
2026-03-23 06:00:00 - Wonogiri Dam,135.74
2026-03-23 12:00:00 - Wonogiri Dam,135.83
2026-03-23 18:00:00 - Wonogiri Dam,135.75
2026-03-24 06:00:00 - Wonogiri Dam,135.74
2026-03-24 12:00:00 - Wonogiri Dam,135.83
2026-03-24 18:00:00 - Wonogiri Dam,135.75
2026-03-25 06:00:00 - Wonogiri Dam,135.74
2026-03-25 12:00:00 - Wonogiri Dam,135.83
2026-03-25 18:00:00 - Wonogiri Dam,135.75
2026-03-26 06:00:00 - Wonogiri Dam,135.74
2026-03-26 12:00:00 - Wonogiri Dam,135.83
2026-03-26 18:00:00 - Wonogiri Dam,135.75
2026-03-27 06:00:00 - Wonogiri Dam,135.74
2026-03-27 12:00:00 - Wonogiri Dam,135.83
2026-03-27 18:00:00 - Wonogiri Dam,135.75
2026-03-28 06:00:00 - Wonogiri Dam,135.74
2026-03-28 12:00:00 - Wonogiri Dam,135.83
2026-03-28 18:00:00 - Wonogiri Dam,135.75
2026-03-29 06:00:00 - Wonogiri Dam,135.74
2026-03-29 12:00:00 - Wonogiri Dam,135.83
2026-03-29 18:00:00 - Wonogiri Dam,135.75
2026-03-30 06:00:00 - Wonogiri Dam,135.74
2026-03-30 12:00:00 - Wonogiri Dam,135.83
2026-03-30 18:00:00 - Wonogiri Dam,135.75
2026-03-31 06:00:00 - Wonogiri Dam,135.74
2026-03-31 12:00:00 - Wonogiri Dam,135.83
2026-03-31 18:00:00 - Wonogiri Dam,135.75
2026-04-01 06:00:00 - Wonogiri Dam,136.07579672631047
2026-04-01 12:00:00 - Wonogiri Dam,136.05
2026-04-01 18:00:00 - Wonogiri Dam,136.07999999999998
2026-04-02 06:00:00 - Wonogiri Dam,136.07579672631047
2026-04-02 12:00:00 - Wonogiri Dam,136.05
2026-04-02 18:00:00 - Wonogiri Dam,136.07999999999998
2026-04-03 06:00:00 - Wonogiri Dam,136.07579672631047
2026-04-03 12:00:00 - Wonogiri Dam,136.05
2026-04-03 18:00:00 - Wonogiri Dam,136.07999999999998
2026-04-04 06:00:00 - Wonogiri Dam,136.07579672631047
2026-04-04 12:00:00 - Wonogiri Dam,136.05
2026-04-04 18:00:00 - Wonogiri Dam,136.07999999999998
2026-04-05 06:00:00 - Wonogiri Dam,136.07579672631047
2026-04-05 12:00:00 - Wonogiri Dam,136.05
2026-04-05 18:00:00 - Wonogiri Dam,136.07999999999998
2026-04-06 06:00:00 - Wonogiri Dam,136.07579672631047
2026-04-06 12:00:00 - Wonogiri Dam,136.05
2026-04-06 18:00:00 - Wonogiri Dam,136.07999999999998
2026-04-07 06:00:00 - Wonogiri Dam,136.07579672631047
2026-04-07 12:00:00 - Wonogiri Dam,136.05
2026-04-07 18:00:00 - Wonogiri Dam,136.07999999999998
2026-04-08 06:00:00 - Wonogiri Dam,136.07579672631047
2026-04-08 12:00:00 - Wonogiri Dam,136.05
2026-04-08 18:00:00 - Wonogiri Dam,136.07999999999998
2026-04-09 06:00:00 - Wonogiri Dam,136.07579672631047
2026-04-09 12:00:00 - Wonogiri Dam,136.05
2026-04-09 18:00:00 - Wonogiri Dam,136.07999999999998
2026-04-10 06:00:00 - Wonogiri Dam,136.07579672631047
2026-04-10 12:00:00 - Wonogiri Dam,136.05
2026-04-10 18:00:00 - Wonogiri Dam,136.07999999999998
2026-04-11 06:00:00 - Wonogiri Dam,136.07579672631047
2026-04-11 12:00:00 - Wonogiri Dam,136.05
2026-04-11 18:00:00 - Wonogiri Dam,136.07999999999998
2026-04-12 06:00:00 - Wonogiri Dam,136.07579672631047
2026-04-12 12:00:00 - Wonogiri Dam,136.05
2026-04-12 18:00:00 - Wonogiri Dam,136.07999999999998
2026-04-13 06:00:00 - Wonogiri Dam,136.07579672631047
2026-04-13 12:00:00 - Wonogiri Dam,136.05
2026-04-13 18:00:00 - Wonogiri Dam,136.07999999999998
2026-04-14 06:00:00 - Wonogiri Dam,136.07579672631047
2026-04-14 12:00:00 - Wonogiri Dam,136.05
2026-04-14 18:00:00 - Wonogiri Dam,136.07999999999998
2026-04-15 06:00:00 - Wonogiri Dam,136.07579672631047
2026-04-15 12:00:00 - Wonogiri Dam,136.05
2026-04-15 18:00:00 - Wonogiri Dam,136.07999999999998
2026-04-16 06:00:00 - Wonogiri Dam,136.07579672631047
2026-04-16 12:00:00 - Wonogiri Dam,136.05
2026-04-16 18:00:00 - Wonogiri Dam,136.07999999999998
2026-04-17 06:00:00 - Wonogiri Dam,136.07579672631047
2026-04-17 12:00:00 - Wonogiri Dam,136.05
2026-04-17 18:00:00 - Wonogiri Dam,136.07999999999998
2026-04-18 06:00:00 - Wonogiri Dam,136.07579672631047
2026-04-18 12:00:00 - Wonogiri Dam,136.05
2026-04-18 18:00:00 - Wonogiri Dam,136.07999999999998
2026-04-19 06:00:00 - Wonogiri Dam,136.07579672631047
2026-04-19 12:00:00 - Wonogiri Dam,136.05
2026-04-19 18:00:00 - Wonogiri Dam,136.07999999999998
2026-04-20 06:00:00 - Wonogiri Dam,136.07579672631047
2026-04-20 12:00:00 - Wonogiri Dam,136.05
2026-04-20 18:00:00 - Wonogiri Dam,136.07999999999998
2026-04-21 06:00:00 - Wonogiri Dam,136.07579672631047
2026-04-21 12:00:00 - Wonogiri Dam,136.05
2026-04-21 18:00:00 - Wonogiri Dam,136.07999999999998
2026-04-22 06:00:00 - Wonogiri Dam,136.07579672631047
2026-04-22 12:00:00 - Wonogiri Dam,136.05
2026-04-22 18:00:00 - Wonogiri Dam,136.07999999999998
2026-04-23 06:00:00 - Wonogiri Dam,136.07579672631047
2026-04-23 12:00:00 - Wonogiri Dam,136.05
2026-04-23 18:00:00 - Wonogiri Dam,136.07999999999998
2026-04-24 06:00:00 - Wonogiri Dam,136.07579672631047
2026-04-24 12:00:00 - Wonogiri Dam,136.05
2026-04-24 18:00:00 - Wonogiri Dam,136.07999999999998
2026-04-25 06:00:00 - Wonogiri Dam,136.07579672631047
2026-04-25 12:00:00 - Wonogiri Dam,136.05
2026-04-25 18:00:00 - Wonogiri Dam,136.07999999999998
2026-04-26 06:00:00 - Wonogiri Dam,136.07579672631047
2026-04-26 12:00:00 - Wonogiri Dam,136.05
2026-04-26 18:00:00 - Wonogiri Dam,136.07999999999998
2026-04-27 06:00:00 - Wonogiri Dam,136.07579672631047
2026-04-27 12:00:00 - Wonogiri Dam,136.05
2026-04-27 18:00:00 - Wonogiri Dam,136.07999999999998
2026-04-28 06:00:00 - Wonogiri Dam,136.07579672631047
2026-04-28 12:00:00 - Wonogiri Dam,136.05
2026-04-28 18:00:00 - Wonogiri Dam,136.07999999999998
2026-04-29 06:00:00 - Wonogiri Dam,136.07579672631047
2026-04-29 12:00:00 - Wonogiri Dam,136.05
2026-04-29 18:00:00 - Wonogiri Dam,136.07999999999998
2026-04-30 06:00:00 - Wonogiri Dam,136.07579672631047
2026-04-30 12:00:00 - Wonogiri Dam,136.05
2026-04-30 18:00:00 - Wonogiri Dam,136.07999999999998
2026-05-01 06:00:00 - Wonogiri Dam,135.91
2026-05-01 12:00:00 - Wonogiri Dam,135.99
2026-05-01 18:00:00 - Wonogiri Dam,135.90717854291523
2026-05-02 06:00:00 - Wonogiri Dam,135.91
2026-05-02 12:00:00 - Wonogiri Dam,135.99
2026-05-02 18:00:00 - Wonogiri Dam,135.90717854291523
2026-05-03 06:00:00 - Wonogiri Dam,135.91
2026-05-03 12:00:00 - Wonogiri Dam,135.99
2026-05-03 18:00:00 - Wonogiri Dam,135.90717854291523
2026-05-04 06:00:00 - Wonogiri Dam,135.91
2026-05-04 12:00:00 - Wonogiri Dam,135.99
2026-05-04 18:00:00 - Wonogiri Dam,135.90717854291523
2026-05-05 06:00:00 - Wonogiri Dam,135.91
2026-05-05 12:00:00 - Wonogiri Dam,135.99
2026-05-05 18:00:00 - Wonogiri Dam,135.90717854291523
2026-05-06 06:00:00 - Wonogiri Dam,135.91
2026-05-06 12:00:00 - Wonogiri Dam,135.99
2026-05-06 18:00:00 - Wonogiri Dam,135.90717854291523
2026-05-07 06:00:00 - Wonogiri Dam,135.91
2026-05-07 12:00:00 - Wonogiri Dam,135.99
2026-05-07 18:00:00 - Wonogiri Dam,135.90717854291523
2026-05-08 06:00:00 - Wonogiri Dam,135.91
2026-05-08 12:00:00 - Wonogiri Dam,135.99
2026-05-08 18:00:00 - Wonogiri Dam,135.90717854291523
2026-05-09 06:00:00 - Wonogiri Dam,135.91
2026-05-09 12:00:00 - Wonogiri Dam,135.99
2026-05-09 18:00:00 - Wonogiri Dam,135.90717854291523
2026-05-10 06:00:00 - Wonogiri Dam,135.91
2026-05-10 12:00:00 - Wonogiri Dam,135.99
2026-05-10 18:00:00 - Wonogiri Dam,135.90717854291523
2026-05-11 06:00:00 - Wonogiri Dam,135.91
2026-05-11 12:00:00 - Wonogiri Dam,135.99
2026-05-11 18:00:00 - Wonogiri Dam,135.90717854291523
2026-05-12 06:00:00 - Wonogiri Dam,135.91
2026-05-12 12:00:00 - Wonogiri Dam,135.99
2026-05-12 18:00:00 - Wonogiri Dam,135.90717854291523
2026-05-13 06:00:00 - Wonogiri Dam,135.91
2026-05-13 12:00:00 - Wonogiri Dam,135.99
2026-05-13 18:00:00 - Wonogiri Dam,135.90717854291523
2026-05-14 06:00:00 - Wonogiri Dam,135.91
2026-05-14 12:00:00 - Wonogiri Dam,135.99
2026-05-14 18:00:00 - Wonogiri Dam,135.90717854291523
2026-05-15 06:00:00 - Wonogiri Dam,135.91
2026-05-15 12:00:00 - Wonogiri Dam,135.99
2026-05-15 18:00:00 - Wonogiri Dam,135.90717854291523
2026-05-16 06:00:00 - Wonogiri Dam,135.91
2026-05-16 12:00:00 - Wonogiri Dam,135.99
2026-05-16 18:00:00 - Wonogiri Dam,135.90717854291523
2026-05-17 06:00:00 - Wonogiri Dam,135.91
2026-05-17 12:00:00 - Wonogiri Dam,135.99
2026-05-17 18:00:00 - Wonogiri Dam,135.90717854291523
2026-05-18 06:00:00 - Wonogiri Dam,135.91
2026-05-18 12:00:00 - Wonogiri Dam,135.99
2026-05-18 18:00:00 - Wonogiri Dam,135.90717854291523
